{
  "results": {
    "xnli-mt_nllb-200-1.3B_ar": {
      "acc": 0.5025948103792415,
      "acc_stderr": 0.007064617294679292
    },
    "xnli-mt_nllb-200-1.3B_bg": {
      "acc": 0.5203592814371257,
      "acc_stderr": 0.007058853348299943
    },
    "xnli-mt_nllb-200-1.3B_de": {
      "acc": 0.5141716566866268,
      "acc_stderr": 0.007061874164078172
    },
    "xnli-mt_nllb-200-1.3B_el": {
      "acc": 0.5029940119760479,
      "acc_stderr": 0.007064585770493397
    },
    "xnli-mt_nllb-200-1.3B_es": {
      "acc": 0.5211576846307385,
      "acc_stderr": 0.007058384592010179
    },
    "xnli-mt_nllb-200-1.3B_fr": {
      "acc": 0.5139720558882236,
      "acc_stderr": 0.007061953567682465
    },
    "xnli-mt_nllb-200-1.3B_hi": {
      "acc": 0.4868263473053892,
      "acc_stderr": 0.007062259910811339
    },
    "xnli-mt_nllb-200-1.3B_ru": {
      "acc": 0.5043912175648703,
      "acc_stderr": 0.0070644399693049285
    },
    "xnli-mt_nllb-200-1.3B_sw": {
      "acc": 0.48223552894211574,
      "acc_stderr": 0.007060252107816084
    },
    "xnli-mt_nllb-200-1.3B_th": {
      "acc": 0.4818363273453094,
      "acc_stderr": 0.007060049324579867
    },
    "xnli-mt_nllb-200-1.3B_tr": {
      "acc": 0.499001996007984,
      "acc_stderr": 0.007064698356225165
    },
    "xnli-mt_nllb-200-1.3B_ur": {
      "acc": 0.4616766467065868,
      "acc_stderr": 0.007043930266689757
    },
    "xnli-mt_nllb-200-1.3B_vi": {
      "acc": 0.4998003992015968,
      "acc_stderr": 0.007064711866392126
    },
    "xnli-mt_nllb-200-1.3B_zh": {
      "acc": 0.49181636726546907,
      "acc_stderr": 0.007063766092285604
    },
    "xnli-mt_nllb-200-distilled-1.3B_ar": {
      "acc": 0.49700598802395207,
      "acc_stderr": 0.007064585770493396
    },
    "xnli-mt_nllb-200-distilled-1.3B_bg": {
      "acc": 0.5149700598802395,
      "acc_stderr": 0.007061545277230295
    },
    "xnli-mt_nllb-200-distilled-1.3B_de": {
      "acc": 0.5165668662674651,
      "acc_stderr": 0.007060833387482739
    },
    "xnli-mt_nllb-200-distilled-1.3B_el": {
      "acc": 0.5095808383233533,
      "acc_stderr": 0.007063415335532708
    },
    "xnli-mt_nllb-200-distilled-1.3B_es": {
      "acc": 0.5223552894211577,
      "acc_stderr": 0.007057647590087508
    },
    "xnli-mt_nllb-200-distilled-1.3B_fr": {
      "acc": 0.5223552894211577,
      "acc_stderr": 0.007057647590087508
    },
    "xnli-mt_nllb-200-distilled-1.3B_hi": {
      "acc": 0.49241516966067866,
      "acc_stderr": 0.0070638995216614694
    },
    "xnli-mt_nllb-200-distilled-1.3B_ru": {
      "acc": 0.5001996007984032,
      "acc_stderr": 0.007064711866392128
    },
    "xnli-mt_nllb-200-distilled-1.3B_sw": {
      "acc": 0.4846307385229541,
      "acc_stderr": 0.007061374069795141
    },
    "xnli-mt_nllb-200-distilled-1.3B_th": {
      "acc": 0.4788423153692615,
      "acc_stderr": 0.007058384592010175
    },
    "xnli-mt_nllb-200-distilled-1.3B_tr": {
      "acc": 0.4946107784431138,
      "acc_stderr": 0.007064302046492296
    },
    "xnli-mt_nllb-200-distilled-1.3B_ur": {
      "acc": 0.46986027944111775,
      "acc_stderr": 0.007051865540072122
    },
    "xnli-mt_nllb-200-distilled-1.3B_vi": {
      "acc": 0.5031936127744511,
      "acc_stderr": 0.007064568319545082
    },
    "xnli-mt_nllb-200-distilled-1.3B_zh": {
      "acc": 0.48982035928143713,
      "acc_stderr": 0.007063248114705908
    },
    "xnli-mt_nllb-200-distilled-600M_ar": {
      "acc": 0.4930139720558882,
      "acc_stderr": 0.007064022814920454
    },
    "xnli-mt_nllb-200-distilled-600M_bg": {
      "acc": 0.5141716566866268,
      "acc_stderr": 0.007061874164078161
    },
    "xnli-mt_nllb-200-distilled-600M_de": {
      "acc": 0.5101796407185629,
      "acc_stderr": 0.007063248114705909
    },
    "xnli-mt_nllb-200-distilled-600M_el": {
      "acc": 0.5051896207584831,
      "acc_stderr": 0.007064331883084006
    },
    "xnli-mt_nllb-200-distilled-600M_es": {
      "acc": 0.5167664670658683,
      "acc_stderr": 0.007060739327060846
    },
    "xnli-mt_nllb-200-distilled-600M_fr": {
      "acc": 0.51437125748503,
      "acc_stderr": 0.007061793633269569
    },
    "xnli-mt_nllb-200-distilled-600M_hi": {
      "acc": 0.48962075848303394,
      "acc_stderr": 0.007063190121373249
    },
    "xnli-mt_nllb-200-distilled-600M_ru": {
      "acc": 0.49540918163672654,
      "acc_stderr": 0.007064414636745476
    },
    "xnli-mt_nllb-200-distilled-600M_sw": {
      "acc": 0.47145708582834334,
      "acc_stderr": 0.007053191822382809
    },
    "xnli-mt_nllb-200-distilled-600M_th": {
      "acc": 0.4880239520958084,
      "acc_stderr": 0.007062685615595012
    },
    "xnli-mt_nllb-200-distilled-600M_tr": {
      "acc": 0.5021956087824351,
      "acc_stderr": 0.007064644315297884
    },
    "xnli-mt_nllb-200-distilled-600M_ur": {
      "acc": 0.4594810379241517,
      "acc_stderr": 0.007041476722427076
    },
    "xnli-mt_nllb-200-distilled-600M_vi": {
      "acc": 0.49880239520958086,
      "acc_stderr": 0.007064692164056499
    },
    "xnli-mt_nllb-200-distilled-600M_zh": {
      "acc": 0.49201596806387227,
      "acc_stderr": 0.007063811695013881
    }
  },
  "versions": {
    "xnli-mt_nllb-200-1.3B_ar": 0,
    "xnli-mt_nllb-200-1.3B_bg": 0,
    "xnli-mt_nllb-200-1.3B_de": 0,
    "xnli-mt_nllb-200-1.3B_el": 0,
    "xnli-mt_nllb-200-1.3B_es": 0,
    "xnli-mt_nllb-200-1.3B_fr": 0,
    "xnli-mt_nllb-200-1.3B_hi": 0,
    "xnli-mt_nllb-200-1.3B_ru": 0,
    "xnli-mt_nllb-200-1.3B_sw": 0,
    "xnli-mt_nllb-200-1.3B_th": 0,
    "xnli-mt_nllb-200-1.3B_tr": 0,
    "xnli-mt_nllb-200-1.3B_ur": 0,
    "xnli-mt_nllb-200-1.3B_vi": 0,
    "xnli-mt_nllb-200-1.3B_zh": 0,
    "xnli-mt_nllb-200-distilled-1.3B_ar": 0,
    "xnli-mt_nllb-200-distilled-1.3B_bg": 0,
    "xnli-mt_nllb-200-distilled-1.3B_de": 0,
    "xnli-mt_nllb-200-distilled-1.3B_el": 0,
    "xnli-mt_nllb-200-distilled-1.3B_es": 0,
    "xnli-mt_nllb-200-distilled-1.3B_fr": 0,
    "xnli-mt_nllb-200-distilled-1.3B_hi": 0,
    "xnli-mt_nllb-200-distilled-1.3B_ru": 0,
    "xnli-mt_nllb-200-distilled-1.3B_sw": 0,
    "xnli-mt_nllb-200-distilled-1.3B_th": 0,
    "xnli-mt_nllb-200-distilled-1.3B_tr": 0,
    "xnli-mt_nllb-200-distilled-1.3B_ur": 0,
    "xnli-mt_nllb-200-distilled-1.3B_vi": 0,
    "xnli-mt_nllb-200-distilled-1.3B_zh": 0,
    "xnli-mt_nllb-200-distilled-600M_ar": 0,
    "xnli-mt_nllb-200-distilled-600M_bg": 0,
    "xnli-mt_nllb-200-distilled-600M_de": 0,
    "xnli-mt_nllb-200-distilled-600M_el": 0,
    "xnli-mt_nllb-200-distilled-600M_es": 0,
    "xnli-mt_nllb-200-distilled-600M_fr": 0,
    "xnli-mt_nllb-200-distilled-600M_hi": 0,
    "xnli-mt_nllb-200-distilled-600M_ru": 0,
    "xnli-mt_nllb-200-distilled-600M_sw": 0,
    "xnli-mt_nllb-200-distilled-600M_th": 0,
    "xnli-mt_nllb-200-distilled-600M_tr": 0,
    "xnli-mt_nllb-200-distilled-600M_ur": 0,
    "xnli-mt_nllb-200-distilled-600M_vi": 0,
    "xnli-mt_nllb-200-distilled-600M_zh": 0
  },
  "config": {
    "model": "hf-causal-experimental",
    "model_args": "pretrained=facebook/xglm-4.5B,use_accelerate=True",
    "num_fewshot": 0,
    "batch_size": "auto",
    "device": "cuda",
    "no_cache": true,
    "limit": null,
    "bootstrap_iters": 100000,
    "description_dict": {}
  }
}