{
  "results": {
    "mgsm_bn": {
      "acc": 0.004,
      "acc_stderr": 0.004000000000000001
    },
    "mgsm_de": {
      "acc": 0.016,
      "acc_stderr": 0.007951661188874333
    },
    "mgsm_en": {
      "acc": 0.016,
      "acc_stderr": 0.007951661188874342
    },
    "mgsm_es": {
      "acc": 0.02,
      "acc_stderr": 0.008872139507342683
    },
    "mgsm_fr": {
      "acc": 0.008,
      "acc_stderr": 0.00564548367669017
    },
    "mgsm_ja": {
      "acc": 0.012,
      "acc_stderr": 0.006900323023694262
    },
    "mgsm_ru": {
      "acc": 0.02,
      "acc_stderr": 0.008872139507342683
    },
    "mgsm_sw": {
      "acc": 0.016,
      "acc_stderr": 0.007951661188874333
    },
    "mgsm_te": {
      "acc": 0.012,
      "acc_stderr": 0.006900323023694284
    },
    "mgsm_th": {
      "acc": 0.02,
      "acc_stderr": 0.008872139507342683
    },
    "mgsm_zh": {
      "acc": 0.016,
      "acc_stderr": 0.007951661188874314
    }
  },
  "versions": {
    "mgsm_bn": 0,
    "mgsm_de": 0,
    "mgsm_en": 0,
    "mgsm_es": 0,
    "mgsm_fr": 0,
    "mgsm_ja": 0,
    "mgsm_ru": 0,
    "mgsm_sw": 0,
    "mgsm_te": 0,
    "mgsm_th": 0,
    "mgsm_zh": 0
  },
  "config": {
    "model": "hf-causal-experimental",
    "model_args": "pretrained=facebook/xglm-4.5B,use_accelerate=True,dtype=float16",
    "num_fewshot": 8,
    "batch_size": "1",
    "device": "cuda",
    "no_cache": true,
    "limit": null,
    "bootstrap_iters": 100000,
    "description_dict": {}
  }
}