{
  "results": {
    "xcopa-mt_nllb-200-1.3B_et": {
      "acc": 0.71,
      "acc_stderr": 0.02031317923174519
    },
    "xcopa-mt_nllb-200-1.3B_ht": {
      "acc": 0.676,
      "acc_stderr": 0.020950557312477445
    },
    "xcopa-mt_nllb-200-1.3B_id": {
      "acc": 0.72,
      "acc_stderr": 0.020099950647503226
    },
    "xcopa-mt_nllb-200-1.3B_it": {
      "acc": 0.734,
      "acc_stderr": 0.019780559675655483
    },
    "xcopa-mt_nllb-200-1.3B_qu": {
      "acc": 0.48,
      "acc_stderr": 0.022365160424231336
    },
    "xcopa-mt_nllb-200-1.3B_sw": {
      "acc": 0.696,
      "acc_stderr": 0.020591649571224932
    },
    "xcopa-mt_nllb-200-1.3B_ta": {
      "acc": 0.69,
      "acc_stderr": 0.02070404102172479
    },
    "xcopa-mt_nllb-200-1.3B_th": {
      "acc": 0.62,
      "acc_stderr": 0.021728881438701702
    },
    "xcopa-mt_nllb-200-1.3B_tr": {
      "acc": 0.72,
      "acc_stderr": 0.02009995064750323
    },
    "xcopa-mt_nllb-200-1.3B_vi": {
      "acc": 0.728,
      "acc_stderr": 0.019920483209566072
    },
    "xcopa-mt_nllb-200-1.3B_zh": {
      "acc": 0.714,
      "acc_stderr": 0.02022934632917753
    },
    "xcopa-mt_nllb-200-3.3B_et": {
      "acc": 0.724,
      "acc_stderr": 0.02001121929807353
    },
    "xcopa-mt_nllb-200-3.3B_ht": {
      "acc": 0.682,
      "acc_stderr": 0.020847571620814007
    },
    "xcopa-mt_nllb-200-3.3B_id": {
      "acc": 0.724,
      "acc_stderr": 0.020011219298073535
    },
    "xcopa-mt_nllb-200-3.3B_it": {
      "acc": 0.758,
      "acc_stderr": 0.01917308567833717
    },
    "xcopa-mt_nllb-200-3.3B_qu": {
      "acc": 0.55,
      "acc_stderr": 0.022270877485360437
    },
    "xcopa-mt_nllb-200-3.3B_sw": {
      "acc": 0.708,
      "acc_stderr": 0.020354375480530082
    },
    "xcopa-mt_nllb-200-3.3B_ta": {
      "acc": 0.712,
      "acc_stderr": 0.020271503835075224
    },
    "xcopa-mt_nllb-200-3.3B_th": {
      "acc": 0.624,
      "acc_stderr": 0.02168382753928613
    },
    "xcopa-mt_nllb-200-3.3B_tr": {
      "acc": 0.716,
      "acc_stderr": 0.02018670369357085
    },
    "xcopa-mt_nllb-200-3.3B_vi": {
      "acc": 0.754,
      "acc_stderr": 0.019279819056352548
    },
    "xcopa-mt_nllb-200-3.3B_zh": {
      "acc": 0.738,
      "acc_stderr": 0.019684688820194713
    },
    "xcopa-mt_nllb-200-distilled-1.3B_et": {
      "acc": 0.728,
      "acc_stderr": 0.01992048320956607
    },
    "xcopa-mt_nllb-200-distilled-1.3B_ht": {
      "acc": 0.682,
      "acc_stderr": 0.020847571620814007
    },
    "xcopa-mt_nllb-200-distilled-1.3B_id": {
      "acc": 0.702,
      "acc_stderr": 0.020475118092988968
    },
    "xcopa-mt_nllb-200-distilled-1.3B_it": {
      "acc": 0.762,
      "acc_stderr": 0.019064072958198456
    },
    "xcopa-mt_nllb-200-distilled-1.3B_qu": {
      "acc": 0.566,
      "acc_stderr": 0.02218721580302901
    },
    "xcopa-mt_nllb-200-distilled-1.3B_sw": {
      "acc": 0.654,
      "acc_stderr": 0.021294951277234637
    },
    "xcopa-mt_nllb-200-distilled-1.3B_ta": {
      "acc": 0.704,
      "acc_stderr": 0.020435342091896146
    },
    "xcopa-mt_nllb-200-distilled-1.3B_th": {
      "acc": 0.654,
      "acc_stderr": 0.02129495127723464
    },
    "xcopa-mt_nllb-200-distilled-1.3B_tr": {
      "acc": 0.702,
      "acc_stderr": 0.020475118092988968
    },
    "xcopa-mt_nllb-200-distilled-1.3B_vi": {
      "acc": 0.73,
      "acc_stderr": 0.01987435483128748
    },
    "xcopa-mt_nllb-200-distilled-1.3B_zh": {
      "acc": 0.734,
      "acc_stderr": 0.019780559675655483
    },
    "xcopa-mt_nllb-200-distilled-600M_et": {
      "acc": 0.672,
      "acc_stderr": 0.021017027165175485
    },
    "xcopa-mt_nllb-200-distilled-600M_ht": {
      "acc": 0.638,
      "acc_stderr": 0.021513662527582408
    },
    "xcopa-mt_nllb-200-distilled-600M_id": {
      "acc": 0.678,
      "acc_stderr": 0.02091666833001988
    },
    "xcopa-mt_nllb-200-distilled-600M_it": {
      "acc": 0.718,
      "acc_stderr": 0.02014357284729078
    },
    "xcopa-mt_nllb-200-distilled-600M_qu": {
      "acc": 0.534,
      "acc_stderr": 0.02233126442325838
    },
    "xcopa-mt_nllb-200-distilled-600M_sw": {
      "acc": 0.638,
      "acc_stderr": 0.021513662527582404
    },
    "xcopa-mt_nllb-200-distilled-600M_ta": {
      "acc": 0.632,
      "acc_stderr": 0.021588982568353537
    },
    "xcopa-mt_nllb-200-distilled-600M_th": {
      "acc": 0.614,
      "acc_stderr": 0.02179352921928117
    },
    "xcopa-mt_nllb-200-distilled-600M_tr": {
      "acc": 0.676,
      "acc_stderr": 0.020950557312477462
    },
    "xcopa-mt_nllb-200-distilled-600M_vi": {
      "acc": 0.674,
      "acc_stderr": 0.020984009562393567
    },
    "xcopa-mt_nllb-200-distilled-600M_zh": {
      "acc": 0.678,
      "acc_stderr": 0.02091666833001988
    }
  },
  "versions": {
    "xcopa-mt_nllb-200-1.3B_et": 0,
    "xcopa-mt_nllb-200-1.3B_ht": 0,
    "xcopa-mt_nllb-200-1.3B_id": 0,
    "xcopa-mt_nllb-200-1.3B_it": 0,
    "xcopa-mt_nllb-200-1.3B_qu": 0,
    "xcopa-mt_nllb-200-1.3B_sw": 0,
    "xcopa-mt_nllb-200-1.3B_ta": 0,
    "xcopa-mt_nllb-200-1.3B_th": 0,
    "xcopa-mt_nllb-200-1.3B_tr": 0,
    "xcopa-mt_nllb-200-1.3B_vi": 0,
    "xcopa-mt_nllb-200-1.3B_zh": 0,
    "xcopa-mt_nllb-200-3.3B_et": 0,
    "xcopa-mt_nllb-200-3.3B_ht": 0,
    "xcopa-mt_nllb-200-3.3B_id": 0,
    "xcopa-mt_nllb-200-3.3B_it": 0,
    "xcopa-mt_nllb-200-3.3B_qu": 0,
    "xcopa-mt_nllb-200-3.3B_sw": 0,
    "xcopa-mt_nllb-200-3.3B_ta": 0,
    "xcopa-mt_nllb-200-3.3B_th": 0,
    "xcopa-mt_nllb-200-3.3B_tr": 0,
    "xcopa-mt_nllb-200-3.3B_vi": 0,
    "xcopa-mt_nllb-200-3.3B_zh": 0,
    "xcopa-mt_nllb-200-distilled-1.3B_et": 0,
    "xcopa-mt_nllb-200-distilled-1.3B_ht": 0,
    "xcopa-mt_nllb-200-distilled-1.3B_id": 0,
    "xcopa-mt_nllb-200-distilled-1.3B_it": 0,
    "xcopa-mt_nllb-200-distilled-1.3B_qu": 0,
    "xcopa-mt_nllb-200-distilled-1.3B_sw": 0,
    "xcopa-mt_nllb-200-distilled-1.3B_ta": 0,
    "xcopa-mt_nllb-200-distilled-1.3B_th": 0,
    "xcopa-mt_nllb-200-distilled-1.3B_tr": 0,
    "xcopa-mt_nllb-200-distilled-1.3B_vi": 0,
    "xcopa-mt_nllb-200-distilled-1.3B_zh": 0,
    "xcopa-mt_nllb-200-distilled-600M_et": 0,
    "xcopa-mt_nllb-200-distilled-600M_ht": 0,
    "xcopa-mt_nllb-200-distilled-600M_id": 0,
    "xcopa-mt_nllb-200-distilled-600M_it": 0,
    "xcopa-mt_nllb-200-distilled-600M_qu": 0,
    "xcopa-mt_nllb-200-distilled-600M_sw": 0,
    "xcopa-mt_nllb-200-distilled-600M_ta": 0,
    "xcopa-mt_nllb-200-distilled-600M_th": 0,
    "xcopa-mt_nllb-200-distilled-600M_tr": 0,
    "xcopa-mt_nllb-200-distilled-600M_vi": 0,
    "xcopa-mt_nllb-200-distilled-600M_zh": 0
  },
  "config": {
    "model": "hf-causal-experimental",
    "model_args": "pretrained=tiiuae/falcon-7b-instruct,trust_remote_code=True,dtype=bfloat16",
    "num_fewshot": 0,
    "batch_size": "auto",
    "device": "cuda",
    "no_cache": true,
    "limit": null,
    "bootstrap_iters": 100000,
    "description_dict": {}
  }
}