{
  "results": {
    "xstory_cloze-mt_nllb-200-1.3B_ar": {
      "acc": 0.6743878226340172,
      "acc_stderr": 0.012059150226422273
    },
    "xstory_cloze-mt_nllb-200-1.3B_es": {
      "acc": 0.7035076108537393,
      "acc_stderr": 0.01175310730576363
    },
    "xstory_cloze-mt_nllb-200-1.3B_eu": {
      "acc": 0.686962276637988,
      "acc_stderr": 0.011933732786576634
    },
    "xstory_cloze-mt_nllb-200-1.3B_hi": {
      "acc": 0.698874917273329,
      "acc_stderr": 0.011805509076527741
    },
    "xstory_cloze-mt_nllb-200-1.3B_id": {
      "acc": 0.685638649900728,
      "acc_stderr": 0.011947409363762427
    },
    "xstory_cloze-mt_nllb-200-1.3B_my": {
      "acc": 0.6300463269358041,
      "acc_stderr": 0.012424286002923862
    },
    "xstory_cloze-mt_nllb-200-1.3B_ru": {
      "acc": 0.7127729980145598,
      "acc_stderr": 0.011643935161147865
    },
    "xstory_cloze-mt_nllb-200-1.3B_sw": {
      "acc": 0.6737260092653872,
      "acc_stderr": 0.012065474625979048
    },
    "xstory_cloze-mt_nllb-200-1.3B_te": {
      "acc": 0.6776968894771674,
      "acc_stderr": 0.012027116588107718
    },
    "xstory_cloze-mt_nllb-200-1.3B_zh": {
      "acc": 0.657180675049636,
      "acc_stderr": 0.012214805786067548
    },
    "xstory_cloze-mt_nllb-200-3.3B_ar": {
      "acc": 0.699536730641959,
      "acc_stderr": 0.011798111116208723
    },
    "xstory_cloze-mt_nllb-200-3.3B_es": {
      "acc": 0.7154202514890801,
      "acc_stderr": 0.011611655347089394
    },
    "xstory_cloze-mt_nllb-200-3.3B_eu": {
      "acc": 0.6657842488418266,
      "acc_stderr": 0.012139246810918228
    },
    "xstory_cloze-mt_nllb-200-3.3B_hi": {
      "acc": 0.699536730641959,
      "acc_stderr": 0.01179811111620872
    },
    "xstory_cloze-mt_nllb-200-3.3B_id": {
      "acc": 0.6929185969556585,
      "acc_stderr": 0.011870783739438449
    },
    "xstory_cloze-mt_nllb-200-3.3B_my": {
      "acc": 0.6360026472534746,
      "acc_stderr": 0.012381980068788365
    },
    "xstory_cloze-mt_nllb-200-3.3B_ru": {
      "acc": 0.7326273990734613,
      "acc_stderr": 0.011389680853034753
    },
    "xstory_cloze-mt_nllb-200-3.3B_sw": {
      "acc": 0.6704169424222369,
      "acc_stderr": 0.012096687350589679
    },
    "xstory_cloze-mt_nllb-200-3.3B_te": {
      "acc": 0.6690933156849769,
      "acc_stderr": 0.01210898223313147
    },
    "xstory_cloze-mt_nllb-200-3.3B_zh": {
      "acc": 0.6896095301125083,
      "acc_stderr": 0.011906040152499263
    },
    "xstory_cloze-mt_nllb-200-distilled-1.3B_ar": {
      "acc": 0.6909331568497684,
      "acc_stderr": 0.011892023305070082
    },
    "xstory_cloze-mt_nllb-200-distilled-1.3B_es": {
      "acc": 0.7121111846459298,
      "acc_stderr": 0.011651928906854797
    },
    "xstory_cloze-mt_nllb-200-distilled-1.3B_eu": {
      "acc": 0.6704169424222369,
      "acc_stderr": 0.012096687350589679
    },
    "xstory_cloze-mt_nllb-200-distilled-1.3B_hi": {
      "acc": 0.685638649900728,
      "acc_stderr": 0.011947409363762406
    },
    "xstory_cloze-mt_nllb-200-distilled-1.3B_id": {
      "acc": 0.671078755790867,
      "acc_stderr": 0.012090499234239523
    },
    "xstory_cloze-mt_nllb-200-distilled-1.3B_my": {
      "acc": 0.6227663798808736,
      "acc_stderr": 0.012473240654741195
    },
    "xstory_cloze-mt_nllb-200-distilled-1.3B_ru": {
      "acc": 0.7160820648577101,
      "acc_stderr": 0.01160350886776314
    },
    "xstory_cloze-mt_nllb-200-distilled-1.3B_sw": {
      "acc": 0.6585043017868961,
      "acc_stderr": 0.012203473241214435
    },
    "xstory_cloze-mt_nllb-200-distilled-1.3B_te": {
      "acc": 0.6770350761085374,
      "acc_stderr": 0.012033578346967671
    },
    "xstory_cloze-mt_nllb-200-distilled-1.3B_zh": {
      "acc": 0.6724023825281271,
      "acc_stderr": 0.01207804144298347
    },
    "xstory_cloze-mt_nllb-200-distilled-600M_ar": {
      "acc": 0.6677696889477167,
      "acc_stderr": 0.012121168923544583
    },
    "xstory_cloze-mt_nllb-200-distilled-600M_es": {
      "acc": 0.6955658504301787,
      "acc_stderr": 0.011842062145503249
    },
    "xstory_cloze-mt_nllb-200-distilled-600M_eu": {
      "acc": 0.6684315023163467,
      "acc_stderr": 0.0121150890818801
    },
    "xstory_cloze-mt_nllb-200-distilled-600M_hi": {
      "acc": 0.6624751819986764,
      "acc_stderr": 0.012168840221678046
    },
    "xstory_cloze-mt_nllb-200-distilled-600M_id": {
      "acc": 0.6618133686300464,
      "acc_stderr": 0.012174678796437402
    },
    "xstory_cloze-mt_nllb-200-distilled-600M_my": {
      "acc": 0.5896757114493713,
      "acc_stderr": 0.012658485800663404
    },
    "xstory_cloze-mt_nllb-200-distilled-600M_ru": {
      "acc": 0.6889477167438782,
      "acc_stderr": 0.011913005868907853
    },
    "xstory_cloze-mt_nllb-200-distilled-600M_sw": {
      "acc": 0.6538716082064858,
      "acc_stderr": 0.012242676637496357
    },
    "xstory_cloze-mt_nllb-200-distilled-600M_te": {
      "acc": 0.6578424884182661,
      "acc_stderr": 0.012209152707472847
    },
    "xstory_cloze-mt_nllb-200-distilled-600M_zh": {
      "acc": 0.6360026472534746,
      "acc_stderr": 0.012381980068788363
    }
  },
  "versions": {
    "xstory_cloze-mt_nllb-200-1.3B_ar": 0,
    "xstory_cloze-mt_nllb-200-1.3B_es": 0,
    "xstory_cloze-mt_nllb-200-1.3B_eu": 0,
    "xstory_cloze-mt_nllb-200-1.3B_hi": 0,
    "xstory_cloze-mt_nllb-200-1.3B_id": 0,
    "xstory_cloze-mt_nllb-200-1.3B_my": 0,
    "xstory_cloze-mt_nllb-200-1.3B_ru": 0,
    "xstory_cloze-mt_nllb-200-1.3B_sw": 0,
    "xstory_cloze-mt_nllb-200-1.3B_te": 0,
    "xstory_cloze-mt_nllb-200-1.3B_zh": 0,
    "xstory_cloze-mt_nllb-200-3.3B_ar": 0,
    "xstory_cloze-mt_nllb-200-3.3B_es": 0,
    "xstory_cloze-mt_nllb-200-3.3B_eu": 0,
    "xstory_cloze-mt_nllb-200-3.3B_hi": 0,
    "xstory_cloze-mt_nllb-200-3.3B_id": 0,
    "xstory_cloze-mt_nllb-200-3.3B_my": 0,
    "xstory_cloze-mt_nllb-200-3.3B_ru": 0,
    "xstory_cloze-mt_nllb-200-3.3B_sw": 0,
    "xstory_cloze-mt_nllb-200-3.3B_te": 0,
    "xstory_cloze-mt_nllb-200-3.3B_zh": 0,
    "xstory_cloze-mt_nllb-200-distilled-1.3B_ar": 0,
    "xstory_cloze-mt_nllb-200-distilled-1.3B_es": 0,
    "xstory_cloze-mt_nllb-200-distilled-1.3B_eu": 0,
    "xstory_cloze-mt_nllb-200-distilled-1.3B_hi": 0,
    "xstory_cloze-mt_nllb-200-distilled-1.3B_id": 0,
    "xstory_cloze-mt_nllb-200-distilled-1.3B_my": 0,
    "xstory_cloze-mt_nllb-200-distilled-1.3B_ru": 0,
    "xstory_cloze-mt_nllb-200-distilled-1.3B_sw": 0,
    "xstory_cloze-mt_nllb-200-distilled-1.3B_te": 0,
    "xstory_cloze-mt_nllb-200-distilled-1.3B_zh": 0,
    "xstory_cloze-mt_nllb-200-distilled-600M_ar": 0,
    "xstory_cloze-mt_nllb-200-distilled-600M_es": 0,
    "xstory_cloze-mt_nllb-200-distilled-600M_eu": 0,
    "xstory_cloze-mt_nllb-200-distilled-600M_hi": 0,
    "xstory_cloze-mt_nllb-200-distilled-600M_id": 0,
    "xstory_cloze-mt_nllb-200-distilled-600M_my": 0,
    "xstory_cloze-mt_nllb-200-distilled-600M_ru": 0,
    "xstory_cloze-mt_nllb-200-distilled-600M_sw": 0,
    "xstory_cloze-mt_nllb-200-distilled-600M_te": 0,
    "xstory_cloze-mt_nllb-200-distilled-600M_zh": 0
  },
  "config": {
    "model": "hf-causal-experimental",
    "model_args": "pretrained=/gaueko1/hizkuntza-ereduak/LLaMA/lm/huggingface/30B",
    "num_fewshot": 0,
    "batch_size": "auto",
    "device": "cuda",
    "no_cache": true,
    "limit": null,
    "bootstrap_iters": 100000,
    "description_dict": {}
  }
}