{
  "results": {
    "mgsm-mt_nllb-200-1.3B_bn": {
      "acc": 0.104,
      "acc_stderr": 0.019345100974843883
    },
    "mgsm-mt_nllb-200-1.3B_de": {
      "acc": 0.104,
      "acc_stderr": 0.019345100974843887
    },
    "mgsm-mt_nllb-200-1.3B_es": {
      "acc": 0.1,
      "acc_stderr": 0.019011727515734368
    },
    "mgsm-mt_nllb-200-1.3B_fr": {
      "acc": 0.08,
      "acc_stderr": 0.017192507941462997
    },
    "mgsm-mt_nllb-200-1.3B_ja": {
      "acc": 0.1,
      "acc_stderr": 0.01901172751573438
    },
    "mgsm-mt_nllb-200-1.3B_ru": {
      "acc": 0.108,
      "acc_stderr": 0.01966955938156875
    },
    "mgsm-mt_nllb-200-1.3B_sw": {
      "acc": 0.116,
      "acc_stderr": 0.020293429803083858
    },
    "mgsm-mt_nllb-200-1.3B_te": {
      "acc": 0.084,
      "acc_stderr": 0.01757873852677635
    },
    "mgsm-mt_nllb-200-1.3B_th": {
      "acc": 0.084,
      "acc_stderr": 0.017578738526776355
    },
    "mgsm-mt_nllb-200-1.3B_zh": {
      "acc": 0.104,
      "acc_stderr": 0.019345100974843894
    },
    "mgsm-mt_nllb-200-3.3B_bn": {
      "acc": 0.092,
      "acc_stderr": 0.018316275379429644
    },
    "mgsm-mt_nllb-200-3.3B_de": {
      "acc": 0.108,
      "acc_stderr": 0.01966955938156875
    },
    "mgsm-mt_nllb-200-3.3B_es": {
      "acc": 0.084,
      "acc_stderr": 0.017578738526776345
    },
    "mgsm-mt_nllb-200-3.3B_fr": {
      "acc": 0.124,
      "acc_stderr": 0.02088638225867326
    },
    "mgsm-mt_nllb-200-3.3B_ja": {
      "acc": 0.064,
      "acc_stderr": 0.015510587134374148
    },
    "mgsm-mt_nllb-200-3.3B_ru": {
      "acc": 0.08,
      "acc_stderr": 0.01719250794146297
    },
    "mgsm-mt_nllb-200-3.3B_sw": {
      "acc": 0.096,
      "acc_stderr": 0.01866896141947714
    },
    "mgsm-mt_nllb-200-3.3B_te": {
      "acc": 0.132,
      "acc_stderr": 0.021450980824038107
    },
    "mgsm-mt_nllb-200-3.3B_th": {
      "acc": 0.084,
      "acc_stderr": 0.017578738526776348
    },
    "mgsm-mt_nllb-200-3.3B_zh": {
      "acc": 0.092,
      "acc_stderr": 0.01831627537942964
    },
    "mgsm-mt_nllb-200-distilled-1.3B_bn": {
      "acc": 0.072,
      "acc_stderr": 0.016381005750490105
    },
    "mgsm-mt_nllb-200-distilled-1.3B_de": {
      "acc": 0.096,
      "acc_stderr": 0.01866896141947715
    },
    "mgsm-mt_nllb-200-distilled-1.3B_es": {
      "acc": 0.108,
      "acc_stderr": 0.01966955938156875
    },
    "mgsm-mt_nllb-200-distilled-1.3B_fr": {
      "acc": 0.104,
      "acc_stderr": 0.019345100974843894
    },
    "mgsm-mt_nllb-200-distilled-1.3B_ja": {
      "acc": 0.096,
      "acc_stderr": 0.01866896141947717
    },
    "mgsm-mt_nllb-200-distilled-1.3B_ru": {
      "acc": 0.088,
      "acc_stderr": 0.01795308477705288
    },
    "mgsm-mt_nllb-200-distilled-1.3B_sw": {
      "acc": 0.084,
      "acc_stderr": 0.01757873852677635
    },
    "mgsm-mt_nllb-200-distilled-1.3B_te": {
      "acc": 0.092,
      "acc_stderr": 0.018316275379429644
    },
    "mgsm-mt_nllb-200-distilled-1.3B_th": {
      "acc": 0.08,
      "acc_stderr": 0.01719250794146299
    },
    "mgsm-mt_nllb-200-distilled-1.3B_zh": {
      "acc": 0.072,
      "acc_stderr": 0.016381005750490105
    },
    "mgsm-mt_nllb-200-distilled-600M_bn": {
      "acc": 0.072,
      "acc_stderr": 0.016381005750490105
    },
    "mgsm-mt_nllb-200-distilled-600M_de": {
      "acc": 0.088,
      "acc_stderr": 0.01795308477705288
    },
    "mgsm-mt_nllb-200-distilled-600M_es": {
      "acc": 0.072,
      "acc_stderr": 0.016381005750490105
    },
    "mgsm-mt_nllb-200-distilled-600M_fr": {
      "acc": 0.076,
      "acc_stderr": 0.01679357306785965
    },
    "mgsm-mt_nllb-200-distilled-600M_ja": {
      "acc": 0.06,
      "acc_stderr": 0.015050117079158749
    },
    "mgsm-mt_nllb-200-distilled-600M_ru": {
      "acc": 0.092,
      "acc_stderr": 0.018316275379429644
    },
    "mgsm-mt_nllb-200-distilled-600M_sw": {
      "acc": 0.072,
      "acc_stderr": 0.016381005750490105
    },
    "mgsm-mt_nllb-200-distilled-600M_te": {
      "acc": 0.088,
      "acc_stderr": 0.01795308477705287
    },
    "mgsm-mt_nllb-200-distilled-600M_th": {
      "acc": 0.076,
      "acc_stderr": 0.016793573067859672
    },
    "mgsm-mt_nllb-200-distilled-600M_zh": {
      "acc": 0.06,
      "acc_stderr": 0.015050117079158766
    }
  },
  "versions": {
    "mgsm-mt_nllb-200-1.3B_bn": 0,
    "mgsm-mt_nllb-200-1.3B_de": 0,
    "mgsm-mt_nllb-200-1.3B_es": 0,
    "mgsm-mt_nllb-200-1.3B_fr": 0,
    "mgsm-mt_nllb-200-1.3B_ja": 0,
    "mgsm-mt_nllb-200-1.3B_ru": 0,
    "mgsm-mt_nllb-200-1.3B_sw": 0,
    "mgsm-mt_nllb-200-1.3B_te": 0,
    "mgsm-mt_nllb-200-1.3B_th": 0,
    "mgsm-mt_nllb-200-1.3B_zh": 0,
    "mgsm-mt_nllb-200-3.3B_bn": 0,
    "mgsm-mt_nllb-200-3.3B_de": 0,
    "mgsm-mt_nllb-200-3.3B_es": 0,
    "mgsm-mt_nllb-200-3.3B_fr": 0,
    "mgsm-mt_nllb-200-3.3B_ja": 0,
    "mgsm-mt_nllb-200-3.3B_ru": 0,
    "mgsm-mt_nllb-200-3.3B_sw": 0,
    "mgsm-mt_nllb-200-3.3B_te": 0,
    "mgsm-mt_nllb-200-3.3B_th": 0,
    "mgsm-mt_nllb-200-3.3B_zh": 0,
    "mgsm-mt_nllb-200-distilled-1.3B_bn": 0,
    "mgsm-mt_nllb-200-distilled-1.3B_de": 0,
    "mgsm-mt_nllb-200-distilled-1.3B_es": 0,
    "mgsm-mt_nllb-200-distilled-1.3B_fr": 0,
    "mgsm-mt_nllb-200-distilled-1.3B_ja": 0,
    "mgsm-mt_nllb-200-distilled-1.3B_ru": 0,
    "mgsm-mt_nllb-200-distilled-1.3B_sw": 0,
    "mgsm-mt_nllb-200-distilled-1.3B_te": 0,
    "mgsm-mt_nllb-200-distilled-1.3B_th": 0,
    "mgsm-mt_nllb-200-distilled-1.3B_zh": 0,
    "mgsm-mt_nllb-200-distilled-600M_bn": 0,
    "mgsm-mt_nllb-200-distilled-600M_de": 0,
    "mgsm-mt_nllb-200-distilled-600M_es": 0,
    "mgsm-mt_nllb-200-distilled-600M_fr": 0,
    "mgsm-mt_nllb-200-distilled-600M_ja": 0,
    "mgsm-mt_nllb-200-distilled-600M_ru": 0,
    "mgsm-mt_nllb-200-distilled-600M_sw": 0,
    "mgsm-mt_nllb-200-distilled-600M_te": 0,
    "mgsm-mt_nllb-200-distilled-600M_th": 0,
    "mgsm-mt_nllb-200-distilled-600M_zh": 0
  },
  "config": {
    "model": "hf-causal-experimental",
    "model_args": "pretrained=Salesforce/xgen-7b-8k-inst,dtype=bfloat16,trust_remote_code=True",
    "num_fewshot": 8,
    "batch_size": "auto",
    "batch_sizes": [],
    "device": "cuda",
    "no_cache": true,
    "limit": null,
    "bootstrap_iters": 100000,
    "description_dict": {}
  }
}