{
  "results": {
    "xcopa_et": {
      "acc": 0.49,
      "acc_stderr": 0.02237859698923078
    },
    "xcopa_ht": {
      "acc": 0.494,
      "acc_stderr": 0.022381462412439324
    },
    "xcopa_id": {
      "acc": 0.544,
      "acc_stderr": 0.022296238348407053
    },
    "xcopa_it": {
      "acc": 0.614,
      "acc_stderr": 0.02179352921928118
    },
    "xcopa_qu": {
      "acc": 0.496,
      "acc_stderr": 0.022382357781962132
    },
    "xcopa_sw": {
      "acc": 0.524,
      "acc_stderr": 0.022357273881016403
    },
    "xcopa_ta": {
      "acc": 0.542,
      "acc_stderr": 0.02230396677426994
    },
    "xcopa_th": {
      "acc": 0.552,
      "acc_stderr": 0.02226169729227013
    },
    "xcopa_tr": {
      "acc": 0.526,
      "acc_stderr": 0.02235279165091416
    },
    "xcopa_vi": {
      "acc": 0.53,
      "acc_stderr": 0.022342748192502846
    },
    "xcopa_zh": {
      "acc": 0.582,
      "acc_stderr": 0.022080014812228137
    }
  },
  "versions": {
    "xcopa_et": 0,
    "xcopa_ht": 0,
    "xcopa_id": 0,
    "xcopa_it": 0,
    "xcopa_qu": 0,
    "xcopa_sw": 0,
    "xcopa_ta": 0,
    "xcopa_th": 0,
    "xcopa_tr": 0,
    "xcopa_vi": 0,
    "xcopa_zh": 0
  },
  "config": {
    "model": "hf-causal-experimental",
    "model_args": "pretrained=Salesforce/xgen-7b-8k-inst,dtype=bfloat16",
    "num_fewshot": 0,
    "batch_size": "auto",
    "device": "cuda",
    "no_cache": true,
    "limit": null,
    "bootstrap_iters": 100000,
    "description_dict": {}
  }
}