{
  "results": {
    "xwinograd_en": {
      "acc": 0.8382795698924731,
      "acc_stderr": 0.007637633649215074
    },
    "xwinograd_fr": {
      "acc": 0.6987951807228916,
      "acc_stderr": 0.0506639425494172
    },
    "xwinograd_jp": {
      "acc": 0.5912408759124088,
      "acc_stderr": 0.015883024333082096
    },
    "xwinograd_pt": {
      "acc": 0.6844106463878327,
      "acc_stderr": 0.02871236092422276
    },
    "xwinograd_ru": {
      "acc": 0.653968253968254,
      "acc_stderr": 0.026845499021972884
    },
    "xwinograd_zh": {
      "acc": 0.6150793650793651,
      "acc_stderr": 0.021695376083521404
    }
  },
  "versions": {
    "xwinograd_en": 0,
    "xwinograd_fr": 0,
    "xwinograd_jp": 0,
    "xwinograd_pt": 0,
    "xwinograd_ru": 0,
    "xwinograd_zh": 0
  },
  "config": {
    "model": "hf-causal-experimental",
    "model_args": "pretrained=Salesforce/xgen-7b-8k-inst,dtype=bfloat16",
    "num_fewshot": 0,
    "batch_size": "auto",
    "device": "cuda",
    "no_cache": true,
    "limit": null,
    "bootstrap_iters": 100000,
    "description_dict": {}
  }
}