{
  "results": {
    "pawsx-mt_nllb-200-1.3B_de": {
      "acc": 0.566,
      "acc_stderr": 0.011085280407858918
    },
    "pawsx-mt_nllb-200-1.3B_es": {
      "acc": 0.5525,
      "acc_stderr": 0.011121318125943093
    },
    "pawsx-mt_nllb-200-1.3B_fr": {
      "acc": 0.5705,
      "acc_stderr": 0.011071411973255434
    },
    "pawsx-mt_nllb-200-1.3B_ja": {
      "acc": 0.5475,
      "acc_stderr": 0.011132557743886098
    },
    "pawsx-mt_nllb-200-1.3B_ko": {
      "acc": 0.5115,
      "acc_stderr": 0.011180177690296082
    },
    "pawsx-mt_nllb-200-1.3B_zh": {
      "acc": 0.5345,
      "acc_stderr": 0.011156482803925172
    },
    "pawsx-mt_nllb-200-3.3B_de": {
      "acc": 0.563,
      "acc_stderr": 0.011094009127418978
    },
    "pawsx-mt_nllb-200-3.3B_es": {
      "acc": 0.567,
      "acc_stderr": 0.011082279027990131
    },
    "pawsx-mt_nllb-200-3.3B_fr": {
      "acc": 0.5655,
      "acc_stderr": 0.011086763872590775
    },
    "pawsx-mt_nllb-200-3.3B_ja": {
      "acc": 0.533,
      "acc_stderr": 0.011158752568250668
    },
    "pawsx-mt_nllb-200-3.3B_ko": {
      "acc": 0.528,
      "acc_stderr": 0.011165587094621541
    },
    "pawsx-mt_nllb-200-3.3B_zh": {
      "acc": 0.5315,
      "acc_stderr": 0.011160921022883285
    },
    "pawsx-mt_nllb-200-distilled-1.3B_de": {
      "acc": 0.5695,
      "acc_stderr": 0.011074574398099857
    },
    "pawsx-mt_nllb-200-distilled-1.3B_es": {
      "acc": 0.5585,
      "acc_stderr": 0.011106329288974696
    },
    "pawsx-mt_nllb-200-distilled-1.3B_fr": {
      "acc": 0.5655,
      "acc_stderr": 0.011086763872590775
    },
    "pawsx-mt_nllb-200-distilled-1.3B_ja": {
      "acc": 0.528,
      "acc_stderr": 0.011165587094621537
    },
    "pawsx-mt_nllb-200-distilled-1.3B_ko": {
      "acc": 0.5215,
      "acc_stderr": 0.011172792428275121
    },
    "pawsx-mt_nllb-200-distilled-1.3B_zh": {
      "acc": 0.5365,
      "acc_stderr": 0.011153298751334329
    },
    "pawsx-mt_nllb-200-distilled-600M_de": {
      "acc": 0.555,
      "acc_stderr": 0.011115272135099215
    },
    "pawsx-mt_nllb-200-distilled-600M_es": {
      "acc": 0.548,
      "acc_stderr": 0.011131484850525782
    },
    "pawsx-mt_nllb-200-distilled-600M_fr": {
      "acc": 0.5605,
      "acc_stderr": 0.011100968009384211
    },
    "pawsx-mt_nllb-200-distilled-600M_ja": {
      "acc": 0.527,
      "acc_stderr": 0.011166819105029986
    },
    "pawsx-mt_nllb-200-distilled-600M_ko": {
      "acc": 0.512,
      "acc_stderr": 0.011179914813969712
    },
    "pawsx-mt_nllb-200-distilled-600M_zh": {
      "acc": 0.541,
      "acc_stderr": 0.011145474902641256
    }
  },
  "versions": {
    "pawsx-mt_nllb-200-1.3B_de": 0,
    "pawsx-mt_nllb-200-1.3B_es": 0,
    "pawsx-mt_nllb-200-1.3B_fr": 0,
    "pawsx-mt_nllb-200-1.3B_ja": 0,
    "pawsx-mt_nllb-200-1.3B_ko": 0,
    "pawsx-mt_nllb-200-1.3B_zh": 0,
    "pawsx-mt_nllb-200-3.3B_de": 0,
    "pawsx-mt_nllb-200-3.3B_es": 0,
    "pawsx-mt_nllb-200-3.3B_fr": 0,
    "pawsx-mt_nllb-200-3.3B_ja": 0,
    "pawsx-mt_nllb-200-3.3B_ko": 0,
    "pawsx-mt_nllb-200-3.3B_zh": 0,
    "pawsx-mt_nllb-200-distilled-1.3B_de": 0,
    "pawsx-mt_nllb-200-distilled-1.3B_es": 0,
    "pawsx-mt_nllb-200-distilled-1.3B_fr": 0,
    "pawsx-mt_nllb-200-distilled-1.3B_ja": 0,
    "pawsx-mt_nllb-200-distilled-1.3B_ko": 0,
    "pawsx-mt_nllb-200-distilled-1.3B_zh": 0,
    "pawsx-mt_nllb-200-distilled-600M_de": 0,
    "pawsx-mt_nllb-200-distilled-600M_es": 0,
    "pawsx-mt_nllb-200-distilled-600M_fr": 0,
    "pawsx-mt_nllb-200-distilled-600M_ja": 0,
    "pawsx-mt_nllb-200-distilled-600M_ko": 0,
    "pawsx-mt_nllb-200-distilled-600M_zh": 0
  },
  "config": {
    "model": "hf-causal-experimental",
    "model_args": "pretrained=bigscience/bloom-3b",
    "num_fewshot": 0,
    "batch_size": "auto",
    "device": "cuda",
    "no_cache": true,
    "limit": null,
    "bootstrap_iters": 100000,
    "description_dict": {}
  }
}