{
  "results": {
    "xcopa-mt_nllb-200-1.3B_et": {
      "acc": 0.666,
      "acc_stderr": 0.021113492347743745
    },
    "xcopa-mt_nllb-200-1.3B_ht": {
      "acc": 0.656,
      "acc_stderr": 0.02126575803797874
    },
    "xcopa-mt_nllb-200-1.3B_id": {
      "acc": 0.694,
      "acc_stderr": 0.02062956999834539
    },
    "xcopa-mt_nllb-200-1.3B_it": {
      "acc": 0.664,
      "acc_stderr": 0.021144791425048836
    },
    "xcopa-mt_nllb-200-1.3B_qu": {
      "acc": 0.486,
      "acc_stderr": 0.022374298166353196
    },
    "xcopa-mt_nllb-200-1.3B_sw": {
      "acc": 0.638,
      "acc_stderr": 0.021513662527582404
    },
    "xcopa-mt_nllb-200-1.3B_ta": {
      "acc": 0.634,
      "acc_stderr": 0.021564276850201618
    },
    "xcopa-mt_nllb-200-1.3B_th": {
      "acc": 0.604,
      "acc_stderr": 0.021893529941665813
    },
    "xcopa-mt_nllb-200-1.3B_tr": {
      "acc": 0.704,
      "acc_stderr": 0.020435342091896142
    },
    "xcopa-mt_nllb-200-1.3B_vi": {
      "acc": 0.672,
      "acc_stderr": 0.02101702716517548
    },
    "xcopa-mt_nllb-200-1.3B_zh": {
      "acc": 0.668,
      "acc_stderr": 0.021081766571222856
    },
    "xcopa-mt_nllb-200-3.3B_et": {
      "acc": 0.704,
      "acc_stderr": 0.020435342091896142
    },
    "xcopa-mt_nllb-200-3.3B_ht": {
      "acc": 0.654,
      "acc_stderr": 0.021294951277234637
    },
    "xcopa-mt_nllb-200-3.3B_id": {
      "acc": 0.676,
      "acc_stderr": 0.020950557312477462
    },
    "xcopa-mt_nllb-200-3.3B_it": {
      "acc": 0.714,
      "acc_stderr": 0.020229346329177524
    },
    "xcopa-mt_nllb-200-3.3B_qu": {
      "acc": 0.516,
      "acc_stderr": 0.022371610982580396
    },
    "xcopa-mt_nllb-200-3.3B_sw": {
      "acc": 0.66,
      "acc_stderr": 0.021206117013673066
    },
    "xcopa-mt_nllb-200-3.3B_ta": {
      "acc": 0.66,
      "acc_stderr": 0.021206117013673066
    },
    "xcopa-mt_nllb-200-3.3B_th": {
      "acc": 0.616,
      "acc_stderr": 0.021772369465547187
    },
    "xcopa-mt_nllb-200-3.3B_tr": {
      "acc": 0.678,
      "acc_stderr": 0.020916668330019882
    },
    "xcopa-mt_nllb-200-3.3B_vi": {
      "acc": 0.674,
      "acc_stderr": 0.020984009562393574
    },
    "xcopa-mt_nllb-200-3.3B_zh": {
      "acc": 0.666,
      "acc_stderr": 0.02111349234774374
    },
    "xcopa-mt_nllb-200-distilled-1.3B_et": {
      "acc": 0.68,
      "acc_stderr": 0.020882340488761805
    },
    "xcopa-mt_nllb-200-distilled-1.3B_ht": {
      "acc": 0.656,
      "acc_stderr": 0.02126575803797874
    },
    "xcopa-mt_nllb-200-distilled-1.3B_id": {
      "acc": 0.652,
      "acc_stderr": 0.021323728632807498
    },
    "xcopa-mt_nllb-200-distilled-1.3B_it": {
      "acc": 0.69,
      "acc_stderr": 0.020704041021724788
    },
    "xcopa-mt_nllb-200-distilled-1.3B_qu": {
      "acc": 0.568,
      "acc_stderr": 0.02217510926561317
    },
    "xcopa-mt_nllb-200-distilled-1.3B_sw": {
      "acc": 0.636,
      "acc_stderr": 0.021539170637317688
    },
    "xcopa-mt_nllb-200-distilled-1.3B_ta": {
      "acc": 0.644,
      "acc_stderr": 0.021434712356072663
    },
    "xcopa-mt_nllb-200-distilled-1.3B_th": {
      "acc": 0.646,
      "acc_stderr": 0.021407582047916447
    },
    "xcopa-mt_nllb-200-distilled-1.3B_tr": {
      "acc": 0.666,
      "acc_stderr": 0.021113492347743745
    },
    "xcopa-mt_nllb-200-distilled-1.3B_vi": {
      "acc": 0.68,
      "acc_stderr": 0.0208823404887618
    },
    "xcopa-mt_nllb-200-distilled-1.3B_zh": {
      "acc": 0.696,
      "acc_stderr": 0.02059164957122493
    },
    "xcopa-mt_nllb-200-distilled-600M_et": {
      "acc": 0.65,
      "acc_stderr": 0.021352091786223097
    },
    "xcopa-mt_nllb-200-distilled-600M_ht": {
      "acc": 0.622,
      "acc_stderr": 0.021706550824518184
    },
    "xcopa-mt_nllb-200-distilled-600M_id": {
      "acc": 0.664,
      "acc_stderr": 0.021144791425048843
    },
    "xcopa-mt_nllb-200-distilled-600M_it": {
      "acc": 0.678,
      "acc_stderr": 0.02091666833001988
    },
    "xcopa-mt_nllb-200-distilled-600M_qu": {
      "acc": 0.522,
      "acc_stderr": 0.02236139673920788
    },
    "xcopa-mt_nllb-200-distilled-600M_sw": {
      "acc": 0.596,
      "acc_stderr": 0.021966635293832918
    },
    "xcopa-mt_nllb-200-distilled-600M_ta": {
      "acc": 0.618,
      "acc_stderr": 0.02175082059125084
    },
    "xcopa-mt_nllb-200-distilled-600M_th": {
      "acc": 0.62,
      "acc_stderr": 0.02172888143870171
    },
    "xcopa-mt_nllb-200-distilled-600M_tr": {
      "acc": 0.676,
      "acc_stderr": 0.020950557312477455
    },
    "xcopa-mt_nllb-200-distilled-600M_vi": {
      "acc": 0.664,
      "acc_stderr": 0.02114479142504885
    },
    "xcopa-mt_nllb-200-distilled-600M_zh": {
      "acc": 0.664,
      "acc_stderr": 0.021144791425048843
    }
  },
  "versions": {
    "xcopa-mt_nllb-200-1.3B_et": 0,
    "xcopa-mt_nllb-200-1.3B_ht": 0,
    "xcopa-mt_nllb-200-1.3B_id": 0,
    "xcopa-mt_nllb-200-1.3B_it": 0,
    "xcopa-mt_nllb-200-1.3B_qu": 0,
    "xcopa-mt_nllb-200-1.3B_sw": 0,
    "xcopa-mt_nllb-200-1.3B_ta": 0,
    "xcopa-mt_nllb-200-1.3B_th": 0,
    "xcopa-mt_nllb-200-1.3B_tr": 0,
    "xcopa-mt_nllb-200-1.3B_vi": 0,
    "xcopa-mt_nllb-200-1.3B_zh": 0,
    "xcopa-mt_nllb-200-3.3B_et": 0,
    "xcopa-mt_nllb-200-3.3B_ht": 0,
    "xcopa-mt_nllb-200-3.3B_id": 0,
    "xcopa-mt_nllb-200-3.3B_it": 0,
    "xcopa-mt_nllb-200-3.3B_qu": 0,
    "xcopa-mt_nllb-200-3.3B_sw": 0,
    "xcopa-mt_nllb-200-3.3B_ta": 0,
    "xcopa-mt_nllb-200-3.3B_th": 0,
    "xcopa-mt_nllb-200-3.3B_tr": 0,
    "xcopa-mt_nllb-200-3.3B_vi": 0,
    "xcopa-mt_nllb-200-3.3B_zh": 0,
    "xcopa-mt_nllb-200-distilled-1.3B_et": 0,
    "xcopa-mt_nllb-200-distilled-1.3B_ht": 0,
    "xcopa-mt_nllb-200-distilled-1.3B_id": 0,
    "xcopa-mt_nllb-200-distilled-1.3B_it": 0,
    "xcopa-mt_nllb-200-distilled-1.3B_qu": 0,
    "xcopa-mt_nllb-200-distilled-1.3B_sw": 0,
    "xcopa-mt_nllb-200-distilled-1.3B_ta": 0,
    "xcopa-mt_nllb-200-distilled-1.3B_th": 0,
    "xcopa-mt_nllb-200-distilled-1.3B_tr": 0,
    "xcopa-mt_nllb-200-distilled-1.3B_vi": 0,
    "xcopa-mt_nllb-200-distilled-1.3B_zh": 0,
    "xcopa-mt_nllb-200-distilled-600M_et": 0,
    "xcopa-mt_nllb-200-distilled-600M_ht": 0,
    "xcopa-mt_nllb-200-distilled-600M_id": 0,
    "xcopa-mt_nllb-200-distilled-600M_it": 0,
    "xcopa-mt_nllb-200-distilled-600M_qu": 0,
    "xcopa-mt_nllb-200-distilled-600M_sw": 0,
    "xcopa-mt_nllb-200-distilled-600M_ta": 0,
    "xcopa-mt_nllb-200-distilled-600M_th": 0,
    "xcopa-mt_nllb-200-distilled-600M_tr": 0,
    "xcopa-mt_nllb-200-distilled-600M_vi": 0,
    "xcopa-mt_nllb-200-distilled-600M_zh": 0
  },
  "config": {
    "model": "hf-causal-experimental",
    "model_args": "pretrained=bigscience/bloom-3b",
    "num_fewshot": 0,
    "batch_size": "auto",
    "device": "cuda",
    "no_cache": true,
    "limit": null,
    "bootstrap_iters": 100000,
    "description_dict": {}
  }
}