{
  "results": {
    "xnli-mt_nllb-200-1.3B_ar": {
      "acc": 0.5083832335329341,
      "acc_stderr": 0.007063719363258258
    },
    "xnli-mt_nllb-200-1.3B_bg": {
      "acc": 0.5165668662674651,
      "acc_stderr": 0.00706083338748274
    },
    "xnli-mt_nllb-200-1.3B_de": {
      "acc": 0.5171656686626747,
      "acc_stderr": 0.007060547822928963
    },
    "xnli-mt_nllb-200-1.3B_el": {
      "acc": 0.5131736526946108,
      "acc_stderr": 0.00706225991081134
    },
    "xnli-mt_nllb-200-1.3B_es": {
      "acc": 0.5297405189620759,
      "acc_stderr": 0.0070522039010950735
    },
    "xnli-mt_nllb-200-1.3B_fr": {
      "acc": 0.5195608782435129,
      "acc_stderr": 0.007059304046147469
    },
    "xnli-mt_nllb-200-1.3B_hi": {
      "acc": 0.5045908183632735,
      "acc_stderr": 0.007064414636745471
    },
    "xnli-mt_nllb-200-1.3B_ru": {
      "acc": 0.5075848303393213,
      "acc_stderr": 0.007063899521661472
    },
    "xnli-mt_nllb-200-1.3B_sw": {
      "acc": 0.4946107784431138,
      "acc_stderr": 0.007064302046492294
    },
    "xnli-mt_nllb-200-1.3B_th": {
      "acc": 0.49860279441117766,
      "acc_stderr": 0.007064684846032156
    },
    "xnli-mt_nllb-200-1.3B_tr": {
      "acc": 0.5131736526946108,
      "acc_stderr": 0.00706225991081134
    },
    "xnli-mt_nllb-200-1.3B_ur": {
      "acc": 0.47784431137724553,
      "acc_stderr": 0.0070577732464687445
    },
    "xnli-mt_nllb-200-1.3B_vi": {
      "acc": 0.5131736526946108,
      "acc_stderr": 0.007062259910811339
    },
    "xnli-mt_nllb-200-1.3B_zh": {
      "acc": 0.4998003992015968,
      "acc_stderr": 0.0070647118663921295
    },
    "xnli-mt_nllb-200-distilled-1.3B_ar": {
      "acc": 0.5079840319361277,
      "acc_stderr": 0.007063811695013907
    },
    "xnli-mt_nllb-200-distilled-1.3B_bg": {
      "acc": 0.5119760479041916,
      "acc_stderr": 0.007062685615594999
    },
    "xnli-mt_nllb-200-distilled-1.3B_de": {
      "acc": 0.5191616766467065,
      "acc_stderr": 0.0070595226242420196
    },
    "xnli-mt_nllb-200-distilled-1.3B_el": {
      "acc": 0.5191616766467065,
      "acc_stderr": 0.0070595226242420196
    },
    "xnli-mt_nllb-200-distilled-1.3B_es": {
      "acc": 0.5243512974051896,
      "acc_stderr": 0.0070563289083730475
    },
    "xnli-mt_nllb-200-distilled-1.3B_fr": {
      "acc": 0.5129740518962076,
      "acc_stderr": 0.007062333678954122
    },
    "xnli-mt_nllb-200-distilled-1.3B_hi": {
      "acc": 0.5025948103792415,
      "acc_stderr": 0.007064617294679294
    },
    "xnli-mt_nllb-200-distilled-1.3B_ru": {
      "acc": 0.5017964071856288,
      "acc_stderr": 0.007064666832401391
    },
    "xnli-mt_nllb-200-distilled-1.3B_sw": {
      "acc": 0.49780439121756487,
      "acc_stderr": 0.0070646443152978826
    },
    "xnli-mt_nllb-200-distilled-1.3B_th": {
      "acc": 0.48363273453093814,
      "acc_stderr": 0.00706092632020187
    },
    "xnli-mt_nllb-200-distilled-1.3B_tr": {
      "acc": 0.506187624750499,
      "acc_stderr": 0.007064171439550579
    },
    "xnli-mt_nllb-200-distilled-1.3B_ur": {
      "acc": 0.4754491017964072,
      "acc_stderr": 0.00705619082701876
    },
    "xnli-mt_nllb-200-distilled-1.3B_vi": {
      "acc": 0.5129740518962076,
      "acc_stderr": 0.007062333678954122
    },
    "xnli-mt_nllb-200-distilled-1.3B_zh": {
      "acc": 0.511377245508982,
      "acc_stderr": 0.007062883255522488
    },
    "xnli-mt_nllb-200-distilled-600M_ar": {
      "acc": 0.5051896207584831,
      "acc_stderr": 0.007064331883084002
    },
    "xnli-mt_nllb-200-distilled-600M_bg": {
      "acc": 0.5163672654690619,
      "acc_stderr": 0.0070609263202018714
    },
    "xnli-mt_nllb-200-distilled-600M_de": {
      "acc": 0.512375249500998,
      "acc_stderr": 0.007062548221617223
    },
    "xnli-mt_nllb-200-distilled-600M_el": {
      "acc": 0.5085828343313373,
      "acc_stderr": 0.0070636715079099265
    },
    "xnli-mt_nllb-200-distilled-600M_es": {
      "acc": 0.5253493013972056,
      "acc_stderr": 0.00705562720162828
    },
    "xnli-mt_nllb-200-distilled-600M_fr": {
      "acc": 0.5057884231536927,
      "acc_stderr": 0.007064238995166633
    },
    "xnli-mt_nllb-200-distilled-600M_hi": {
      "acc": 0.49481037924151694,
      "acc_stderr": 0.007064331883084002
    },
    "xnli-mt_nllb-200-distilled-600M_ru": {
      "acc": 0.5,
      "acc_stderr": 0.00706471242931543
    },
    "xnli-mt_nllb-200-distilled-600M_sw": {
      "acc": 0.48962075848303394,
      "acc_stderr": 0.007063190121373255
    },
    "xnli-mt_nllb-200-distilled-600M_th": {
      "acc": 0.49201596806387227,
      "acc_stderr": 0.007063811695013903
    },
    "xnli-mt_nllb-200-distilled-600M_tr": {
      "acc": 0.5039920159680639,
      "acc_stderr": 0.007064487256507019
    },
    "xnli-mt_nllb-200-distilled-600M_ur": {
      "acc": 0.4818363273453094,
      "acc_stderr": 0.007060049324579867
    },
    "xnli-mt_nllb-200-distilled-600M_vi": {
      "acc": 0.5081836327345309,
      "acc_stderr": 0.007063766092285595
    },
    "xnli-mt_nllb-200-distilled-600M_zh": {
      "acc": 0.49800399201596807,
      "acc_stderr": 0.007064656136786094
    }
  },
  "versions": {
    "xnli-mt_nllb-200-1.3B_ar": 0,
    "xnli-mt_nllb-200-1.3B_bg": 0,
    "xnli-mt_nllb-200-1.3B_de": 0,
    "xnli-mt_nllb-200-1.3B_el": 0,
    "xnli-mt_nllb-200-1.3B_es": 0,
    "xnli-mt_nllb-200-1.3B_fr": 0,
    "xnli-mt_nllb-200-1.3B_hi": 0,
    "xnli-mt_nllb-200-1.3B_ru": 0,
    "xnli-mt_nllb-200-1.3B_sw": 0,
    "xnli-mt_nllb-200-1.3B_th": 0,
    "xnli-mt_nllb-200-1.3B_tr": 0,
    "xnli-mt_nllb-200-1.3B_ur": 0,
    "xnli-mt_nllb-200-1.3B_vi": 0,
    "xnli-mt_nllb-200-1.3B_zh": 0,
    "xnli-mt_nllb-200-distilled-1.3B_ar": 0,
    "xnli-mt_nllb-200-distilled-1.3B_bg": 0,
    "xnli-mt_nllb-200-distilled-1.3B_de": 0,
    "xnli-mt_nllb-200-distilled-1.3B_el": 0,
    "xnli-mt_nllb-200-distilled-1.3B_es": 0,
    "xnli-mt_nllb-200-distilled-1.3B_fr": 0,
    "xnli-mt_nllb-200-distilled-1.3B_hi": 0,
    "xnli-mt_nllb-200-distilled-1.3B_ru": 0,
    "xnli-mt_nllb-200-distilled-1.3B_sw": 0,
    "xnli-mt_nllb-200-distilled-1.3B_th": 0,
    "xnli-mt_nllb-200-distilled-1.3B_tr": 0,
    "xnli-mt_nllb-200-distilled-1.3B_ur": 0,
    "xnli-mt_nllb-200-distilled-1.3B_vi": 0,
    "xnli-mt_nllb-200-distilled-1.3B_zh": 0,
    "xnli-mt_nllb-200-distilled-600M_ar": 0,
    "xnli-mt_nllb-200-distilled-600M_bg": 0,
    "xnli-mt_nllb-200-distilled-600M_de": 0,
    "xnli-mt_nllb-200-distilled-600M_el": 0,
    "xnli-mt_nllb-200-distilled-600M_es": 0,
    "xnli-mt_nllb-200-distilled-600M_fr": 0,
    "xnli-mt_nllb-200-distilled-600M_hi": 0,
    "xnli-mt_nllb-200-distilled-600M_ru": 0,
    "xnli-mt_nllb-200-distilled-600M_sw": 0,
    "xnli-mt_nllb-200-distilled-600M_th": 0,
    "xnli-mt_nllb-200-distilled-600M_tr": 0,
    "xnli-mt_nllb-200-distilled-600M_ur": 0,
    "xnli-mt_nllb-200-distilled-600M_vi": 0,
    "xnli-mt_nllb-200-distilled-600M_zh": 0
  },
  "config": {
    "model": "hf-causal-experimental",
    "model_args": "pretrained=bigscience/bloom-3b",
    "num_fewshot": 0,
    "batch_size": "auto",
    "device": "cuda",
    "no_cache": true,
    "limit": null,
    "bootstrap_iters": 100000,
    "description_dict": {}
  }
}