{
  "results": {
    "xstory_cloze-mt_nllb-200-1.3B_ar": {
      "acc": 0.6101919258769027,
      "acc_stderr": 0.012550764190647002
    },
    "xstory_cloze-mt_nllb-200-1.3B_es": {
      "acc": 0.6360026472534746,
      "acc_stderr": 0.012381980068788365
    },
    "xstory_cloze-mt_nllb-200-1.3B_eu": {
      "acc": 0.6320317670416943,
      "acc_stderr": 0.012410410404915691
    },
    "xstory_cloze-mt_nllb-200-1.3B_hi": {
      "acc": 0.6260754467240238,
      "acc_stderr": 0.012451361842944481
    },
    "xstory_cloze-mt_nllb-200-1.3B_id": {
      "acc": 0.6022501654533422,
      "acc_stderr": 0.012595197856703523
    },
    "xstory_cloze-mt_nllb-200-1.3B_my": {
      "acc": 0.5962938451356717,
      "acc_stderr": 0.012626249735246583
    },
    "xstory_cloze-mt_nllb-200-1.3B_ru": {
      "acc": 0.6373262739907346,
      "acc_stderr": 0.012372301216772914
    },
    "xstory_cloze-mt_nllb-200-1.3B_sw": {
      "acc": 0.6115155526141628,
      "acc_stderr": 0.01254301952316032
    },
    "xstory_cloze-mt_nllb-200-1.3B_te": {
      "acc": 0.6260754467240238,
      "acc_stderr": 0.012451361842944457
    },
    "xstory_cloze-mt_nllb-200-1.3B_zh": {
      "acc": 0.6062210456651225,
      "acc_stderr": 0.012573415912965187
    },
    "xstory_cloze-mt_nllb-200-3.3B_ar": {
      "acc": 0.6201191264063534,
      "acc_stderr": 0.012490298101718169
    },
    "xstory_cloze-mt_nllb-200-3.3B_es": {
      "acc": 0.6366644606221046,
      "acc_stderr": 0.012377153306613266
    },
    "xstory_cloze-mt_nllb-200-3.3B_eu": {
      "acc": 0.6022501654533422,
      "acc_stderr": 0.012595197856703521
    },
    "xstory_cloze-mt_nllb-200-3.3B_hi": {
      "acc": 0.6406353408338848,
      "acc_stderr": 0.012347659802101675
    },
    "xstory_cloze-mt_nllb-200-3.3B_id": {
      "acc": 0.6340172071475844,
      "acc_stderr": 0.01239630868439937
    },
    "xstory_cloze-mt_nllb-200-3.3B_my": {
      "acc": 0.5936465916611515,
      "acc_stderr": 0.01263942942038987
    },
    "xstory_cloze-mt_nllb-200-3.3B_ru": {
      "acc": 0.6479152878888154,
      "acc_stderr": 0.012291198261674565
    },
    "xstory_cloze-mt_nllb-200-3.3B_sw": {
      "acc": 0.6029119788219722,
      "acc_stderr": 0.012591627740247465
    },
    "xstory_cloze-mt_nllb-200-3.3B_te": {
      "acc": 0.6320317670416943,
      "acc_stderr": 0.012410410404915695
    },
    "xstory_cloze-mt_nllb-200-3.3B_zh": {
      "acc": 0.6214427531436135,
      "acc_stderr": 0.012481818770003606
    },
    "xstory_cloze-mt_nllb-200-distilled-1.3B_ar": {
      "acc": 0.6161482461945731,
      "acc_stderr": 0.012515145391728877
    },
    "xstory_cloze-mt_nllb-200-distilled-1.3B_es": {
      "acc": 0.6346790205162144,
      "acc_stderr": 0.012391557728373997
    },
    "xstory_cloze-mt_nllb-200-distilled-1.3B_eu": {
      "acc": 0.6254136333553938,
      "acc_stderr": 0.01245578725485247
    },
    "xstory_cloze-mt_nllb-200-distilled-1.3B_hi": {
      "acc": 0.6221045665122436,
      "acc_stderr": 0.012477542072994658
    },
    "xstory_cloze-mt_nllb-200-distilled-1.3B_id": {
      "acc": 0.613500992720053,
      "acc_stderr": 0.012531219943771488
    },
    "xstory_cloze-mt_nllb-200-distilled-1.3B_my": {
      "acc": 0.5777630708140304,
      "acc_stderr": 0.012710555263676445
    },
    "xstory_cloze-mt_nllb-200-distilled-1.3B_ru": {
      "acc": 0.6307081403044341,
      "acc_stderr": 0.01241968588127358
    },
    "xstory_cloze-mt_nllb-200-distilled-1.3B_sw": {
      "acc": 0.5982792852415619,
      "acc_stderr": 0.012616114526927923
    },
    "xstory_cloze-mt_nllb-200-distilled-1.3B_te": {
      "acc": 0.6234281932495036,
      "acc_stderr": 0.012468914489659352
    },
    "xstory_cloze-mt_nllb-200-distilled-1.3B_zh": {
      "acc": 0.6088682991396426,
      "acc_stderr": 0.012558411693622696
    },
    "xstory_cloze-mt_nllb-200-distilled-600M_ar": {
      "acc": 0.6082064857710126,
      "acc_stderr": 0.012562199063960658
    },
    "xstory_cloze-mt_nllb-200-distilled-600M_es": {
      "acc": 0.6194573130377233,
      "acc_stderr": 0.012494500786685342
    },
    "xstory_cloze-mt_nllb-200-distilled-600M_eu": {
      "acc": 0.6088682991396426,
      "acc_stderr": 0.012558411693622689
    },
    "xstory_cloze-mt_nllb-200-distilled-600M_hi": {
      "acc": 0.6128391793514228,
      "acc_stderr": 0.012535177511067369
    },
    "xstory_cloze-mt_nllb-200-distilled-600M_id": {
      "acc": 0.6075446724023825,
      "acc_stderr": 0.012565962209486536
    },
    "xstory_cloze-mt_nllb-200-distilled-600M_my": {
      "acc": 0.5638649900727994,
      "acc_stderr": 0.012761730431435758
    },
    "xstory_cloze-mt_nllb-200-distilled-600M_ru": {
      "acc": 0.6273990734612839,
      "acc_stderr": 0.012442436359907109
    },
    "xstory_cloze-mt_nllb-200-distilled-600M_sw": {
      "acc": 0.585704831237591,
      "acc_stderr": 0.012676689821720669
    },
    "xstory_cloze-mt_nllb-200-distilled-600M_te": {
      "acc": 0.6227663798808736,
      "acc_stderr": 0.012473240654741183
    },
    "xstory_cloze-mt_nllb-200-distilled-600M_zh": {
      "acc": 0.5883520847121112,
      "acc_stderr": 0.01266464832921409
    }
  },
  "versions": {
    "xstory_cloze-mt_nllb-200-1.3B_ar": 0,
    "xstory_cloze-mt_nllb-200-1.3B_es": 0,
    "xstory_cloze-mt_nllb-200-1.3B_eu": 0,
    "xstory_cloze-mt_nllb-200-1.3B_hi": 0,
    "xstory_cloze-mt_nllb-200-1.3B_id": 0,
    "xstory_cloze-mt_nllb-200-1.3B_my": 0,
    "xstory_cloze-mt_nllb-200-1.3B_ru": 0,
    "xstory_cloze-mt_nllb-200-1.3B_sw": 0,
    "xstory_cloze-mt_nllb-200-1.3B_te": 0,
    "xstory_cloze-mt_nllb-200-1.3B_zh": 0,
    "xstory_cloze-mt_nllb-200-3.3B_ar": 0,
    "xstory_cloze-mt_nllb-200-3.3B_es": 0,
    "xstory_cloze-mt_nllb-200-3.3B_eu": 0,
    "xstory_cloze-mt_nllb-200-3.3B_hi": 0,
    "xstory_cloze-mt_nllb-200-3.3B_id": 0,
    "xstory_cloze-mt_nllb-200-3.3B_my": 0,
    "xstory_cloze-mt_nllb-200-3.3B_ru": 0,
    "xstory_cloze-mt_nllb-200-3.3B_sw": 0,
    "xstory_cloze-mt_nllb-200-3.3B_te": 0,
    "xstory_cloze-mt_nllb-200-3.3B_zh": 0,
    "xstory_cloze-mt_nllb-200-distilled-1.3B_ar": 0,
    "xstory_cloze-mt_nllb-200-distilled-1.3B_es": 0,
    "xstory_cloze-mt_nllb-200-distilled-1.3B_eu": 0,
    "xstory_cloze-mt_nllb-200-distilled-1.3B_hi": 0,
    "xstory_cloze-mt_nllb-200-distilled-1.3B_id": 0,
    "xstory_cloze-mt_nllb-200-distilled-1.3B_my": 0,
    "xstory_cloze-mt_nllb-200-distilled-1.3B_ru": 0,
    "xstory_cloze-mt_nllb-200-distilled-1.3B_sw": 0,
    "xstory_cloze-mt_nllb-200-distilled-1.3B_te": 0,
    "xstory_cloze-mt_nllb-200-distilled-1.3B_zh": 0,
    "xstory_cloze-mt_nllb-200-distilled-600M_ar": 0,
    "xstory_cloze-mt_nllb-200-distilled-600M_es": 0,
    "xstory_cloze-mt_nllb-200-distilled-600M_eu": 0,
    "xstory_cloze-mt_nllb-200-distilled-600M_hi": 0,
    "xstory_cloze-mt_nllb-200-distilled-600M_id": 0,
    "xstory_cloze-mt_nllb-200-distilled-600M_my": 0,
    "xstory_cloze-mt_nllb-200-distilled-600M_ru": 0,
    "xstory_cloze-mt_nllb-200-distilled-600M_sw": 0,
    "xstory_cloze-mt_nllb-200-distilled-600M_te": 0,
    "xstory_cloze-mt_nllb-200-distilled-600M_zh": 0
  },
  "config": {
    "model": "hf-causal-experimental",
    "model_args": "pretrained=bigscience/bloom-3b",
    "num_fewshot": 0,
    "batch_size": "auto",
    "device": "cuda",
    "no_cache": true,
    "limit": null,
    "bootstrap_iters": 100000,
    "description_dict": {}
  }
}