{
  "results": {
    "xstory_cloze-mt_bloom-1b7_ar": {
      "acc": 0.5691594970218399,
      "acc_stderr": 0.012743443034698399
    },
    "xstory_cloze-mt_bloom-1b7_es": {
      "acc": 0.6254136333553938,
      "acc_stderr": 0.01245578725485248
    },
    "xstory_cloze-mt_bloom-1b7_eu": {
      "acc": 0.5347452018530774,
      "acc_stderr": 0.012836020585407426
    },
    "xstory_cloze-mt_bloom-1b7_hi": {
      "acc": 0.5512905360688286,
      "acc_stderr": 0.01279924669010975
    },
    "xstory_cloze-mt_bloom-1b7_id": {
      "acc": 0.5810721376571807,
      "acc_stderr": 0.012696855440486909
    },
    "xstory_cloze-mt_bloom-1b7_my": {
      "acc": 0.514890800794176,
      "acc_stderr": 0.012861417842074004
    },
    "xstory_cloze-mt_bloom-1b7_ru": {
      "acc": 0.500992720052945,
      "acc_stderr": 0.01286709995542293
    },
    "xstory_cloze-mt_bloom-1b7_sw": {
      "acc": 0.5320979483785573,
      "acc_stderr": 0.012840584503982028
    },
    "xstory_cloze-mt_bloom-1b7_te": {
      "acc": 0.5466578424884183,
      "acc_stderr": 0.012810980537828172
    },
    "xstory_cloze-mt_bloom-1b7_zh": {
      "acc": 0.599602911978822,
      "acc_stderr": 0.012609238175551174
    },
    "xstory_cloze-mt_bloom-3b_ar": {
      "acc": 0.5691594970218399,
      "acc_stderr": 0.012743443034698406
    },
    "xstory_cloze-mt_bloom-3b_es": {
      "acc": 0.628060886829914,
      "acc_stderr": 0.012437936235202009
    },
    "xstory_cloze-mt_bloom-3b_eu": {
      "acc": 0.5751158173395102,
      "acc_stderr": 0.01272109407352333
    },
    "xstory_cloze-mt_bloom-3b_hi": {
      "acc": 0.5969556585043018,
      "acc_stderr": 0.0126228952159077
    },
    "xstory_cloze-mt_bloom-3b_id": {
      "acc": 0.6022501654533422,
      "acc_stderr": 0.01259519785670353
    },
    "xstory_cloze-mt_bloom-3b_my": {
      "acc": 0.4990072799470549,
      "acc_stderr": 0.012867099955422935
    },
    "xstory_cloze-mt_bloom-3b_ru": {
      "acc": 0.5122435473196558,
      "acc_stderr": 0.012863267059205548
    },
    "xstory_cloze-mt_bloom-3b_sw": {
      "acc": 0.5459960291197882,
      "acc_stderr": 0.012812565368728943
    },
    "xstory_cloze-mt_bloom-3b_te": {
      "acc": 0.5757776307081403,
      "acc_stderr": 0.012718494399531054
    },
    "xstory_cloze-mt_bloom-3b_zh": {
      "acc": 0.6240900066181337,
      "acc_stderr": 0.012464563551981892
    },
    "xstory_cloze-mt_bloom-560m_ar": {
      "acc": 0.5294506949040371,
      "acc_stderr": 0.012844785490016998
    },
    "xstory_cloze-mt_bloom-560m_es": {
      "acc": 0.5453342157511581,
      "acc_stderr": 0.012814127367359422
    },
    "xstory_cloze-mt_bloom-560m_eu": {
      "acc": 0.5380542686962276,
      "acc_stderr": 0.012829804720321697
    },
    "xstory_cloze-mt_bloom-560m_hi": {
      "acc": 0.5565850430178689,
      "acc_stderr": 0.012784462136657192
    },
    "xstory_cloze-mt_bloom-560m_id": {
      "acc": 0.5579086697551291,
      "acc_stderr": 0.012780536370279769
    },
    "xstory_cloze-mt_bloom-560m_my": {
      "acc": 0.5109199205823958,
      "acc_stderr": 0.012864056278255038
    },
    "xstory_cloze-mt_bloom-560m_ru": {
      "acc": 0.49636002647253474,
      "acc_stderr": 0.012866784348289226
    },
    "xstory_cloze-mt_bloom-560m_sw": {
      "acc": 0.5301125082726671,
      "acc_stderr": 0.012843769248432167
    },
    "xstory_cloze-mt_bloom-560m_te": {
      "acc": 0.528788881535407,
      "acc_stderr": 0.012845779070719498
    },
    "xstory_cloze-mt_bloom-560m_zh": {
      "acc": 0.5215089344804765,
      "acc_stderr": 0.012855214257296597
    },
    "xstory_cloze-mt_bloom-7b1_ar": {
      "acc": 0.5909993381866314,
      "acc_stderr": 0.012652228567132374
    },
    "xstory_cloze-mt_bloom-7b1_es": {
      "acc": 0.6373262739907346,
      "acc_stderr": 0.012372301216772914
    },
    "xstory_cloze-mt_bloom-7b1_eu": {
      "acc": 0.5651886168100596,
      "acc_stderr": 0.01275729746335297
    },
    "xstory_cloze-mt_bloom-7b1_hi": {
      "acc": 0.6035737921906023,
      "acc_stderr": 0.012588033568434754
    },
    "xstory_cloze-mt_bloom-7b1_id": {
      "acc": 0.6201191264063534,
      "acc_stderr": 0.012490298101718166
    },
    "xstory_cloze-mt_bloom-7b1_my": {
      "acc": 0.5261416280608868,
      "acc_stderr": 0.012849526888044213
    },
    "xstory_cloze-mt_bloom-7b1_ru": {
      "acc": 0.528788881535407,
      "acc_stderr": 0.012845779070719501
    },
    "xstory_cloze-mt_bloom-7b1_sw": {
      "acc": 0.542686962276638,
      "acc_stderr": 0.012820147204256243
    },
    "xstory_cloze-mt_bloom-7b1_te": {
      "acc": 0.5903375248180013,
      "acc_stderr": 0.01265536903075035
    },
    "xstory_cloze-mt_bloom-7b1_zh": {
      "acc": 0.6260754467240238,
      "acc_stderr": 0.012451361842944477
    }
  },
  "versions": {
    "xstory_cloze-mt_bloom-1b7_ar": 0,
    "xstory_cloze-mt_bloom-1b7_es": 0,
    "xstory_cloze-mt_bloom-1b7_eu": 0,
    "xstory_cloze-mt_bloom-1b7_hi": 0,
    "xstory_cloze-mt_bloom-1b7_id": 0,
    "xstory_cloze-mt_bloom-1b7_my": 0,
    "xstory_cloze-mt_bloom-1b7_ru": 0,
    "xstory_cloze-mt_bloom-1b7_sw": 0,
    "xstory_cloze-mt_bloom-1b7_te": 0,
    "xstory_cloze-mt_bloom-1b7_zh": 0,
    "xstory_cloze-mt_bloom-3b_ar": 0,
    "xstory_cloze-mt_bloom-3b_es": 0,
    "xstory_cloze-mt_bloom-3b_eu": 0,
    "xstory_cloze-mt_bloom-3b_hi": 0,
    "xstory_cloze-mt_bloom-3b_id": 0,
    "xstory_cloze-mt_bloom-3b_my": 0,
    "xstory_cloze-mt_bloom-3b_ru": 0,
    "xstory_cloze-mt_bloom-3b_sw": 0,
    "xstory_cloze-mt_bloom-3b_te": 0,
    "xstory_cloze-mt_bloom-3b_zh": 0,
    "xstory_cloze-mt_bloom-560m_ar": 0,
    "xstory_cloze-mt_bloom-560m_es": 0,
    "xstory_cloze-mt_bloom-560m_eu": 0,
    "xstory_cloze-mt_bloom-560m_hi": 0,
    "xstory_cloze-mt_bloom-560m_id": 0,
    "xstory_cloze-mt_bloom-560m_my": 0,
    "xstory_cloze-mt_bloom-560m_ru": 0,
    "xstory_cloze-mt_bloom-560m_sw": 0,
    "xstory_cloze-mt_bloom-560m_te": 0,
    "xstory_cloze-mt_bloom-560m_zh": 0,
    "xstory_cloze-mt_bloom-7b1_ar": 0,
    "xstory_cloze-mt_bloom-7b1_es": 0,
    "xstory_cloze-mt_bloom-7b1_eu": 0,
    "xstory_cloze-mt_bloom-7b1_hi": 0,
    "xstory_cloze-mt_bloom-7b1_id": 0,
    "xstory_cloze-mt_bloom-7b1_my": 0,
    "xstory_cloze-mt_bloom-7b1_ru": 0,
    "xstory_cloze-mt_bloom-7b1_sw": 0,
    "xstory_cloze-mt_bloom-7b1_te": 0,
    "xstory_cloze-mt_bloom-7b1_zh": 0
  },
  "config": {
    "model": "hf-causal-experimental",
    "model_args": "pretrained=bigscience/bloom-3b,dtype=float16",
    "num_fewshot": 0,
    "batch_size": "auto",
    "device": "cuda",
    "no_cache": true,
    "limit": null,
    "bootstrap_iters": 100000,
    "description_dict": {}
  }
}