{
  "results": {
    "xstory_cloze-mt_xglm-1.7B_ar": {
      "acc": 0.5579086697551291,
      "acc_stderr": 0.012780536370279762
    },
    "xstory_cloze-mt_xglm-1.7B_es": {
      "acc": 0.600264725347452,
      "acc_stderr": 0.012605764077627148
    },
    "xstory_cloze-mt_xglm-1.7B_eu": {
      "acc": 0.5400397088021178,
      "acc_stderr": 0.012825802370083988
    },
    "xstory_cloze-mt_xglm-1.7B_hi": {
      "acc": 0.557246856386499,
      "acc_stderr": 0.012782510750319245
    },
    "xstory_cloze-mt_xglm-1.7B_id": {
      "acc": 0.5764394440767704,
      "acc_stderr": 0.012715871382881447
    },
    "xstory_cloze-mt_xglm-1.7B_my": {
      "acc": 0.5632031767041694,
      "acc_stderr": 0.012763912250173632
    },
    "xstory_cloze-mt_xglm-1.7B_ru": {
      "acc": 0.5969556585043018,
      "acc_stderr": 0.012622895215907705
    },
    "xstory_cloze-mt_xglm-1.7B_sw": {
      "acc": 0.5486432825943084,
      "acc_stderr": 0.01280608896612241
    },
    "xstory_cloze-mt_xglm-1.7B_te": {
      "acc": 0.5512905360688286,
      "acc_stderr": 0.012799246690109739
    },
    "xstory_cloze-mt_xglm-1.7B_zh": {
      "acc": 0.5493050959629384,
      "acc_stderr": 0.012804412720126673
    },
    "xstory_cloze-mt_xglm-2.9B_ar": {
      "acc": 0.5618795499669094,
      "acc_stderr": 0.012768206616277762
    },
    "xstory_cloze-mt_xglm-2.9B_es": {
      "acc": 0.6187954996690933,
      "acc_stderr": 0.012498678850934076
    },
    "xstory_cloze-mt_xglm-2.9B_eu": {
      "acc": 0.5678358702845797,
      "acc_stderr": 0.01274815386459759
    },
    "xstory_cloze-mt_xglm-2.9B_hi": {
      "acc": 0.5797485109199206,
      "acc_stderr": 0.012702405649149104
    },
    "xstory_cloze-mt_xglm-2.9B_id": {
      "acc": 0.5976174718729318,
      "acc_stderr": 0.012619516819528715
    },
    "xstory_cloze-mt_xglm-2.9B_my": {
      "acc": 0.5817339510258107,
      "acc_stderr": 0.012694045150564695
    },
    "xstory_cloze-mt_xglm-2.9B_ru": {
      "acc": 0.614824619457313,
      "acc_stderr": 0.01252323157114119
    },
    "xstory_cloze-mt_xglm-2.9B_sw": {
      "acc": 0.5757776307081403,
      "acc_stderr": 0.012718494399531056
    },
    "xstory_cloze-mt_xglm-2.9B_te": {
      "acc": 0.5665122435473197,
      "acc_stderr": 0.012752771973917613
    },
    "xstory_cloze-mt_xglm-2.9B_zh": {
      "acc": 0.5764394440767704,
      "acc_stderr": 0.012715871382881458
    },
    "xstory_cloze-mt_xglm-564M_ar": {
      "acc": 0.5248180013236268,
      "acc_stderr": 0.012851264962354845
    },
    "xstory_cloze-mt_xglm-564M_es": {
      "acc": 0.5420251489080079,
      "acc_stderr": 0.012821595164245273
    },
    "xstory_cloze-mt_xglm-564M_eu": {
      "acc": 0.5268034414295168,
      "acc_stderr": 0.012848623899505765
    },
    "xstory_cloze-mt_xglm-564M_hi": {
      "acc": 0.5301125082726671,
      "acc_stderr": 0.012843769248432169
    },
    "xstory_cloze-mt_xglm-564M_id": {
      "acc": 0.5459960291197882,
      "acc_stderr": 0.012812565368728938
    },
    "xstory_cloze-mt_xglm-564M_my": {
      "acc": 0.5109199205823958,
      "acc_stderr": 0.012864056278255032
    },
    "xstory_cloze-mt_xglm-564M_ru": {
      "acc": 0.5446724023825281,
      "acc_stderr": 0.012815666542067271
    },
    "xstory_cloze-mt_xglm-564M_sw": {
      "acc": 0.5129053606882858,
      "acc_stderr": 0.012862838605728477
    },
    "xstory_cloze-mt_xglm-564M_te": {
      "acc": 0.5089344804765056,
      "acc_stderr": 0.012865070917320805
    },
    "xstory_cloze-mt_xglm-564M_zh": {
      "acc": 0.5043017868960953,
      "acc_stderr": 0.012866649085718848
    },
    "xstory_cloze-mt_xglm-7.5B_ar": {
      "acc": 0.5962938451356717,
      "acc_stderr": 0.012626249735246585
    },
    "xstory_cloze-mt_xglm-7.5B_es": {
      "acc": 0.6207809397749835,
      "acc_stderr": 0.012486070771171328
    },
    "xstory_cloze-mt_xglm-7.5B_eu": {
      "acc": 0.5883520847121112,
      "acc_stderr": 0.012664648329214085
    },
    "xstory_cloze-mt_xglm-7.5B_hi": {
      "acc": 0.5969556585043018,
      "acc_stderr": 0.012622895215907703
    },
    "xstory_cloze-mt_xglm-7.5B_id": {
      "acc": 0.6101919258769027,
      "acc_stderr": 0.012550764190647
    },
    "xstory_cloze-mt_xglm-7.5B_my": {
      "acc": 0.5784248841826605,
      "acc_stderr": 0.012707862131801901
    },
    "xstory_cloze-mt_xglm-7.5B_ru": {
      "acc": 0.6247518199867638,
      "acc_stderr": 0.012460187815757995
    },
    "xstory_cloze-mt_xglm-7.5B_sw": {
      "acc": 0.5883520847121112,
      "acc_stderr": 0.012664648329214089
    },
    "xstory_cloze-mt_xglm-7.5B_te": {
      "acc": 0.5843812045003309,
      "acc_stderr": 0.01268256905490765
    },
    "xstory_cloze-mt_xglm-7.5B_zh": {
      "acc": 0.5976174718729318,
      "acc_stderr": 0.012619516819528711
    }
  },
  "versions": {
    "xstory_cloze-mt_xglm-1.7B_ar": 0,
    "xstory_cloze-mt_xglm-1.7B_es": 0,
    "xstory_cloze-mt_xglm-1.7B_eu": 0,
    "xstory_cloze-mt_xglm-1.7B_hi": 0,
    "xstory_cloze-mt_xglm-1.7B_id": 0,
    "xstory_cloze-mt_xglm-1.7B_my": 0,
    "xstory_cloze-mt_xglm-1.7B_ru": 0,
    "xstory_cloze-mt_xglm-1.7B_sw": 0,
    "xstory_cloze-mt_xglm-1.7B_te": 0,
    "xstory_cloze-mt_xglm-1.7B_zh": 0,
    "xstory_cloze-mt_xglm-2.9B_ar": 0,
    "xstory_cloze-mt_xglm-2.9B_es": 0,
    "xstory_cloze-mt_xglm-2.9B_eu": 0,
    "xstory_cloze-mt_xglm-2.9B_hi": 0,
    "xstory_cloze-mt_xglm-2.9B_id": 0,
    "xstory_cloze-mt_xglm-2.9B_my": 0,
    "xstory_cloze-mt_xglm-2.9B_ru": 0,
    "xstory_cloze-mt_xglm-2.9B_sw": 0,
    "xstory_cloze-mt_xglm-2.9B_te": 0,
    "xstory_cloze-mt_xglm-2.9B_zh": 0,
    "xstory_cloze-mt_xglm-564M_ar": 0,
    "xstory_cloze-mt_xglm-564M_es": 0,
    "xstory_cloze-mt_xglm-564M_eu": 0,
    "xstory_cloze-mt_xglm-564M_hi": 0,
    "xstory_cloze-mt_xglm-564M_id": 0,
    "xstory_cloze-mt_xglm-564M_my": 0,
    "xstory_cloze-mt_xglm-564M_ru": 0,
    "xstory_cloze-mt_xglm-564M_sw": 0,
    "xstory_cloze-mt_xglm-564M_te": 0,
    "xstory_cloze-mt_xglm-564M_zh": 0,
    "xstory_cloze-mt_xglm-7.5B_ar": 0,
    "xstory_cloze-mt_xglm-7.5B_es": 0,
    "xstory_cloze-mt_xglm-7.5B_eu": 0,
    "xstory_cloze-mt_xglm-7.5B_hi": 0,
    "xstory_cloze-mt_xglm-7.5B_id": 0,
    "xstory_cloze-mt_xglm-7.5B_my": 0,
    "xstory_cloze-mt_xglm-7.5B_ru": 0,
    "xstory_cloze-mt_xglm-7.5B_sw": 0,
    "xstory_cloze-mt_xglm-7.5B_te": 0,
    "xstory_cloze-mt_xglm-7.5B_zh": 0
  },
  "config": {
    "model": "hf-causal-experimental",
    "model_args": "pretrained=bigscience/bloom-3b,dtype=float16",
    "num_fewshot": 0,
    "batch_size": "auto",
    "device": "cuda",
    "no_cache": true,
    "limit": null,
    "bootstrap_iters": 100000,
    "description_dict": {}
  }
}