{
  "results": {
    "xwinograd_en": {
      "acc": 0.8167741935483871,
      "acc_stderr": 0.008024653018535327
    },
    "xwinograd_fr": {
      "acc": 0.7108433734939759,
      "acc_stderr": 0.0500664280504192
    },
    "xwinograd_jp": {
      "acc": 0.6277372262773723,
      "acc_stderr": 0.015618200433592973
    },
    "xwinograd_pt": {
      "acc": 0.6996197718631179,
      "acc_stderr": 0.028321487720855756
    },
    "xwinograd_ru": {
      "acc": 0.653968253968254,
      "acc_stderr": 0.02684549902197288
    },
    "xwinograd_zh": {
      "acc": 0.7003968253968254,
      "acc_stderr": 0.02042496388840607
    }
  },
  "versions": {
    "xwinograd_en": 0,
    "xwinograd_fr": 0,
    "xwinograd_jp": 0,
    "xwinograd_pt": 0,
    "xwinograd_ru": 0,
    "xwinograd_zh": 0
  },
  "config": {
    "model": "hf-causal-experimental",
    "model_args": "pretrained=DAMO-NLP-MT/polylm-multialpaca-13b",
    "num_fewshot": 0,
    "batch_size": "auto",
    "batch_sizes": [
      32
    ],
    "device": "cuda",
    "no_cache": true,
    "limit": null,
    "bootstrap_iters": 100000,
    "description_dict": {}
  }
}