{
  "results": {
    "mgsm-mt_nllb-200-1.3B_bn": {
      "acc": 0.04,
      "acc_stderr": 0.012418408411301306
    },
    "mgsm-mt_nllb-200-1.3B_de": {
      "acc": 0.064,
      "acc_stderr": 0.015510587134374147
    },
    "mgsm-mt_nllb-200-1.3B_es": {
      "acc": 0.056,
      "acc_stderr": 0.014570697336899596
    },
    "mgsm-mt_nllb-200-1.3B_fr": {
      "acc": 0.044,
      "acc_stderr": 0.012997373846574957
    },
    "mgsm-mt_nllb-200-1.3B_ja": {
      "acc": 0.044,
      "acc_stderr": 0.012997373846574954
    },
    "mgsm-mt_nllb-200-1.3B_ru": {
      "acc": 0.068,
      "acc_stderr": 0.015953748410747027
    },
    "mgsm-mt_nllb-200-1.3B_sw": {
      "acc": 0.052,
      "acc_stderr": 0.014070391025641631
    },
    "mgsm-mt_nllb-200-1.3B_te": {
      "acc": 0.048,
      "acc_stderr": 0.013546884228085674
    },
    "mgsm-mt_nllb-200-1.3B_th": {
      "acc": 0.028,
      "acc_stderr": 0.010454721651927294
    },
    "mgsm-mt_nllb-200-1.3B_zh": {
      "acc": 0.048,
      "acc_stderr": 0.013546884228085686
    },
    "mgsm-mt_nllb-200-3.3B_bn": {
      "acc": 0.068,
      "acc_stderr": 0.015953748410747027
    },
    "mgsm-mt_nllb-200-3.3B_de": {
      "acc": 0.068,
      "acc_stderr": 0.01595374841074702
    },
    "mgsm-mt_nllb-200-3.3B_es": {
      "acc": 0.068,
      "acc_stderr": 0.015953748410747023
    },
    "mgsm-mt_nllb-200-3.3B_fr": {
      "acc": 0.052,
      "acc_stderr": 0.014070391025641655
    },
    "mgsm-mt_nllb-200-3.3B_ja": {
      "acc": 0.028,
      "acc_stderr": 0.010454721651927278
    },
    "mgsm-mt_nllb-200-3.3B_ru": {
      "acc": 0.06,
      "acc_stderr": 0.015050117079158754
    },
    "mgsm-mt_nllb-200-3.3B_sw": {
      "acc": 0.056,
      "acc_stderr": 0.014570697336899602
    },
    "mgsm-mt_nllb-200-3.3B_te": {
      "acc": 0.056,
      "acc_stderr": 0.014570697336899597
    },
    "mgsm-mt_nllb-200-3.3B_th": {
      "acc": 0.04,
      "acc_stderr": 0.012418408411301303
    },
    "mgsm-mt_nllb-200-3.3B_zh": {
      "acc": 0.048,
      "acc_stderr": 0.0135468842280857
    },
    "mgsm-mt_nllb-200-distilled-1.3B_bn": {
      "acc": 0.048,
      "acc_stderr": 0.013546884228085688
    },
    "mgsm-mt_nllb-200-distilled-1.3B_de": {
      "acc": 0.06,
      "acc_stderr": 0.01505011707915875
    },
    "mgsm-mt_nllb-200-distilled-1.3B_es": {
      "acc": 0.072,
      "acc_stderr": 0.016381005750490108
    },
    "mgsm-mt_nllb-200-distilled-1.3B_fr": {
      "acc": 0.036,
      "acc_stderr": 0.011805655169278135
    },
    "mgsm-mt_nllb-200-distilled-1.3B_ja": {
      "acc": 0.056,
      "acc_stderr": 0.014570697336899602
    },
    "mgsm-mt_nllb-200-distilled-1.3B_ru": {
      "acc": 0.036,
      "acc_stderr": 0.011805655169278133
    },
    "mgsm-mt_nllb-200-distilled-1.3B_sw": {
      "acc": 0.056,
      "acc_stderr": 0.014570697336899597
    },
    "mgsm-mt_nllb-200-distilled-1.3B_te": {
      "acc": 0.068,
      "acc_stderr": 0.015953748410747023
    },
    "mgsm-mt_nllb-200-distilled-1.3B_th": {
      "acc": 0.048,
      "acc_stderr": 0.013546884228085686
    },
    "mgsm-mt_nllb-200-distilled-1.3B_zh": {
      "acc": 0.048,
      "acc_stderr": 0.013546884228085695
    },
    "mgsm-mt_nllb-200-distilled-600M_bn": {
      "acc": 0.028,
      "acc_stderr": 0.010454721651927299
    },
    "mgsm-mt_nllb-200-distilled-600M_de": {
      "acc": 0.044,
      "acc_stderr": 0.012997373846574968
    },
    "mgsm-mt_nllb-200-distilled-600M_es": {
      "acc": 0.056,
      "acc_stderr": 0.014570697336899602
    },
    "mgsm-mt_nllb-200-distilled-600M_fr": {
      "acc": 0.048,
      "acc_stderr": 0.013546884228085683
    },
    "mgsm-mt_nllb-200-distilled-600M_ja": {
      "acc": 0.036,
      "acc_stderr": 0.011805655169278133
    },
    "mgsm-mt_nllb-200-distilled-600M_ru": {
      "acc": 0.028,
      "acc_stderr": 0.010454721651927288
    },
    "mgsm-mt_nllb-200-distilled-600M_sw": {
      "acc": 0.048,
      "acc_stderr": 0.013546884228085681
    },
    "mgsm-mt_nllb-200-distilled-600M_te": {
      "acc": 0.056,
      "acc_stderr": 0.014570697336899597
    },
    "mgsm-mt_nllb-200-distilled-600M_th": {
      "acc": 0.028,
      "acc_stderr": 0.010454721651927292
    },
    "mgsm-mt_nllb-200-distilled-600M_zh": {
      "acc": 0.032,
      "acc_stderr": 0.01115354680923082
    }
  },
  "versions": {
    "mgsm-mt_nllb-200-1.3B_bn": 0,
    "mgsm-mt_nllb-200-1.3B_de": 0,
    "mgsm-mt_nllb-200-1.3B_es": 0,
    "mgsm-mt_nllb-200-1.3B_fr": 0,
    "mgsm-mt_nllb-200-1.3B_ja": 0,
    "mgsm-mt_nllb-200-1.3B_ru": 0,
    "mgsm-mt_nllb-200-1.3B_sw": 0,
    "mgsm-mt_nllb-200-1.3B_te": 0,
    "mgsm-mt_nllb-200-1.3B_th": 0,
    "mgsm-mt_nllb-200-1.3B_zh": 0,
    "mgsm-mt_nllb-200-3.3B_bn": 0,
    "mgsm-mt_nllb-200-3.3B_de": 0,
    "mgsm-mt_nllb-200-3.3B_es": 0,
    "mgsm-mt_nllb-200-3.3B_fr": 0,
    "mgsm-mt_nllb-200-3.3B_ja": 0,
    "mgsm-mt_nllb-200-3.3B_ru": 0,
    "mgsm-mt_nllb-200-3.3B_sw": 0,
    "mgsm-mt_nllb-200-3.3B_te": 0,
    "mgsm-mt_nllb-200-3.3B_th": 0,
    "mgsm-mt_nllb-200-3.3B_zh": 0,
    "mgsm-mt_nllb-200-distilled-1.3B_bn": 0,
    "mgsm-mt_nllb-200-distilled-1.3B_de": 0,
    "mgsm-mt_nllb-200-distilled-1.3B_es": 0,
    "mgsm-mt_nllb-200-distilled-1.3B_fr": 0,
    "mgsm-mt_nllb-200-distilled-1.3B_ja": 0,
    "mgsm-mt_nllb-200-distilled-1.3B_ru": 0,
    "mgsm-mt_nllb-200-distilled-1.3B_sw": 0,
    "mgsm-mt_nllb-200-distilled-1.3B_te": 0,
    "mgsm-mt_nllb-200-distilled-1.3B_th": 0,
    "mgsm-mt_nllb-200-distilled-1.3B_zh": 0,
    "mgsm-mt_nllb-200-distilled-600M_bn": 0,
    "mgsm-mt_nllb-200-distilled-600M_de": 0,
    "mgsm-mt_nllb-200-distilled-600M_es": 0,
    "mgsm-mt_nllb-200-distilled-600M_fr": 0,
    "mgsm-mt_nllb-200-distilled-600M_ja": 0,
    "mgsm-mt_nllb-200-distilled-600M_ru": 0,
    "mgsm-mt_nllb-200-distilled-600M_sw": 0,
    "mgsm-mt_nllb-200-distilled-600M_te": 0,
    "mgsm-mt_nllb-200-distilled-600M_th": 0,
    "mgsm-mt_nllb-200-distilled-600M_zh": 0
  },
  "config": {
    "model": "hf-causal-experimental",
    "model_args": "pretrained=DAMO-NLP-MT/polylm-multialpaca-13b",
    "num_fewshot": 8,
    "batch_size": "auto",
    "batch_sizes": [],
    "device": "cuda",
    "no_cache": true,
    "limit": null,
    "bootstrap_iters": 100000,
    "description_dict": {}
  }
}