{
  "results": {
    "xstory_cloze-mt_nllb-200-1.3B_ar": {
      "acc": 0.5823957643944407,
      "acc_stderr": 0.012691211382848643
    },
    "xstory_cloze-mt_nllb-200-1.3B_es": {
      "acc": 0.6048974189278623,
      "acc_stderr": 0.01258077297613326
    },
    "xstory_cloze-mt_nllb-200-1.3B_eu": {
      "acc": 0.6121773659827928,
      "acc_stderr": 0.01253911069655147
    },
    "xstory_cloze-mt_nllb-200-1.3B_hi": {
      "acc": 0.5982792852415619,
      "acc_stderr": 0.012616114526927907
    },
    "xstory_cloze-mt_nllb-200-1.3B_id": {
      "acc": 0.5949702183984117,
      "acc_stderr": 0.012632887218751379
    },
    "xstory_cloze-mt_nllb-200-1.3B_my": {
      "acc": 0.5691594970218399,
      "acc_stderr": 0.012743443034698404
    },
    "xstory_cloze-mt_nllb-200-1.3B_ru": {
      "acc": 0.6035737921906023,
      "acc_stderr": 0.012588033568434758
    },
    "xstory_cloze-mt_nllb-200-1.3B_sw": {
      "acc": 0.5810721376571807,
      "acc_stderr": 0.012696855440486907
    },
    "xstory_cloze-mt_nllb-200-1.3B_te": {
      "acc": 0.6015883520847121,
      "acc_stderr": 0.012598743938252875
    },
    "xstory_cloze-mt_nllb-200-1.3B_zh": {
      "acc": 0.5678358702845797,
      "acc_stderr": 0.012748153864597593
    },
    "xstory_cloze-mt_nllb-200-3.3B_ar": {
      "acc": 0.5876902713434812,
      "acc_stderr": 0.01266769412239705
    },
    "xstory_cloze-mt_nllb-200-3.3B_es": {
      "acc": 0.5962938451356717,
      "acc_stderr": 0.01262624973524659
    },
    "xstory_cloze-mt_nllb-200-3.3B_eu": {
      "acc": 0.5784248841826605,
      "acc_stderr": 0.0127078621318019
    },
    "xstory_cloze-mt_nllb-200-3.3B_hi": {
      "acc": 0.5969556585043018,
      "acc_stderr": 0.012622895215907698
    },
    "xstory_cloze-mt_nllb-200-3.3B_id": {
      "acc": 0.5943084050297816,
      "acc_stderr": 0.012636170220503923
    },
    "xstory_cloze-mt_nllb-200-3.3B_my": {
      "acc": 0.5592322964923891,
      "acc_stderr": 0.012776518586332794
    },
    "xstory_cloze-mt_nllb-200-3.3B_ru": {
      "acc": 0.613500992720053,
      "acc_stderr": 0.012531219943771486
    },
    "xstory_cloze-mt_nllb-200-3.3B_sw": {
      "acc": 0.5784248841826605,
      "acc_stderr": 0.0127078621318019
    },
    "xstory_cloze-mt_nllb-200-3.3B_te": {
      "acc": 0.6015883520847121,
      "acc_stderr": 0.012598743938252891
    },
    "xstory_cloze-mt_nllb-200-3.3B_zh": {
      "acc": 0.5949702183984117,
      "acc_stderr": 0.012632887218751384
    },
    "xstory_cloze-mt_nllb-200-distilled-1.3B_ar": {
      "acc": 0.585704831237591,
      "acc_stderr": 0.012676689821720669
    },
    "xstory_cloze-mt_nllb-200-distilled-1.3B_es": {
      "acc": 0.5936465916611515,
      "acc_stderr": 0.01263942942038987
    },
    "xstory_cloze-mt_nllb-200-distilled-1.3B_eu": {
      "acc": 0.5890138980807412,
      "acc_stderr": 0.012661578894368952
    },
    "xstory_cloze-mt_nllb-200-distilled-1.3B_hi": {
      "acc": 0.5923229649238915,
      "acc_stderr": 0.012645876488040284
    },
    "xstory_cloze-mt_nllb-200-distilled-1.3B_id": {
      "acc": 0.5790866975512905,
      "acc_stderr": 0.012705145598630693
    },
    "xstory_cloze-mt_nllb-200-distilled-1.3B_my": {
      "acc": 0.5612177365982793,
      "acc_stderr": 0.012770319186938005
    },
    "xstory_cloze-mt_nllb-200-distilled-1.3B_ru": {
      "acc": 0.5936465916611515,
      "acc_stderr": 0.012639429420389868
    },
    "xstory_cloze-mt_nllb-200-distilled-1.3B_sw": {
      "acc": 0.5671740569159497,
      "acc_stderr": 0.012750474502985831
    },
    "xstory_cloze-mt_nllb-200-distilled-1.3B_te": {
      "acc": 0.5916611515552614,
      "acc_stderr": 0.012649064392162181
    },
    "xstory_cloze-mt_nllb-200-distilled-1.3B_zh": {
      "acc": 0.586366644606221,
      "acc_stderr": 0.012673714851823756
    },
    "xstory_cloze-mt_nllb-200-distilled-600M_ar": {
      "acc": 0.5876902713434812,
      "acc_stderr": 0.01266769412239705
    },
    "xstory_cloze-mt_nllb-200-distilled-600M_es": {
      "acc": 0.5876902713434812,
      "acc_stderr": 0.01266769412239706
    },
    "xstory_cloze-mt_nllb-200-distilled-600M_eu": {
      "acc": 0.5797485109199206,
      "acc_stderr": 0.012702405649149104
    },
    "xstory_cloze-mt_nllb-200-distilled-600M_hi": {
      "acc": 0.5830575777630708,
      "acc_stderr": 0.012688354121607808
    },
    "xstory_cloze-mt_nllb-200-distilled-600M_id": {
      "acc": 0.57114493712773,
      "acc_stderr": 0.012736202713147779
    },
    "xstory_cloze-mt_nllb-200-distilled-600M_my": {
      "acc": 0.5459960291197882,
      "acc_stderr": 0.012812565368728941
    },
    "xstory_cloze-mt_nllb-200-distilled-600M_ru": {
      "acc": 0.5929847782925215,
      "acc_stderr": 0.012642664836816924
    },
    "xstory_cloze-mt_nllb-200-distilled-600M_sw": {
      "acc": 0.5678358702845797,
      "acc_stderr": 0.01274815386459759
    },
    "xstory_cloze-mt_nllb-200-distilled-600M_te": {
      "acc": 0.5956320317670417,
      "acc_stderr": 0.01262958039657093
    },
    "xstory_cloze-mt_nllb-200-distilled-600M_zh": {
      "acc": 0.57114493712773,
      "acc_stderr": 0.012736202713147782
    }
  },
  "versions": {
    "xstory_cloze-mt_nllb-200-1.3B_ar": 0,
    "xstory_cloze-mt_nllb-200-1.3B_es": 0,
    "xstory_cloze-mt_nllb-200-1.3B_eu": 0,
    "xstory_cloze-mt_nllb-200-1.3B_hi": 0,
    "xstory_cloze-mt_nllb-200-1.3B_id": 0,
    "xstory_cloze-mt_nllb-200-1.3B_my": 0,
    "xstory_cloze-mt_nllb-200-1.3B_ru": 0,
    "xstory_cloze-mt_nllb-200-1.3B_sw": 0,
    "xstory_cloze-mt_nllb-200-1.3B_te": 0,
    "xstory_cloze-mt_nllb-200-1.3B_zh": 0,
    "xstory_cloze-mt_nllb-200-3.3B_ar": 0,
    "xstory_cloze-mt_nllb-200-3.3B_es": 0,
    "xstory_cloze-mt_nllb-200-3.3B_eu": 0,
    "xstory_cloze-mt_nllb-200-3.3B_hi": 0,
    "xstory_cloze-mt_nllb-200-3.3B_id": 0,
    "xstory_cloze-mt_nllb-200-3.3B_my": 0,
    "xstory_cloze-mt_nllb-200-3.3B_ru": 0,
    "xstory_cloze-mt_nllb-200-3.3B_sw": 0,
    "xstory_cloze-mt_nllb-200-3.3B_te": 0,
    "xstory_cloze-mt_nllb-200-3.3B_zh": 0,
    "xstory_cloze-mt_nllb-200-distilled-1.3B_ar": 0,
    "xstory_cloze-mt_nllb-200-distilled-1.3B_es": 0,
    "xstory_cloze-mt_nllb-200-distilled-1.3B_eu": 0,
    "xstory_cloze-mt_nllb-200-distilled-1.3B_hi": 0,
    "xstory_cloze-mt_nllb-200-distilled-1.3B_id": 0,
    "xstory_cloze-mt_nllb-200-distilled-1.3B_my": 0,
    "xstory_cloze-mt_nllb-200-distilled-1.3B_ru": 0,
    "xstory_cloze-mt_nllb-200-distilled-1.3B_sw": 0,
    "xstory_cloze-mt_nllb-200-distilled-1.3B_te": 0,
    "xstory_cloze-mt_nllb-200-distilled-1.3B_zh": 0,
    "xstory_cloze-mt_nllb-200-distilled-600M_ar": 0,
    "xstory_cloze-mt_nllb-200-distilled-600M_es": 0,
    "xstory_cloze-mt_nllb-200-distilled-600M_eu": 0,
    "xstory_cloze-mt_nllb-200-distilled-600M_hi": 0,
    "xstory_cloze-mt_nllb-200-distilled-600M_id": 0,
    "xstory_cloze-mt_nllb-200-distilled-600M_my": 0,
    "xstory_cloze-mt_nllb-200-distilled-600M_ru": 0,
    "xstory_cloze-mt_nllb-200-distilled-600M_sw": 0,
    "xstory_cloze-mt_nllb-200-distilled-600M_te": 0,
    "xstory_cloze-mt_nllb-200-distilled-600M_zh": 0
  },
  "config": {
    "model": "hf-causal-experimental",
    "model_args": "pretrained=bigscience/bloom-1b1",
    "num_fewshot": 0,
    "batch_size": "auto",
    "device": "cuda",
    "no_cache": true,
    "limit": null,
    "bootstrap_iters": 100000,
    "description_dict": {}
  }
}