{
  "results": {
    "xcopa-mt_nllb-200-1.3B_et": {
      "acc": 0.654,
      "acc_stderr": 0.021294951277234644
    },
    "xcopa-mt_nllb-200-1.3B_ht": {
      "acc": 0.63,
      "acc_stderr": 0.021613289165165778
    },
    "xcopa-mt_nllb-200-1.3B_id": {
      "acc": 0.632,
      "acc_stderr": 0.021588982568353537
    },
    "xcopa-mt_nllb-200-1.3B_it": {
      "acc": 0.656,
      "acc_stderr": 0.02126575803797874
    },
    "xcopa-mt_nllb-200-1.3B_qu": {
      "acc": 0.474,
      "acc_stderr": 0.022352791650914167
    },
    "xcopa-mt_nllb-200-1.3B_sw": {
      "acc": 0.614,
      "acc_stderr": 0.021793529219281165
    },
    "xcopa-mt_nllb-200-1.3B_ta": {
      "acc": 0.622,
      "acc_stderr": 0.02170655082451819
    },
    "xcopa-mt_nllb-200-1.3B_th": {
      "acc": 0.582,
      "acc_stderr": 0.022080014812228137
    },
    "xcopa-mt_nllb-200-1.3B_tr": {
      "acc": 0.642,
      "acc_stderr": 0.02146143486285913
    },
    "xcopa-mt_nllb-200-1.3B_vi": {
      "acc": 0.658,
      "acc_stderr": 0.02123614719989926
    },
    "xcopa-mt_nllb-200-1.3B_zh": {
      "acc": 0.646,
      "acc_stderr": 0.02140758204791645
    },
    "xcopa-mt_nllb-200-3.3B_et": {
      "acc": 0.666,
      "acc_stderr": 0.021113492347743745
    },
    "xcopa-mt_nllb-200-3.3B_ht": {
      "acc": 0.634,
      "acc_stderr": 0.021564276850201618
    },
    "xcopa-mt_nllb-200-3.3B_id": {
      "acc": 0.634,
      "acc_stderr": 0.021564276850201625
    },
    "xcopa-mt_nllb-200-3.3B_it": {
      "acc": 0.672,
      "acc_stderr": 0.021017027165175485
    },
    "xcopa-mt_nllb-200-3.3B_qu": {
      "acc": 0.506,
      "acc_stderr": 0.022381462412439324
    },
    "xcopa-mt_nllb-200-3.3B_sw": {
      "acc": 0.646,
      "acc_stderr": 0.021407582047916447
    },
    "xcopa-mt_nllb-200-3.3B_ta": {
      "acc": 0.636,
      "acc_stderr": 0.021539170637317685
    },
    "xcopa-mt_nllb-200-3.3B_th": {
      "acc": 0.592,
      "acc_stderr": 0.02200091089387719
    },
    "xcopa-mt_nllb-200-3.3B_tr": {
      "acc": 0.658,
      "acc_stderr": 0.021236147199899268
    },
    "xcopa-mt_nllb-200-3.3B_vi": {
      "acc": 0.648,
      "acc_stderr": 0.021380042385946058
    },
    "xcopa-mt_nllb-200-3.3B_zh": {
      "acc": 0.644,
      "acc_stderr": 0.021434712356072656
    },
    "xcopa-mt_nllb-200-distilled-1.3B_et": {
      "acc": 0.642,
      "acc_stderr": 0.021461434862859126
    },
    "xcopa-mt_nllb-200-distilled-1.3B_ht": {
      "acc": 0.626,
      "acc_stderr": 0.021660710347204487
    },
    "xcopa-mt_nllb-200-distilled-1.3B_id": {
      "acc": 0.626,
      "acc_stderr": 0.02166071034720448
    },
    "xcopa-mt_nllb-200-distilled-1.3B_it": {
      "acc": 0.668,
      "acc_stderr": 0.021081766571222852
    },
    "xcopa-mt_nllb-200-distilled-1.3B_qu": {
      "acc": 0.552,
      "acc_stderr": 0.02226169729227013
    },
    "xcopa-mt_nllb-200-distilled-1.3B_sw": {
      "acc": 0.622,
      "acc_stderr": 0.02170655082451818
    },
    "xcopa-mt_nllb-200-distilled-1.3B_ta": {
      "acc": 0.622,
      "acc_stderr": 0.02170655082451819
    },
    "xcopa-mt_nllb-200-distilled-1.3B_th": {
      "acc": 0.622,
      "acc_stderr": 0.021706550824518184
    },
    "xcopa-mt_nllb-200-distilled-1.3B_tr": {
      "acc": 0.632,
      "acc_stderr": 0.021588982568353544
    },
    "xcopa-mt_nllb-200-distilled-1.3B_vi": {
      "acc": 0.656,
      "acc_stderr": 0.02126575803797874
    },
    "xcopa-mt_nllb-200-distilled-1.3B_zh": {
      "acc": 0.666,
      "acc_stderr": 0.021113492347743745
    },
    "xcopa-mt_nllb-200-distilled-600M_et": {
      "acc": 0.63,
      "acc_stderr": 0.021613289165165788
    },
    "xcopa-mt_nllb-200-distilled-600M_ht": {
      "acc": 0.602,
      "acc_stderr": 0.021912377885779974
    },
    "xcopa-mt_nllb-200-distilled-600M_id": {
      "acc": 0.596,
      "acc_stderr": 0.021966635293832904
    },
    "xcopa-mt_nllb-200-distilled-600M_it": {
      "acc": 0.648,
      "acc_stderr": 0.021380042385946058
    },
    "xcopa-mt_nllb-200-distilled-600M_qu": {
      "acc": 0.54,
      "acc_stderr": 0.022311333245289663
    },
    "xcopa-mt_nllb-200-distilled-600M_sw": {
      "acc": 0.59,
      "acc_stderr": 0.022017482578127672
    },
    "xcopa-mt_nllb-200-distilled-600M_ta": {
      "acc": 0.598,
      "acc_stderr": 0.021948929609938606
    },
    "xcopa-mt_nllb-200-distilled-600M_th": {
      "acc": 0.594,
      "acc_stderr": 0.02198396209008634
    },
    "xcopa-mt_nllb-200-distilled-600M_tr": {
      "acc": 0.636,
      "acc_stderr": 0.021539170637317685
    },
    "xcopa-mt_nllb-200-distilled-600M_vi": {
      "acc": 0.624,
      "acc_stderr": 0.02168382753928612
    },
    "xcopa-mt_nllb-200-distilled-600M_zh": {
      "acc": 0.648,
      "acc_stderr": 0.02138004238594605
    }
  },
  "versions": {
    "xcopa-mt_nllb-200-1.3B_et": 0,
    "xcopa-mt_nllb-200-1.3B_ht": 0,
    "xcopa-mt_nllb-200-1.3B_id": 0,
    "xcopa-mt_nllb-200-1.3B_it": 0,
    "xcopa-mt_nllb-200-1.3B_qu": 0,
    "xcopa-mt_nllb-200-1.3B_sw": 0,
    "xcopa-mt_nllb-200-1.3B_ta": 0,
    "xcopa-mt_nllb-200-1.3B_th": 0,
    "xcopa-mt_nllb-200-1.3B_tr": 0,
    "xcopa-mt_nllb-200-1.3B_vi": 0,
    "xcopa-mt_nllb-200-1.3B_zh": 0,
    "xcopa-mt_nllb-200-3.3B_et": 0,
    "xcopa-mt_nllb-200-3.3B_ht": 0,
    "xcopa-mt_nllb-200-3.3B_id": 0,
    "xcopa-mt_nllb-200-3.3B_it": 0,
    "xcopa-mt_nllb-200-3.3B_qu": 0,
    "xcopa-mt_nllb-200-3.3B_sw": 0,
    "xcopa-mt_nllb-200-3.3B_ta": 0,
    "xcopa-mt_nllb-200-3.3B_th": 0,
    "xcopa-mt_nllb-200-3.3B_tr": 0,
    "xcopa-mt_nllb-200-3.3B_vi": 0,
    "xcopa-mt_nllb-200-3.3B_zh": 0,
    "xcopa-mt_nllb-200-distilled-1.3B_et": 0,
    "xcopa-mt_nllb-200-distilled-1.3B_ht": 0,
    "xcopa-mt_nllb-200-distilled-1.3B_id": 0,
    "xcopa-mt_nllb-200-distilled-1.3B_it": 0,
    "xcopa-mt_nllb-200-distilled-1.3B_qu": 0,
    "xcopa-mt_nllb-200-distilled-1.3B_sw": 0,
    "xcopa-mt_nllb-200-distilled-1.3B_ta": 0,
    "xcopa-mt_nllb-200-distilled-1.3B_th": 0,
    "xcopa-mt_nllb-200-distilled-1.3B_tr": 0,
    "xcopa-mt_nllb-200-distilled-1.3B_vi": 0,
    "xcopa-mt_nllb-200-distilled-1.3B_zh": 0,
    "xcopa-mt_nllb-200-distilled-600M_et": 0,
    "xcopa-mt_nllb-200-distilled-600M_ht": 0,
    "xcopa-mt_nllb-200-distilled-600M_id": 0,
    "xcopa-mt_nllb-200-distilled-600M_it": 0,
    "xcopa-mt_nllb-200-distilled-600M_qu": 0,
    "xcopa-mt_nllb-200-distilled-600M_sw": 0,
    "xcopa-mt_nllb-200-distilled-600M_ta": 0,
    "xcopa-mt_nllb-200-distilled-600M_th": 0,
    "xcopa-mt_nllb-200-distilled-600M_tr": 0,
    "xcopa-mt_nllb-200-distilled-600M_vi": 0,
    "xcopa-mt_nllb-200-distilled-600M_zh": 0
  },
  "config": {
    "model": "hf-causal-experimental",
    "model_args": "pretrained=bigscience/bloom-1b1",
    "num_fewshot": 0,
    "batch_size": "auto",
    "device": "cuda",
    "no_cache": true,
    "limit": null,
    "bootstrap_iters": 100000,
    "description_dict": {}
  }
}