{
  "results": {
    "xcopa-mt_nllb-200-1.3B_et": {
      "acc": 0.68,
      "acc_stderr": 0.020882340488761808
    },
    "xcopa-mt_nllb-200-1.3B_ht": {
      "acc": 0.654,
      "acc_stderr": 0.021294951277234634
    },
    "xcopa-mt_nllb-200-1.3B_id": {
      "acc": 0.7,
      "acc_stderr": 0.020514426225628036
    },
    "xcopa-mt_nllb-200-1.3B_it": {
      "acc": 0.696,
      "acc_stderr": 0.020591649571224925
    },
    "xcopa-mt_nllb-200-1.3B_qu": {
      "acc": 0.48,
      "acc_stderr": 0.02236516042423134
    },
    "xcopa-mt_nllb-200-1.3B_sw": {
      "acc": 0.67,
      "acc_stderr": 0.021049612166134817
    },
    "xcopa-mt_nllb-200-1.3B_ta": {
      "acc": 0.664,
      "acc_stderr": 0.02114479142504885
    },
    "xcopa-mt_nllb-200-1.3B_th": {
      "acc": 0.614,
      "acc_stderr": 0.021793529219281172
    },
    "xcopa-mt_nllb-200-1.3B_tr": {
      "acc": 0.692,
      "acc_stderr": 0.0206670329874661
    },
    "xcopa-mt_nllb-200-1.3B_vi": {
      "acc": 0.69,
      "acc_stderr": 0.020704041021724785
    },
    "xcopa-mt_nllb-200-1.3B_zh": {
      "acc": 0.666,
      "acc_stderr": 0.02111349234774375
    },
    "xcopa-mt_nllb-200-3.3B_et": {
      "acc": 0.704,
      "acc_stderr": 0.02043534209189614
    },
    "xcopa-mt_nllb-200-3.3B_ht": {
      "acc": 0.65,
      "acc_stderr": 0.021352091786223108
    },
    "xcopa-mt_nllb-200-3.3B_id": {
      "acc": 0.694,
      "acc_stderr": 0.020629569998345393
    },
    "xcopa-mt_nllb-200-3.3B_it": {
      "acc": 0.738,
      "acc_stderr": 0.019684688820194703
    },
    "xcopa-mt_nllb-200-3.3B_qu": {
      "acc": 0.512,
      "acc_stderr": 0.02237662679792717
    },
    "xcopa-mt_nllb-200-3.3B_sw": {
      "acc": 0.66,
      "acc_stderr": 0.021206117013673066
    },
    "xcopa-mt_nllb-200-3.3B_ta": {
      "acc": 0.69,
      "acc_stderr": 0.020704041021724788
    },
    "xcopa-mt_nllb-200-3.3B_th": {
      "acc": 0.628,
      "acc_stderr": 0.021637197985722396
    },
    "xcopa-mt_nllb-200-3.3B_tr": {
      "acc": 0.676,
      "acc_stderr": 0.020950557312477466
    },
    "xcopa-mt_nllb-200-3.3B_vi": {
      "acc": 0.694,
      "acc_stderr": 0.020629569998345403
    },
    "xcopa-mt_nllb-200-3.3B_zh": {
      "acc": 0.704,
      "acc_stderr": 0.020435342091896146
    },
    "xcopa-mt_nllb-200-distilled-1.3B_et": {
      "acc": 0.698,
      "acc_stderr": 0.02055326917420919
    },
    "xcopa-mt_nllb-200-distilled-1.3B_ht": {
      "acc": 0.652,
      "acc_stderr": 0.021323728632807498
    },
    "xcopa-mt_nllb-200-distilled-1.3B_id": {
      "acc": 0.68,
      "acc_stderr": 0.020882340488761798
    },
    "xcopa-mt_nllb-200-distilled-1.3B_it": {
      "acc": 0.716,
      "acc_stderr": 0.020186703693570847
    },
    "xcopa-mt_nllb-200-distilled-1.3B_qu": {
      "acc": 0.58,
      "acc_stderr": 0.02209471322976178
    },
    "xcopa-mt_nllb-200-distilled-1.3B_sw": {
      "acc": 0.672,
      "acc_stderr": 0.021017027165175485
    },
    "xcopa-mt_nllb-200-distilled-1.3B_ta": {
      "acc": 0.668,
      "acc_stderr": 0.021081766571222852
    },
    "xcopa-mt_nllb-200-distilled-1.3B_th": {
      "acc": 0.656,
      "acc_stderr": 0.02126575803797874
    },
    "xcopa-mt_nllb-200-distilled-1.3B_tr": {
      "acc": 0.664,
      "acc_stderr": 0.021144791425048843
    },
    "xcopa-mt_nllb-200-distilled-1.3B_vi": {
      "acc": 0.688,
      "acc_stderr": 0.020740596536488055
    },
    "xcopa-mt_nllb-200-distilled-1.3B_zh": {
      "acc": 0.704,
      "acc_stderr": 0.020435342091896146
    },
    "xcopa-mt_nllb-200-distilled-600M_et": {
      "acc": 0.668,
      "acc_stderr": 0.021081766571222852
    },
    "xcopa-mt_nllb-200-distilled-600M_ht": {
      "acc": 0.62,
      "acc_stderr": 0.021728881438701716
    },
    "xcopa-mt_nllb-200-distilled-600M_id": {
      "acc": 0.648,
      "acc_stderr": 0.02138004238594605
    },
    "xcopa-mt_nllb-200-distilled-600M_it": {
      "acc": 0.662,
      "acc_stderr": 0.021175665695209407
    },
    "xcopa-mt_nllb-200-distilled-600M_qu": {
      "acc": 0.542,
      "acc_stderr": 0.022303966774269945
    },
    "xcopa-mt_nllb-200-distilled-600M_sw": {
      "acc": 0.614,
      "acc_stderr": 0.021793529219281172
    },
    "xcopa-mt_nllb-200-distilled-600M_ta": {
      "acc": 0.638,
      "acc_stderr": 0.021513662527582404
    },
    "xcopa-mt_nllb-200-distilled-600M_th": {
      "acc": 0.622,
      "acc_stderr": 0.021706550824518188
    },
    "xcopa-mt_nllb-200-distilled-600M_tr": {
      "acc": 0.66,
      "acc_stderr": 0.021206117013673066
    },
    "xcopa-mt_nllb-200-distilled-600M_vi": {
      "acc": 0.65,
      "acc_stderr": 0.021352091786223097
    },
    "xcopa-mt_nllb-200-distilled-600M_zh": {
      "acc": 0.668,
      "acc_stderr": 0.021081766571222852
    }
  },
  "versions": {
    "xcopa-mt_nllb-200-1.3B_et": 0,
    "xcopa-mt_nllb-200-1.3B_ht": 0,
    "xcopa-mt_nllb-200-1.3B_id": 0,
    "xcopa-mt_nllb-200-1.3B_it": 0,
    "xcopa-mt_nllb-200-1.3B_qu": 0,
    "xcopa-mt_nllb-200-1.3B_sw": 0,
    "xcopa-mt_nllb-200-1.3B_ta": 0,
    "xcopa-mt_nllb-200-1.3B_th": 0,
    "xcopa-mt_nllb-200-1.3B_tr": 0,
    "xcopa-mt_nllb-200-1.3B_vi": 0,
    "xcopa-mt_nllb-200-1.3B_zh": 0,
    "xcopa-mt_nllb-200-3.3B_et": 0,
    "xcopa-mt_nllb-200-3.3B_ht": 0,
    "xcopa-mt_nllb-200-3.3B_id": 0,
    "xcopa-mt_nllb-200-3.3B_it": 0,
    "xcopa-mt_nllb-200-3.3B_qu": 0,
    "xcopa-mt_nllb-200-3.3B_sw": 0,
    "xcopa-mt_nllb-200-3.3B_ta": 0,
    "xcopa-mt_nllb-200-3.3B_th": 0,
    "xcopa-mt_nllb-200-3.3B_tr": 0,
    "xcopa-mt_nllb-200-3.3B_vi": 0,
    "xcopa-mt_nllb-200-3.3B_zh": 0,
    "xcopa-mt_nllb-200-distilled-1.3B_et": 0,
    "xcopa-mt_nllb-200-distilled-1.3B_ht": 0,
    "xcopa-mt_nllb-200-distilled-1.3B_id": 0,
    "xcopa-mt_nllb-200-distilled-1.3B_it": 0,
    "xcopa-mt_nllb-200-distilled-1.3B_qu": 0,
    "xcopa-mt_nllb-200-distilled-1.3B_sw": 0,
    "xcopa-mt_nllb-200-distilled-1.3B_ta": 0,
    "xcopa-mt_nllb-200-distilled-1.3B_th": 0,
    "xcopa-mt_nllb-200-distilled-1.3B_tr": 0,
    "xcopa-mt_nllb-200-distilled-1.3B_vi": 0,
    "xcopa-mt_nllb-200-distilled-1.3B_zh": 0,
    "xcopa-mt_nllb-200-distilled-600M_et": 0,
    "xcopa-mt_nllb-200-distilled-600M_ht": 0,
    "xcopa-mt_nllb-200-distilled-600M_id": 0,
    "xcopa-mt_nllb-200-distilled-600M_it": 0,
    "xcopa-mt_nllb-200-distilled-600M_qu": 0,
    "xcopa-mt_nllb-200-distilled-600M_sw": 0,
    "xcopa-mt_nllb-200-distilled-600M_ta": 0,
    "xcopa-mt_nllb-200-distilled-600M_th": 0,
    "xcopa-mt_nllb-200-distilled-600M_tr": 0,
    "xcopa-mt_nllb-200-distilled-600M_vi": 0,
    "xcopa-mt_nllb-200-distilled-600M_zh": 0
  },
  "config": {
    "model": "hf-causal-experimental",
    "model_args": "pretrained=togethercomputer/RedPajama-INCITE-Base-3B-v1",
    "num_fewshot": 0,
    "batch_size": "auto",
    "device": "cuda",
    "no_cache": true,
    "limit": null,
    "bootstrap_iters": 100000,
    "description_dict": {}
  }
}