{
  "results": {
    "xcopa_et": {
      "acc": 0.508,
      "acc_stderr": 0.022380208834928035
    },
    "xcopa_ht": {
      "acc": 0.514,
      "acc_stderr": 0.02237429816635319
    },
    "xcopa_id": {
      "acc": 0.516,
      "acc_stderr": 0.0223716109825804
    },
    "xcopa_it": {
      "acc": 0.576,
      "acc_stderr": 0.0221229937781354
    },
    "xcopa_qu": {
      "acc": 0.504,
      "acc_stderr": 0.02238235778196214
    },
    "xcopa_sw": {
      "acc": 0.526,
      "acc_stderr": 0.022352791650914163
    },
    "xcopa_ta": {
      "acc": 0.556,
      "acc_stderr": 0.02224224437573102
    },
    "xcopa_th": {
      "acc": 0.544,
      "acc_stderr": 0.022296238348407056
    },
    "xcopa_tr": {
      "acc": 0.536,
      "acc_stderr": 0.02232498173838525
    },
    "xcopa_vi": {
      "acc": 0.526,
      "acc_stderr": 0.02235279165091416
    },
    "xcopa_zh": {
      "acc": 0.522,
      "acc_stderr": 0.02236139673920788
    }
  },
  "versions": {
    "xcopa_et": 0,
    "xcopa_ht": 0,
    "xcopa_id": 0,
    "xcopa_it": 0,
    "xcopa_qu": 0,
    "xcopa_sw": 0,
    "xcopa_ta": 0,
    "xcopa_th": 0,
    "xcopa_tr": 0,
    "xcopa_vi": 0,
    "xcopa_zh": 0
  },
  "config": {
    "model": "hf-causal-experimental",
    "model_args": "pretrained=togethercomputer/RedPajama-INCITE-Base-3B-v1",
    "num_fewshot": 0,
    "batch_size": "auto",
    "device": "cuda",
    "no_cache": true,
    "limit": null,
    "bootstrap_iters": 100000,
    "description_dict": {}
  }
}