{
  "results": {
    "xcopa_et": {
      "acc": 0.474,
      "acc_stderr": 0.02235279165091416
    },
    "xcopa_ht": {
      "acc": 0.51,
      "acc_stderr": 0.02237859698923078
    },
    "xcopa_id": {
      "acc": 0.538,
      "acc_stderr": 0.022318338119870527
    },
    "xcopa_it": {
      "acc": 0.61,
      "acc_stderr": 0.021834685869369205
    },
    "xcopa_qu": {
      "acc": 0.494,
      "acc_stderr": 0.022381462412439324
    },
    "xcopa_sw": {
      "acc": 0.516,
      "acc_stderr": 0.0223716109825804
    },
    "xcopa_ta": {
      "acc": 0.554,
      "acc_stderr": 0.022252153078595897
    },
    "xcopa_th": {
      "acc": 0.53,
      "acc_stderr": 0.022342748192502843
    },
    "xcopa_tr": {
      "acc": 0.554,
      "acc_stderr": 0.0222521530785959
    },
    "xcopa_vi": {
      "acc": 0.5,
      "acc_stderr": 0.022383074051792257
    },
    "xcopa_zh": {
      "acc": 0.54,
      "acc_stderr": 0.02231133324528967
    }
  },
  "versions": {
    "xcopa_et": 0,
    "xcopa_ht": 0,
    "xcopa_id": 0,
    "xcopa_it": 0,
    "xcopa_qu": 0,
    "xcopa_sw": 0,
    "xcopa_ta": 0,
    "xcopa_th": 0,
    "xcopa_tr": 0,
    "xcopa_vi": 0,
    "xcopa_zh": 0
  },
  "config": {
    "model": "hf-causal-experimental",
    "model_args": "pretrained=openlm-research/open_llama_7b",
    "num_fewshot": 0,
    "batch_size": "auto",
    "device": "cuda",
    "no_cache": true,
    "limit": null,
    "bootstrap_iters": 100000,
    "description_dict": {}
  }
}