{
  "results": {
    "xstory_cloze-mt_nllb-200-1.3B_ar": {
      "acc": 0.6393117140966248,
      "acc_stderr": 0.012357592682139016
    },
    "xstory_cloze-mt_nllb-200-1.3B_es": {
      "acc": 0.6816677696889477,
      "acc_stderr": 0.01198776477395441
    },
    "xstory_cloze-mt_nllb-200-1.3B_eu": {
      "acc": 0.6644606221045665,
      "acc_stderr": 0.012151164438163903
    },
    "xstory_cloze-mt_nllb-200-1.3B_hi": {
      "acc": 0.6776968894771674,
      "acc_stderr": 0.012027116588107723
    },
    "xstory_cloze-mt_nllb-200-1.3B_id": {
      "acc": 0.6538716082064858,
      "acc_stderr": 0.012242676637496357
    },
    "xstory_cloze-mt_nllb-200-1.3B_my": {
      "acc": 0.614824619457313,
      "acc_stderr": 0.012523231571141193
    },
    "xstory_cloze-mt_nllb-200-1.3B_ru": {
      "acc": 0.6829913964262078,
      "acc_stderr": 0.011974424977110295
    },
    "xstory_cloze-mt_nllb-200-1.3B_sw": {
      "acc": 0.6465916611515553,
      "acc_stderr": 0.012301695486460656
    },
    "xstory_cloze-mt_nllb-200-1.3B_te": {
      "acc": 0.6485771012574454,
      "acc_stderr": 0.01228591087173833
    },
    "xstory_cloze-mt_nllb-200-1.3B_zh": {
      "acc": 0.6446062210456651,
      "acc_stderr": 0.012317247930418362
    },
    "xstory_cloze-mt_nllb-200-3.3B_ar": {
      "acc": 0.6651224354731966,
      "acc_stderr": 0.012145219027833158
    },
    "xstory_cloze-mt_nllb-200-3.3B_es": {
      "acc": 0.685638649900728,
      "acc_stderr": 0.011947409363762412
    },
    "xstory_cloze-mt_nllb-200-3.3B_eu": {
      "acc": 0.6419589675711449,
      "acc_stderr": 0.012337624883487568
    },
    "xstory_cloze-mt_nllb-200-3.3B_hi": {
      "acc": 0.6823295830575777,
      "acc_stderr": 0.011981108837175397
    },
    "xstory_cloze-mt_nllb-200-3.3B_id": {
      "acc": 0.6776968894771674,
      "acc_stderr": 0.012027116588107716
    },
    "xstory_cloze-mt_nllb-200-3.3B_my": {
      "acc": 0.6260754467240238,
      "acc_stderr": 0.012451361842944465
    },
    "xstory_cloze-mt_nllb-200-3.3B_ru": {
      "acc": 0.6909331568497684,
      "acc_stderr": 0.011892023305070085
    },
    "xstory_cloze-mt_nllb-200-3.3B_sw": {
      "acc": 0.6326935804103243,
      "acc_stderr": 0.012405734993958415
    },
    "xstory_cloze-mt_nllb-200-3.3B_te": {
      "acc": 0.6624751819986764,
      "acc_stderr": 0.012168840221678048
    },
    "xstory_cloze-mt_nllb-200-3.3B_zh": {
      "acc": 0.6724023825281271,
      "acc_stderr": 0.01207804144298347
    },
    "xstory_cloze-mt_nllb-200-distilled-1.3B_ar": {
      "acc": 0.6677696889477167,
      "acc_stderr": 0.012121168923544576
    },
    "xstory_cloze-mt_nllb-200-distilled-1.3B_es": {
      "acc": 0.6757114493712773,
      "acc_stderr": 0.012046419229995334
    },
    "xstory_cloze-mt_nllb-200-distilled-1.3B_eu": {
      "acc": 0.6591661151555261,
      "acc_stderr": 0.012197767350433115
    },
    "xstory_cloze-mt_nllb-200-distilled-1.3B_hi": {
      "acc": 0.6657842488418266,
      "acc_stderr": 0.012139246810918228
    },
    "xstory_cloze-mt_nllb-200-distilled-1.3B_id": {
      "acc": 0.6624751819986764,
      "acc_stderr": 0.012168840221678039
    },
    "xstory_cloze-mt_nllb-200-distilled-1.3B_my": {
      "acc": 0.6042356055592323,
      "acc_stderr": 0.01258441532065435
    },
    "xstory_cloze-mt_nllb-200-distilled-1.3B_ru": {
      "acc": 0.6836532097948379,
      "acc_stderr": 0.01196771314697377
    },
    "xstory_cloze-mt_nllb-200-distilled-1.3B_sw": {
      "acc": 0.628722700198544,
      "acc_stderr": 0.012433411152341697
    },
    "xstory_cloze-mt_nllb-200-distilled-1.3B_te": {
      "acc": 0.6618133686300464,
      "acc_stderr": 0.012174678796437402
    },
    "xstory_cloze-mt_nllb-200-distilled-1.3B_zh": {
      "acc": 0.6459298477829252,
      "acc_stderr": 0.012306905387461632
    },
    "xstory_cloze-mt_nllb-200-distilled-600M_ar": {
      "acc": 0.6439444076770351,
      "acc_stderr": 0.012322380637220484
    },
    "xstory_cloze-mt_nllb-200-distilled-600M_es": {
      "acc": 0.6684315023163467,
      "acc_stderr": 0.012115089081880099
    },
    "xstory_cloze-mt_nllb-200-distilled-600M_eu": {
      "acc": 0.6545334215751158,
      "acc_stderr": 0.012237154952655066
    },
    "xstory_cloze-mt_nllb-200-distilled-600M_hi": {
      "acc": 0.6446062210456651,
      "acc_stderr": 0.01231724793041837
    },
    "xstory_cloze-mt_nllb-200-distilled-600M_id": {
      "acc": 0.6399735274652548,
      "acc_stderr": 0.012352638981498524
    },
    "xstory_cloze-mt_nllb-200-distilled-600M_my": {
      "acc": 0.5764394440767704,
      "acc_stderr": 0.012715871382881454
    },
    "xstory_cloze-mt_nllb-200-distilled-600M_ru": {
      "acc": 0.6618133686300464,
      "acc_stderr": 0.012174678796437402
    },
    "xstory_cloze-mt_nllb-200-distilled-600M_sw": {
      "acc": 0.6273990734612839,
      "acc_stderr": 0.012442436359907098
    },
    "xstory_cloze-mt_nllb-200-distilled-600M_te": {
      "acc": 0.6538716082064858,
      "acc_stderr": 0.012242676637496359
    },
    "xstory_cloze-mt_nllb-200-distilled-600M_zh": {
      "acc": 0.6088682991396426,
      "acc_stderr": 0.012558411693622694
    }
  },
  "versions": {
    "xstory_cloze-mt_nllb-200-1.3B_ar": 0,
    "xstory_cloze-mt_nllb-200-1.3B_es": 0,
    "xstory_cloze-mt_nllb-200-1.3B_eu": 0,
    "xstory_cloze-mt_nllb-200-1.3B_hi": 0,
    "xstory_cloze-mt_nllb-200-1.3B_id": 0,
    "xstory_cloze-mt_nllb-200-1.3B_my": 0,
    "xstory_cloze-mt_nllb-200-1.3B_ru": 0,
    "xstory_cloze-mt_nllb-200-1.3B_sw": 0,
    "xstory_cloze-mt_nllb-200-1.3B_te": 0,
    "xstory_cloze-mt_nllb-200-1.3B_zh": 0,
    "xstory_cloze-mt_nllb-200-3.3B_ar": 0,
    "xstory_cloze-mt_nllb-200-3.3B_es": 0,
    "xstory_cloze-mt_nllb-200-3.3B_eu": 0,
    "xstory_cloze-mt_nllb-200-3.3B_hi": 0,
    "xstory_cloze-mt_nllb-200-3.3B_id": 0,
    "xstory_cloze-mt_nllb-200-3.3B_my": 0,
    "xstory_cloze-mt_nllb-200-3.3B_ru": 0,
    "xstory_cloze-mt_nllb-200-3.3B_sw": 0,
    "xstory_cloze-mt_nllb-200-3.3B_te": 0,
    "xstory_cloze-mt_nllb-200-3.3B_zh": 0,
    "xstory_cloze-mt_nllb-200-distilled-1.3B_ar": 0,
    "xstory_cloze-mt_nllb-200-distilled-1.3B_es": 0,
    "xstory_cloze-mt_nllb-200-distilled-1.3B_eu": 0,
    "xstory_cloze-mt_nllb-200-distilled-1.3B_hi": 0,
    "xstory_cloze-mt_nllb-200-distilled-1.3B_id": 0,
    "xstory_cloze-mt_nllb-200-distilled-1.3B_my": 0,
    "xstory_cloze-mt_nllb-200-distilled-1.3B_ru": 0,
    "xstory_cloze-mt_nllb-200-distilled-1.3B_sw": 0,
    "xstory_cloze-mt_nllb-200-distilled-1.3B_te": 0,
    "xstory_cloze-mt_nllb-200-distilled-1.3B_zh": 0,
    "xstory_cloze-mt_nllb-200-distilled-600M_ar": 0,
    "xstory_cloze-mt_nllb-200-distilled-600M_es": 0,
    "xstory_cloze-mt_nllb-200-distilled-600M_eu": 0,
    "xstory_cloze-mt_nllb-200-distilled-600M_hi": 0,
    "xstory_cloze-mt_nllb-200-distilled-600M_id": 0,
    "xstory_cloze-mt_nllb-200-distilled-600M_my": 0,
    "xstory_cloze-mt_nllb-200-distilled-600M_ru": 0,
    "xstory_cloze-mt_nllb-200-distilled-600M_sw": 0,
    "xstory_cloze-mt_nllb-200-distilled-600M_te": 0,
    "xstory_cloze-mt_nllb-200-distilled-600M_zh": 0
  },
  "config": {
    "model": "hf-causal-experimental",
    "model_args": "pretrained=openlm-research/open_llama_7b",
    "num_fewshot": 0,
    "batch_size": "auto",
    "device": "cuda",
    "no_cache": true,
    "limit": null,
    "bootstrap_iters": 100000,
    "description_dict": {}
  }
}