{
  "results": {
    "mgsm-mt_nllb-200-1.3B_bn": {
      "acc": 0.036,
      "acc_stderr": 0.011805655169278133
    },
    "mgsm-mt_nllb-200-1.3B_de": {
      "acc": 0.08,
      "acc_stderr": 0.01719250794146297
    },
    "mgsm-mt_nllb-200-1.3B_es": {
      "acc": 0.08,
      "acc_stderr": 0.017192507941462983
    },
    "mgsm-mt_nllb-200-1.3B_fr": {
      "acc": 0.056,
      "acc_stderr": 0.0145706973368996
    },
    "mgsm-mt_nllb-200-1.3B_ja": {
      "acc": 0.064,
      "acc_stderr": 0.015510587134374143
    },
    "mgsm-mt_nllb-200-1.3B_ru": {
      "acc": 0.06,
      "acc_stderr": 0.015050117079158784
    },
    "mgsm-mt_nllb-200-1.3B_sw": {
      "acc": 0.056,
      "acc_stderr": 0.014570697336899596
    },
    "mgsm-mt_nllb-200-1.3B_te": {
      "acc": 0.08,
      "acc_stderr": 0.01719250794146298
    },
    "mgsm-mt_nllb-200-1.3B_th": {
      "acc": 0.048,
      "acc_stderr": 0.01354688422808569
    },
    "mgsm-mt_nllb-200-1.3B_zh": {
      "acc": 0.068,
      "acc_stderr": 0.015953748410747023
    },
    "mgsm-mt_nllb-200-3.3B_bn": {
      "acc": 0.064,
      "acc_stderr": 0.015510587134374155
    },
    "mgsm-mt_nllb-200-3.3B_de": {
      "acc": 0.064,
      "acc_stderr": 0.015510587134374141
    },
    "mgsm-mt_nllb-200-3.3B_es": {
      "acc": 0.064,
      "acc_stderr": 0.015510587134374136
    },
    "mgsm-mt_nllb-200-3.3B_fr": {
      "acc": 0.052,
      "acc_stderr": 0.014070391025641645
    },
    "mgsm-mt_nllb-200-3.3B_ja": {
      "acc": 0.096,
      "acc_stderr": 0.018668961419477152
    },
    "mgsm-mt_nllb-200-3.3B_ru": {
      "acc": 0.06,
      "acc_stderr": 0.015050117079158752
    },
    "mgsm-mt_nllb-200-3.3B_sw": {
      "acc": 0.068,
      "acc_stderr": 0.01595374841074702
    },
    "mgsm-mt_nllb-200-3.3B_te": {
      "acc": 0.088,
      "acc_stderr": 0.01795308477705291
    },
    "mgsm-mt_nllb-200-3.3B_th": {
      "acc": 0.068,
      "acc_stderr": 0.015953748410747016
    },
    "mgsm-mt_nllb-200-3.3B_zh": {
      "acc": 0.048,
      "acc_stderr": 0.013546884228085698
    },
    "mgsm-mt_nllb-200-distilled-1.3B_bn": {
      "acc": 0.044,
      "acc_stderr": 0.01299737384657497
    },
    "mgsm-mt_nllb-200-distilled-1.3B_de": {
      "acc": 0.072,
      "acc_stderr": 0.016381005750490105
    },
    "mgsm-mt_nllb-200-distilled-1.3B_es": {
      "acc": 0.068,
      "acc_stderr": 0.01595374841074702
    },
    "mgsm-mt_nllb-200-distilled-1.3B_fr": {
      "acc": 0.056,
      "acc_stderr": 0.014570697336899596
    },
    "mgsm-mt_nllb-200-distilled-1.3B_ja": {
      "acc": 0.06,
      "acc_stderr": 0.015050117079158749
    },
    "mgsm-mt_nllb-200-distilled-1.3B_ru": {
      "acc": 0.064,
      "acc_stderr": 0.015510587134374136
    },
    "mgsm-mt_nllb-200-distilled-1.3B_sw": {
      "acc": 0.064,
      "acc_stderr": 0.015510587134374148
    },
    "mgsm-mt_nllb-200-distilled-1.3B_te": {
      "acc": 0.052,
      "acc_stderr": 0.014070391025641654
    },
    "mgsm-mt_nllb-200-distilled-1.3B_th": {
      "acc": 0.04,
      "acc_stderr": 0.012418408411301304
    },
    "mgsm-mt_nllb-200-distilled-1.3B_zh": {
      "acc": 0.064,
      "acc_stderr": 0.015510587134374148
    },
    "mgsm-mt_nllb-200-distilled-600M_bn": {
      "acc": 0.056,
      "acc_stderr": 0.014570697336899594
    },
    "mgsm-mt_nllb-200-distilled-600M_de": {
      "acc": 0.068,
      "acc_stderr": 0.01595374841074703
    },
    "mgsm-mt_nllb-200-distilled-600M_es": {
      "acc": 0.048,
      "acc_stderr": 0.013546884228085707
    },
    "mgsm-mt_nllb-200-distilled-600M_fr": {
      "acc": 0.068,
      "acc_stderr": 0.01595374841074702
    },
    "mgsm-mt_nllb-200-distilled-600M_ja": {
      "acc": 0.024,
      "acc_stderr": 0.009699087026964244
    },
    "mgsm-mt_nllb-200-distilled-600M_ru": {
      "acc": 0.044,
      "acc_stderr": 0.01299737384657495
    },
    "mgsm-mt_nllb-200-distilled-600M_sw": {
      "acc": 0.06,
      "acc_stderr": 0.01505011707915875
    },
    "mgsm-mt_nllb-200-distilled-600M_te": {
      "acc": 0.056,
      "acc_stderr": 0.014570697336899596
    },
    "mgsm-mt_nllb-200-distilled-600M_th": {
      "acc": 0.04,
      "acc_stderr": 0.012418408411301303
    },
    "mgsm-mt_nllb-200-distilled-600M_zh": {
      "acc": 0.056,
      "acc_stderr": 0.014570697336899602
    }
  },
  "versions": {
    "mgsm-mt_nllb-200-1.3B_bn": 0,
    "mgsm-mt_nllb-200-1.3B_de": 0,
    "mgsm-mt_nllb-200-1.3B_es": 0,
    "mgsm-mt_nllb-200-1.3B_fr": 0,
    "mgsm-mt_nllb-200-1.3B_ja": 0,
    "mgsm-mt_nllb-200-1.3B_ru": 0,
    "mgsm-mt_nllb-200-1.3B_sw": 0,
    "mgsm-mt_nllb-200-1.3B_te": 0,
    "mgsm-mt_nllb-200-1.3B_th": 0,
    "mgsm-mt_nllb-200-1.3B_zh": 0,
    "mgsm-mt_nllb-200-3.3B_bn": 0,
    "mgsm-mt_nllb-200-3.3B_de": 0,
    "mgsm-mt_nllb-200-3.3B_es": 0,
    "mgsm-mt_nllb-200-3.3B_fr": 0,
    "mgsm-mt_nllb-200-3.3B_ja": 0,
    "mgsm-mt_nllb-200-3.3B_ru": 0,
    "mgsm-mt_nllb-200-3.3B_sw": 0,
    "mgsm-mt_nllb-200-3.3B_te": 0,
    "mgsm-mt_nllb-200-3.3B_th": 0,
    "mgsm-mt_nllb-200-3.3B_zh": 0,
    "mgsm-mt_nllb-200-distilled-1.3B_bn": 0,
    "mgsm-mt_nllb-200-distilled-1.3B_de": 0,
    "mgsm-mt_nllb-200-distilled-1.3B_es": 0,
    "mgsm-mt_nllb-200-distilled-1.3B_fr": 0,
    "mgsm-mt_nllb-200-distilled-1.3B_ja": 0,
    "mgsm-mt_nllb-200-distilled-1.3B_ru": 0,
    "mgsm-mt_nllb-200-distilled-1.3B_sw": 0,
    "mgsm-mt_nllb-200-distilled-1.3B_te": 0,
    "mgsm-mt_nllb-200-distilled-1.3B_th": 0,
    "mgsm-mt_nllb-200-distilled-1.3B_zh": 0,
    "mgsm-mt_nllb-200-distilled-600M_bn": 0,
    "mgsm-mt_nllb-200-distilled-600M_de": 0,
    "mgsm-mt_nllb-200-distilled-600M_es": 0,
    "mgsm-mt_nllb-200-distilled-600M_fr": 0,
    "mgsm-mt_nllb-200-distilled-600M_ja": 0,
    "mgsm-mt_nllb-200-distilled-600M_ru": 0,
    "mgsm-mt_nllb-200-distilled-600M_sw": 0,
    "mgsm-mt_nllb-200-distilled-600M_te": 0,
    "mgsm-mt_nllb-200-distilled-600M_th": 0,
    "mgsm-mt_nllb-200-distilled-600M_zh": 0
  },
  "config": {
    "model": "hf-causal-experimental",
    "model_args": "pretrained=openlm-research/open_llama_7b",
    "num_fewshot": 8,
    "batch_size": "auto",
    "device": "cuda",
    "no_cache": true,
    "limit": null,
    "bootstrap_iters": 100000,
    "description_dict": {}
  }
}