{
  "results": {
    "xnli-mt_nllb-200-3.3B_ar": {
      "acc": 0.5153692614770459,
      "acc_stderr": 0.00706137406979512
    },
    "xnli-mt_nllb-200-3.3B_bg": {
      "acc": 0.5255489021956088,
      "acc_stderr": 0.007055483469949182
    },
    "xnli-mt_nllb-200-3.3B_de": {
      "acc": 0.5383233532934132,
      "acc_stderr": 0.007043930266689764
    },
    "xnli-mt_nllb-200-3.3B_el": {
      "acc": 0.5239520958083832,
      "acc_stderr": 0.007056601681556865
    },
    "xnli-mt_nllb-200-3.3B_es": {
      "acc": 0.5291417165668663,
      "acc_stderr": 0.007052702953973549
    },
    "xnli-mt_nllb-200-3.3B_fr": {
      "acc": 0.5363273453093812,
      "acc_stderr": 0.007046041494004671
    },
    "xnli-mt_nllb-200-3.3B_hi": {
      "acc": 0.5047904191616767,
      "acc_stderr": 0.007064388178197122
    },
    "xnli-mt_nllb-200-3.3B_ru": {
      "acc": 0.5235528942115768,
      "acc_stderr": 0.007056869935809585
    },
    "xnli-mt_nllb-200-3.3B_sw": {
      "acc": 0.49700598802395207,
      "acc_stderr": 0.007064585770493396
    },
    "xnli-mt_nllb-200-3.3B_th": {
      "acc": 0.49520958083832334,
      "acc_stderr": 0.007064388178197126
    },
    "xnli-mt_nllb-200-3.3B_tr": {
      "acc": 0.5195608782435129,
      "acc_stderr": 0.007059304046147469
    },
    "xnli-mt_nllb-200-3.3B_ur": {
      "acc": 0.47065868263473054,
      "acc_stderr": 0.007052537734727397
    },
    "xnli-mt_nllb-200-3.3B_vi": {
      "acc": 0.5211576846307385,
      "acc_stderr": 0.00705838459201018
    },
    "xnli-mt_nllb-200-3.3B_zh": {
      "acc": 0.5195608782435129,
      "acc_stderr": 0.007059304046147469
    }
  },
  "versions": {
    "xnli-mt_nllb-200-3.3B_ar": 0,
    "xnli-mt_nllb-200-3.3B_bg": 0,
    "xnli-mt_nllb-200-3.3B_de": 0,
    "xnli-mt_nllb-200-3.3B_el": 0,
    "xnli-mt_nllb-200-3.3B_es": 0,
    "xnli-mt_nllb-200-3.3B_fr": 0,
    "xnli-mt_nllb-200-3.3B_hi": 0,
    "xnli-mt_nllb-200-3.3B_ru": 0,
    "xnli-mt_nllb-200-3.3B_sw": 0,
    "xnli-mt_nllb-200-3.3B_th": 0,
    "xnli-mt_nllb-200-3.3B_tr": 0,
    "xnli-mt_nllb-200-3.3B_ur": 0,
    "xnli-mt_nllb-200-3.3B_vi": 0,
    "xnli-mt_nllb-200-3.3B_zh": 0
  },
  "config": {
    "model": "hf-causal-experimental",
    "model_args": "pretrained=openlm-research/open_llama_7b",
    "num_fewshot": 0,
    "batch_size": "auto",
    "device": "cuda",
    "no_cache": true,
    "limit": null,
    "bootstrap_iters": 100000,
    "description_dict": {}
  }
}