{
  "results": {
    "xcopa-mt_nllb-200-1.3B_et": {
      "acc": 0.714,
      "acc_stderr": 0.020229346329177524
    },
    "xcopa-mt_nllb-200-1.3B_ht": {
      "acc": 0.676,
      "acc_stderr": 0.020950557312477452
    },
    "xcopa-mt_nllb-200-1.3B_id": {
      "acc": 0.724,
      "acc_stderr": 0.02001121929807353
    },
    "xcopa-mt_nllb-200-1.3B_it": {
      "acc": 0.726,
      "acc_stderr": 0.019966103540279462
    },
    "xcopa-mt_nllb-200-1.3B_qu": {
      "acc": 0.49,
      "acc_stderr": 0.022378596989230785
    },
    "xcopa-mt_nllb-200-1.3B_sw": {
      "acc": 0.688,
      "acc_stderr": 0.020740596536488083
    },
    "xcopa-mt_nllb-200-1.3B_ta": {
      "acc": 0.69,
      "acc_stderr": 0.020704041021724795
    },
    "xcopa-mt_nllb-200-1.3B_th": {
      "acc": 0.626,
      "acc_stderr": 0.02166071034720448
    },
    "xcopa-mt_nllb-200-1.3B_tr": {
      "acc": 0.72,
      "acc_stderr": 0.020099950647503226
    },
    "xcopa-mt_nllb-200-1.3B_vi": {
      "acc": 0.728,
      "acc_stderr": 0.019920483209566072
    },
    "xcopa-mt_nllb-200-1.3B_zh": {
      "acc": 0.702,
      "acc_stderr": 0.02047511809298897
    },
    "xcopa-mt_nllb-200-3.3B_et": {
      "acc": 0.726,
      "acc_stderr": 0.019966103540279462
    },
    "xcopa-mt_nllb-200-3.3B_ht": {
      "acc": 0.686,
      "acc_stderr": 0.020776701920308997
    },
    "xcopa-mt_nllb-200-3.3B_id": {
      "acc": 0.718,
      "acc_stderr": 0.020143572847290778
    },
    "xcopa-mt_nllb-200-3.3B_it": {
      "acc": 0.76,
      "acc_stderr": 0.019118866653759753
    },
    "xcopa-mt_nllb-200-3.3B_qu": {
      "acc": 0.502,
      "acc_stderr": 0.022382894986483524
    },
    "xcopa-mt_nllb-200-3.3B_sw": {
      "acc": 0.698,
      "acc_stderr": 0.020553269174209184
    },
    "xcopa-mt_nllb-200-3.3B_ta": {
      "acc": 0.704,
      "acc_stderr": 0.020435342091896142
    },
    "xcopa-mt_nllb-200-3.3B_th": {
      "acc": 0.65,
      "acc_stderr": 0.021352091786223097
    },
    "xcopa-mt_nllb-200-3.3B_tr": {
      "acc": 0.724,
      "acc_stderr": 0.02001121929807353
    },
    "xcopa-mt_nllb-200-3.3B_vi": {
      "acc": 0.724,
      "acc_stderr": 0.02001121929807353
    },
    "xcopa-mt_nllb-200-3.3B_zh": {
      "acc": 0.726,
      "acc_stderr": 0.019966103540279462
    },
    "xcopa-mt_nllb-200-distilled-1.3B_et": {
      "acc": 0.738,
      "acc_stderr": 0.019684688820194723
    },
    "xcopa-mt_nllb-200-distilled-1.3B_ht": {
      "acc": 0.678,
      "acc_stderr": 0.020916668330019886
    },
    "xcopa-mt_nllb-200-distilled-1.3B_id": {
      "acc": 0.704,
      "acc_stderr": 0.020435342091896146
    },
    "xcopa-mt_nllb-200-distilled-1.3B_it": {
      "acc": 0.752,
      "acc_stderr": 0.019332342821239103
    },
    "xcopa-mt_nllb-200-distilled-1.3B_qu": {
      "acc": 0.582,
      "acc_stderr": 0.02208001481222814
    },
    "xcopa-mt_nllb-200-distilled-1.3B_sw": {
      "acc": 0.662,
      "acc_stderr": 0.021175665695209407
    },
    "xcopa-mt_nllb-200-distilled-1.3B_ta": {
      "acc": 0.69,
      "acc_stderr": 0.020704041021724788
    },
    "xcopa-mt_nllb-200-distilled-1.3B_th": {
      "acc": 0.658,
      "acc_stderr": 0.02123614719989926
    },
    "xcopa-mt_nllb-200-distilled-1.3B_tr": {
      "acc": 0.694,
      "acc_stderr": 0.020629569998345396
    },
    "xcopa-mt_nllb-200-distilled-1.3B_vi": {
      "acc": 0.716,
      "acc_stderr": 0.020186703693570847
    },
    "xcopa-mt_nllb-200-distilled-1.3B_zh": {
      "acc": 0.74,
      "acc_stderr": 0.019635965529725515
    },
    "xcopa-mt_nllb-200-distilled-600M_et": {
      "acc": 0.682,
      "acc_stderr": 0.020847571620814014
    },
    "xcopa-mt_nllb-200-distilled-600M_ht": {
      "acc": 0.626,
      "acc_stderr": 0.021660710347204487
    },
    "xcopa-mt_nllb-200-distilled-600M_id": {
      "acc": 0.694,
      "acc_stderr": 0.020629569998345396
    },
    "xcopa-mt_nllb-200-distilled-600M_it": {
      "acc": 0.714,
      "acc_stderr": 0.020229346329177524
    },
    "xcopa-mt_nllb-200-distilled-600M_qu": {
      "acc": 0.526,
      "acc_stderr": 0.02235279165091416
    },
    "xcopa-mt_nllb-200-distilled-600M_sw": {
      "acc": 0.632,
      "acc_stderr": 0.021588982568353548
    },
    "xcopa-mt_nllb-200-distilled-600M_ta": {
      "acc": 0.654,
      "acc_stderr": 0.021294951277234637
    },
    "xcopa-mt_nllb-200-distilled-600M_th": {
      "acc": 0.626,
      "acc_stderr": 0.02166071034720448
    },
    "xcopa-mt_nllb-200-distilled-600M_tr": {
      "acc": 0.676,
      "acc_stderr": 0.020950557312477462
    },
    "xcopa-mt_nllb-200-distilled-600M_vi": {
      "acc": 0.684,
      "acc_stderr": 0.020812359515855854
    },
    "xcopa-mt_nllb-200-distilled-600M_zh": {
      "acc": 0.672,
      "acc_stderr": 0.021017027165175485
    }
  },
  "versions": {
    "xcopa-mt_nllb-200-1.3B_et": 0,
    "xcopa-mt_nllb-200-1.3B_ht": 0,
    "xcopa-mt_nllb-200-1.3B_id": 0,
    "xcopa-mt_nllb-200-1.3B_it": 0,
    "xcopa-mt_nllb-200-1.3B_qu": 0,
    "xcopa-mt_nllb-200-1.3B_sw": 0,
    "xcopa-mt_nllb-200-1.3B_ta": 0,
    "xcopa-mt_nllb-200-1.3B_th": 0,
    "xcopa-mt_nllb-200-1.3B_tr": 0,
    "xcopa-mt_nllb-200-1.3B_vi": 0,
    "xcopa-mt_nllb-200-1.3B_zh": 0,
    "xcopa-mt_nllb-200-3.3B_et": 0,
    "xcopa-mt_nllb-200-3.3B_ht": 0,
    "xcopa-mt_nllb-200-3.3B_id": 0,
    "xcopa-mt_nllb-200-3.3B_it": 0,
    "xcopa-mt_nllb-200-3.3B_qu": 0,
    "xcopa-mt_nllb-200-3.3B_sw": 0,
    "xcopa-mt_nllb-200-3.3B_ta": 0,
    "xcopa-mt_nllb-200-3.3B_th": 0,
    "xcopa-mt_nllb-200-3.3B_tr": 0,
    "xcopa-mt_nllb-200-3.3B_vi": 0,
    "xcopa-mt_nllb-200-3.3B_zh": 0,
    "xcopa-mt_nllb-200-distilled-1.3B_et": 0,
    "xcopa-mt_nllb-200-distilled-1.3B_ht": 0,
    "xcopa-mt_nllb-200-distilled-1.3B_id": 0,
    "xcopa-mt_nllb-200-distilled-1.3B_it": 0,
    "xcopa-mt_nllb-200-distilled-1.3B_qu": 0,
    "xcopa-mt_nllb-200-distilled-1.3B_sw": 0,
    "xcopa-mt_nllb-200-distilled-1.3B_ta": 0,
    "xcopa-mt_nllb-200-distilled-1.3B_th": 0,
    "xcopa-mt_nllb-200-distilled-1.3B_tr": 0,
    "xcopa-mt_nllb-200-distilled-1.3B_vi": 0,
    "xcopa-mt_nllb-200-distilled-1.3B_zh": 0,
    "xcopa-mt_nllb-200-distilled-600M_et": 0,
    "xcopa-mt_nllb-200-distilled-600M_ht": 0,
    "xcopa-mt_nllb-200-distilled-600M_id": 0,
    "xcopa-mt_nllb-200-distilled-600M_it": 0,
    "xcopa-mt_nllb-200-distilled-600M_qu": 0,
    "xcopa-mt_nllb-200-distilled-600M_sw": 0,
    "xcopa-mt_nllb-200-distilled-600M_ta": 0,
    "xcopa-mt_nllb-200-distilled-600M_th": 0,
    "xcopa-mt_nllb-200-distilled-600M_tr": 0,
    "xcopa-mt_nllb-200-distilled-600M_vi": 0,
    "xcopa-mt_nllb-200-distilled-600M_zh": 0
  },
  "config": {
    "model": "hf-causal-experimental",
    "model_args": "pretrained=openlm-research/open_llama_13b",
    "num_fewshot": 0,
    "batch_size": "auto",
    "device": "cuda",
    "no_cache": true,
    "limit": null,
    "bootstrap_iters": 100000,
    "description_dict": {}
  }
}