{
  "results": {
    "xcopa_et": {
      "acc": 0.502,
      "acc_stderr": 0.022382894986483524
    },
    "xcopa_ht": {
      "acc": 0.51,
      "acc_stderr": 0.02237859698923078
    },
    "xcopa_id": {
      "acc": 0.558,
      "acc_stderr": 0.02223197069632112
    },
    "xcopa_it": {
      "acc": 0.642,
      "acc_stderr": 0.02146143486285913
    },
    "xcopa_qu": {
      "acc": 0.498,
      "acc_stderr": 0.022382894986483524
    },
    "xcopa_sw": {
      "acc": 0.53,
      "acc_stderr": 0.022342748192502846
    },
    "xcopa_ta": {
      "acc": 0.536,
      "acc_stderr": 0.022324981738385253
    },
    "xcopa_th": {
      "acc": 0.566,
      "acc_stderr": 0.022187215803029004
    },
    "xcopa_tr": {
      "acc": 0.542,
      "acc_stderr": 0.022303966774269938
    },
    "xcopa_vi": {
      "acc": 0.506,
      "acc_stderr": 0.022381462412439324
    },
    "xcopa_zh": {
      "acc": 0.552,
      "acc_stderr": 0.02226169729227013
    }
  },
  "versions": {
    "xcopa_et": 0,
    "xcopa_ht": 0,
    "xcopa_id": 0,
    "xcopa_it": 0,
    "xcopa_qu": 0,
    "xcopa_sw": 0,
    "xcopa_ta": 0,
    "xcopa_th": 0,
    "xcopa_tr": 0,
    "xcopa_vi": 0,
    "xcopa_zh": 0
  },
  "config": {
    "model": "hf-causal-experimental",
    "model_args": "pretrained=openlm-research/open_llama_13b",
    "num_fewshot": 0,
    "batch_size": "auto",
    "device": "cuda",
    "no_cache": true,
    "limit": null,
    "bootstrap_iters": 100000,
    "description_dict": {}
  }
}