{
  "results": {
    "xwinograd_en": {
      "acc": 0.858494623655914,
      "acc_stderr": 0.007229981705393848
    },
    "xwinograd_fr": {
      "acc": 0.6867469879518072,
      "acc_stderr": 0.05121994210658145
    },
    "xwinograd_jp": {
      "acc": 0.6287799791449427,
      "acc_stderr": 0.015609259235278875
    },
    "xwinograd_pt": {
      "acc": 0.6806083650190115,
      "acc_stderr": 0.02880446175714679
    },
    "xwinograd_ru": {
      "acc": 0.653968253968254,
      "acc_stderr": 0.026845499021972884
    },
    "xwinograd_zh": {
      "acc": 0.6626984126984127,
      "acc_stderr": 0.021080609583415448
    }
  },
  "versions": {
    "xwinograd_en": 0,
    "xwinograd_fr": 0,
    "xwinograd_jp": 0,
    "xwinograd_pt": 0,
    "xwinograd_ru": 0,
    "xwinograd_zh": 0
  },
  "config": {
    "model": "hf-causal-experimental",
    "model_args": "pretrained=Salesforce/xgen-7b-4k-base,dtype=bfloat16",
    "num_fewshot": 0,
    "batch_size": "auto",
    "device": "cuda",
    "no_cache": true,
    "limit": null,
    "bootstrap_iters": 100000,
    "description_dict": {}
  }
}