{
  "results": {
    "xcopa-mt_nllb-200-1.3B_et": {
      "acc": 0.696,
      "acc_stderr": 0.02059164957122493
    },
    "xcopa-mt_nllb-200-1.3B_ht": {
      "acc": 0.678,
      "acc_stderr": 0.020916668330019882
    },
    "xcopa-mt_nllb-200-1.3B_id": {
      "acc": 0.706,
      "acc_stderr": 0.020395095484936593
    },
    "xcopa-mt_nllb-200-1.3B_it": {
      "acc": 0.728,
      "acc_stderr": 0.01992048320956607
    },
    "xcopa-mt_nllb-200-1.3B_qu": {
      "acc": 0.492,
      "acc_stderr": 0.022380208834928035
    },
    "xcopa-mt_nllb-200-1.3B_sw": {
      "acc": 0.684,
      "acc_stderr": 0.02081235951585586
    },
    "xcopa-mt_nllb-200-1.3B_ta": {
      "acc": 0.67,
      "acc_stderr": 0.021049612166134803
    },
    "xcopa-mt_nllb-200-1.3B_th": {
      "acc": 0.646,
      "acc_stderr": 0.02140758204791645
    },
    "xcopa-mt_nllb-200-1.3B_tr": {
      "acc": 0.7,
      "acc_stderr": 0.020514426225628036
    },
    "xcopa-mt_nllb-200-1.3B_vi": {
      "acc": 0.706,
      "acc_stderr": 0.020395095484936593
    },
    "xcopa-mt_nllb-200-1.3B_zh": {
      "acc": 0.682,
      "acc_stderr": 0.02084757162081401
    },
    "xcopa-mt_nllb-200-3.3B_et": {
      "acc": 0.704,
      "acc_stderr": 0.02043534209189614
    },
    "xcopa-mt_nllb-200-3.3B_ht": {
      "acc": 0.684,
      "acc_stderr": 0.020812359515855864
    },
    "xcopa-mt_nllb-200-3.3B_id": {
      "acc": 0.702,
      "acc_stderr": 0.02047511809298897
    },
    "xcopa-mt_nllb-200-3.3B_it": {
      "acc": 0.742,
      "acc_stderr": 0.019586711785215837
    },
    "xcopa-mt_nllb-200-3.3B_qu": {
      "acc": 0.53,
      "acc_stderr": 0.022342748192502846
    },
    "xcopa-mt_nllb-200-3.3B_sw": {
      "acc": 0.688,
      "acc_stderr": 0.020740596536488066
    },
    "xcopa-mt_nllb-200-3.3B_ta": {
      "acc": 0.684,
      "acc_stderr": 0.020812359515855854
    },
    "xcopa-mt_nllb-200-3.3B_th": {
      "acc": 0.628,
      "acc_stderr": 0.021637197985722396
    },
    "xcopa-mt_nllb-200-3.3B_tr": {
      "acc": 0.692,
      "acc_stderr": 0.020667032987466104
    },
    "xcopa-mt_nllb-200-3.3B_vi": {
      "acc": 0.718,
      "acc_stderr": 0.020143572847290778
    },
    "xcopa-mt_nllb-200-3.3B_zh": {
      "acc": 0.726,
      "acc_stderr": 0.01996610354027947
    },
    "xcopa-mt_nllb-200-distilled-1.3B_et": {
      "acc": 0.718,
      "acc_stderr": 0.020143572847290785
    },
    "xcopa-mt_nllb-200-distilled-1.3B_ht": {
      "acc": 0.688,
      "acc_stderr": 0.020740596536488076
    },
    "xcopa-mt_nllb-200-distilled-1.3B_id": {
      "acc": 0.688,
      "acc_stderr": 0.020740596536488055
    },
    "xcopa-mt_nllb-200-distilled-1.3B_it": {
      "acc": 0.732,
      "acc_stderr": 0.01982771485958757
    },
    "xcopa-mt_nllb-200-distilled-1.3B_qu": {
      "acc": 0.552,
      "acc_stderr": 0.022261697292270125
    },
    "xcopa-mt_nllb-200-distilled-1.3B_sw": {
      "acc": 0.67,
      "acc_stderr": 0.02104961216613481
    },
    "xcopa-mt_nllb-200-distilled-1.3B_ta": {
      "acc": 0.682,
      "acc_stderr": 0.020847571620814007
    },
    "xcopa-mt_nllb-200-distilled-1.3B_th": {
      "acc": 0.66,
      "acc_stderr": 0.021206117013673066
    },
    "xcopa-mt_nllb-200-distilled-1.3B_tr": {
      "acc": 0.686,
      "acc_stderr": 0.020776701920309
    },
    "xcopa-mt_nllb-200-distilled-1.3B_vi": {
      "acc": 0.708,
      "acc_stderr": 0.020354375480530085
    },
    "xcopa-mt_nllb-200-distilled-1.3B_zh": {
      "acc": 0.728,
      "acc_stderr": 0.019920483209566072
    },
    "xcopa-mt_nllb-200-distilled-600M_et": {
      "acc": 0.666,
      "acc_stderr": 0.021113492347743745
    },
    "xcopa-mt_nllb-200-distilled-600M_ht": {
      "acc": 0.632,
      "acc_stderr": 0.021588982568353544
    },
    "xcopa-mt_nllb-200-distilled-600M_id": {
      "acc": 0.684,
      "acc_stderr": 0.020812359515855847
    },
    "xcopa-mt_nllb-200-distilled-600M_it": {
      "acc": 0.692,
      "acc_stderr": 0.0206670329874661
    },
    "xcopa-mt_nllb-200-distilled-600M_qu": {
      "acc": 0.526,
      "acc_stderr": 0.02235279165091416
    },
    "xcopa-mt_nllb-200-distilled-600M_sw": {
      "acc": 0.626,
      "acc_stderr": 0.021660710347204484
    },
    "xcopa-mt_nllb-200-distilled-600M_ta": {
      "acc": 0.632,
      "acc_stderr": 0.02158898256835354
    },
    "xcopa-mt_nllb-200-distilled-600M_th": {
      "acc": 0.636,
      "acc_stderr": 0.021539170637317688
    },
    "xcopa-mt_nllb-200-distilled-600M_tr": {
      "acc": 0.676,
      "acc_stderr": 0.020950557312477462
    },
    "xcopa-mt_nllb-200-distilled-600M_vi": {
      "acc": 0.652,
      "acc_stderr": 0.021323728632807498
    },
    "xcopa-mt_nllb-200-distilled-600M_zh": {
      "acc": 0.666,
      "acc_stderr": 0.021113492347743745
    }
  },
  "versions": {
    "xcopa-mt_nllb-200-1.3B_et": 0,
    "xcopa-mt_nllb-200-1.3B_ht": 0,
    "xcopa-mt_nllb-200-1.3B_id": 0,
    "xcopa-mt_nllb-200-1.3B_it": 0,
    "xcopa-mt_nllb-200-1.3B_qu": 0,
    "xcopa-mt_nllb-200-1.3B_sw": 0,
    "xcopa-mt_nllb-200-1.3B_ta": 0,
    "xcopa-mt_nllb-200-1.3B_th": 0,
    "xcopa-mt_nllb-200-1.3B_tr": 0,
    "xcopa-mt_nllb-200-1.3B_vi": 0,
    "xcopa-mt_nllb-200-1.3B_zh": 0,
    "xcopa-mt_nllb-200-3.3B_et": 0,
    "xcopa-mt_nllb-200-3.3B_ht": 0,
    "xcopa-mt_nllb-200-3.3B_id": 0,
    "xcopa-mt_nllb-200-3.3B_it": 0,
    "xcopa-mt_nllb-200-3.3B_qu": 0,
    "xcopa-mt_nllb-200-3.3B_sw": 0,
    "xcopa-mt_nllb-200-3.3B_ta": 0,
    "xcopa-mt_nllb-200-3.3B_th": 0,
    "xcopa-mt_nllb-200-3.3B_tr": 0,
    "xcopa-mt_nllb-200-3.3B_vi": 0,
    "xcopa-mt_nllb-200-3.3B_zh": 0,
    "xcopa-mt_nllb-200-distilled-1.3B_et": 0,
    "xcopa-mt_nllb-200-distilled-1.3B_ht": 0,
    "xcopa-mt_nllb-200-distilled-1.3B_id": 0,
    "xcopa-mt_nllb-200-distilled-1.3B_it": 0,
    "xcopa-mt_nllb-200-distilled-1.3B_qu": 0,
    "xcopa-mt_nllb-200-distilled-1.3B_sw": 0,
    "xcopa-mt_nllb-200-distilled-1.3B_ta": 0,
    "xcopa-mt_nllb-200-distilled-1.3B_th": 0,
    "xcopa-mt_nllb-200-distilled-1.3B_tr": 0,
    "xcopa-mt_nllb-200-distilled-1.3B_vi": 0,
    "xcopa-mt_nllb-200-distilled-1.3B_zh": 0,
    "xcopa-mt_nllb-200-distilled-600M_et": 0,
    "xcopa-mt_nllb-200-distilled-600M_ht": 0,
    "xcopa-mt_nllb-200-distilled-600M_id": 0,
    "xcopa-mt_nllb-200-distilled-600M_it": 0,
    "xcopa-mt_nllb-200-distilled-600M_qu": 0,
    "xcopa-mt_nllb-200-distilled-600M_sw": 0,
    "xcopa-mt_nllb-200-distilled-600M_ta": 0,
    "xcopa-mt_nllb-200-distilled-600M_th": 0,
    "xcopa-mt_nllb-200-distilled-600M_tr": 0,
    "xcopa-mt_nllb-200-distilled-600M_vi": 0,
    "xcopa-mt_nllb-200-distilled-600M_zh": 0
  },
  "config": {
    "model": "hf-causal-experimental",
    "model_args": "pretrained=Salesforce/xgen-7b-4k-base,dtype=bfloat16,trust_remote_code=True",
    "num_fewshot": 0,
    "batch_size": "auto",
    "batch_sizes": [
      512
    ],
    "device": "cuda",
    "no_cache": true,
    "limit": null,
    "bootstrap_iters": 100000,
    "description_dict": {}
  }
}