{
  "results": {
    "xstory_cloze-mt_nllb-200-1.3B_ar": {
      "acc": 0.6320317670416943,
      "acc_stderr": 0.012410410404915698
    },
    "xstory_cloze-mt_nllb-200-1.3B_es": {
      "acc": 0.6604897418927862,
      "acc_stderr": 0.01218627614665944
    },
    "xstory_cloze-mt_nllb-200-1.3B_eu": {
      "acc": 0.6518861681005956,
      "acc_stderr": 0.012259084803727354
    },
    "xstory_cloze-mt_nllb-200-1.3B_hi": {
      "acc": 0.6631369953673064,
      "acc_stderr": 0.012162974996136378
    },
    "xstory_cloze-mt_nllb-200-1.3B_id": {
      "acc": 0.6320317670416943,
      "acc_stderr": 0.012410410404915702
    },
    "xstory_cloze-mt_nllb-200-1.3B_my": {
      "acc": 0.5896757114493713,
      "acc_stderr": 0.012658485800663392
    },
    "xstory_cloze-mt_nllb-200-1.3B_ru": {
      "acc": 0.671740569159497,
      "acc_stderr": 0.012084283945686681
    },
    "xstory_cloze-mt_nllb-200-1.3B_sw": {
      "acc": 0.6307081403044341,
      "acc_stderr": 0.012419685881273578
    },
    "xstory_cloze-mt_nllb-200-1.3B_te": {
      "acc": 0.6379880873593646,
      "acc_stderr": 0.01236742376945643
    },
    "xstory_cloze-mt_nllb-200-1.3B_zh": {
      "acc": 0.6260754467240238,
      "acc_stderr": 0.012451361842944481
    },
    "xstory_cloze-mt_nllb-200-3.3B_ar": {
      "acc": 0.6558570483123759,
      "acc_stderr": 0.012226032926509716
    },
    "xstory_cloze-mt_nllb-200-3.3B_es": {
      "acc": 0.6611515552614163,
      "acc_stderr": 0.012180490758739062
    },
    "xstory_cloze-mt_nllb-200-3.3B_eu": {
      "acc": 0.6340172071475844,
      "acc_stderr": 0.012396308684399381
    },
    "xstory_cloze-mt_nllb-200-3.3B_hi": {
      "acc": 0.6604897418927862,
      "acc_stderr": 0.01218627614665943
    },
    "xstory_cloze-mt_nllb-200-3.3B_id": {
      "acc": 0.6551952349437459,
      "acc_stderr": 0.012231607060884919
    },
    "xstory_cloze-mt_nllb-200-3.3B_my": {
      "acc": 0.6075446724023825,
      "acc_stderr": 0.012565962209486532
    },
    "xstory_cloze-mt_nllb-200-3.3B_ru": {
      "acc": 0.6843150231634679,
      "acc_stderr": 0.011960973299680221
    },
    "xstory_cloze-mt_nllb-200-3.3B_sw": {
      "acc": 0.6234281932495036,
      "acc_stderr": 0.012468914489659356
    },
    "xstory_cloze-mt_nllb-200-3.3B_te": {
      "acc": 0.6393117140966248,
      "acc_stderr": 0.012357592682139021
    },
    "xstory_cloze-mt_nllb-200-3.3B_zh": {
      "acc": 0.6591661151555261,
      "acc_stderr": 0.012197767350433117
    },
    "xstory_cloze-mt_nllb-200-distilled-1.3B_ar": {
      "acc": 0.6512243547319656,
      "acc_stderr": 0.012264502012981187
    },
    "xstory_cloze-mt_nllb-200-distilled-1.3B_es": {
      "acc": 0.6598279285241562,
      "acc_stderr": 0.012192034998028836
    },
    "xstory_cloze-mt_nllb-200-distilled-1.3B_eu": {
      "acc": 0.6373262739907346,
      "acc_stderr": 0.012372301216772914
    },
    "xstory_cloze-mt_nllb-200-distilled-1.3B_hi": {
      "acc": 0.6525479814692257,
      "acc_stderr": 0.012253641527935288
    },
    "xstory_cloze-mt_nllb-200-distilled-1.3B_id": {
      "acc": 0.6406353408338848,
      "acc_stderr": 0.01234765980210167
    },
    "xstory_cloze-mt_nllb-200-distilled-1.3B_my": {
      "acc": 0.5876902713434812,
      "acc_stderr": 0.012667694122397046
    },
    "xstory_cloze-mt_nllb-200-distilled-1.3B_ru": {
      "acc": 0.6671078755790867,
      "acc_stderr": 0.012127221798743733
    },
    "xstory_cloze-mt_nllb-200-distilled-1.3B_sw": {
      "acc": 0.6214427531436135,
      "acc_stderr": 0.012481818770003608
    },
    "xstory_cloze-mt_nllb-200-distilled-1.3B_te": {
      "acc": 0.6366644606221046,
      "acc_stderr": 0.012377153306613266
    },
    "xstory_cloze-mt_nllb-200-distilled-1.3B_zh": {
      "acc": 0.6406353408338848,
      "acc_stderr": 0.012347659802101675
    },
    "xstory_cloze-mt_nllb-200-distilled-600M_ar": {
      "acc": 0.6273990734612839,
      "acc_stderr": 0.012442436359907102
    },
    "xstory_cloze-mt_nllb-200-distilled-600M_es": {
      "acc": 0.6472534745201853,
      "acc_stderr": 0.012296459788853737
    },
    "xstory_cloze-mt_nllb-200-distilled-600M_eu": {
      "acc": 0.6366644606221046,
      "acc_stderr": 0.012377153306613273
    },
    "xstory_cloze-mt_nllb-200-distilled-600M_hi": {
      "acc": 0.6333553937789543,
      "acc_stderr": 0.012401034429990701
    },
    "xstory_cloze-mt_nllb-200-distilled-600M_id": {
      "acc": 0.6300463269358041,
      "acc_stderr": 0.01242428600292387
    },
    "xstory_cloze-mt_nllb-200-distilled-600M_my": {
      "acc": 0.5658504301786896,
      "acc_stderr": 0.01275504628991221
    },
    "xstory_cloze-mt_nllb-200-distilled-600M_ru": {
      "acc": 0.6518861681005956,
      "acc_stderr": 0.012259084803727357
    },
    "xstory_cloze-mt_nllb-200-distilled-600M_sw": {
      "acc": 0.6168100595632032,
      "acc_stderr": 0.01251106556530521
    },
    "xstory_cloze-mt_nllb-200-distilled-600M_te": {
      "acc": 0.6399735274652548,
      "acc_stderr": 0.012352638981498522
    },
    "xstory_cloze-mt_nllb-200-distilled-600M_zh": {
      "acc": 0.6029119788219722,
      "acc_stderr": 0.012591627740247463
    }
  },
  "versions": {
    "xstory_cloze-mt_nllb-200-1.3B_ar": 0,
    "xstory_cloze-mt_nllb-200-1.3B_es": 0,
    "xstory_cloze-mt_nllb-200-1.3B_eu": 0,
    "xstory_cloze-mt_nllb-200-1.3B_hi": 0,
    "xstory_cloze-mt_nllb-200-1.3B_id": 0,
    "xstory_cloze-mt_nllb-200-1.3B_my": 0,
    "xstory_cloze-mt_nllb-200-1.3B_ru": 0,
    "xstory_cloze-mt_nllb-200-1.3B_sw": 0,
    "xstory_cloze-mt_nllb-200-1.3B_te": 0,
    "xstory_cloze-mt_nllb-200-1.3B_zh": 0,
    "xstory_cloze-mt_nllb-200-3.3B_ar": 0,
    "xstory_cloze-mt_nllb-200-3.3B_es": 0,
    "xstory_cloze-mt_nllb-200-3.3B_eu": 0,
    "xstory_cloze-mt_nllb-200-3.3B_hi": 0,
    "xstory_cloze-mt_nllb-200-3.3B_id": 0,
    "xstory_cloze-mt_nllb-200-3.3B_my": 0,
    "xstory_cloze-mt_nllb-200-3.3B_ru": 0,
    "xstory_cloze-mt_nllb-200-3.3B_sw": 0,
    "xstory_cloze-mt_nllb-200-3.3B_te": 0,
    "xstory_cloze-mt_nllb-200-3.3B_zh": 0,
    "xstory_cloze-mt_nllb-200-distilled-1.3B_ar": 0,
    "xstory_cloze-mt_nllb-200-distilled-1.3B_es": 0,
    "xstory_cloze-mt_nllb-200-distilled-1.3B_eu": 0,
    "xstory_cloze-mt_nllb-200-distilled-1.3B_hi": 0,
    "xstory_cloze-mt_nllb-200-distilled-1.3B_id": 0,
    "xstory_cloze-mt_nllb-200-distilled-1.3B_my": 0,
    "xstory_cloze-mt_nllb-200-distilled-1.3B_ru": 0,
    "xstory_cloze-mt_nllb-200-distilled-1.3B_sw": 0,
    "xstory_cloze-mt_nllb-200-distilled-1.3B_te": 0,
    "xstory_cloze-mt_nllb-200-distilled-1.3B_zh": 0,
    "xstory_cloze-mt_nllb-200-distilled-600M_ar": 0,
    "xstory_cloze-mt_nllb-200-distilled-600M_es": 0,
    "xstory_cloze-mt_nllb-200-distilled-600M_eu": 0,
    "xstory_cloze-mt_nllb-200-distilled-600M_hi": 0,
    "xstory_cloze-mt_nllb-200-distilled-600M_id": 0,
    "xstory_cloze-mt_nllb-200-distilled-600M_my": 0,
    "xstory_cloze-mt_nllb-200-distilled-600M_ru": 0,
    "xstory_cloze-mt_nllb-200-distilled-600M_sw": 0,
    "xstory_cloze-mt_nllb-200-distilled-600M_te": 0,
    "xstory_cloze-mt_nllb-200-distilled-600M_zh": 0
  },
  "config": {
    "model": "hf-causal-experimental",
    "model_args": "pretrained=openlm-research/open_llama_3b",
    "num_fewshot": 0,
    "batch_size": "auto",
    "device": "cuda",
    "no_cache": true,
    "limit": null,
    "bootstrap_iters": 100000,
    "description_dict": {}
  }
}