{
  "results": {
    "mgsm-mt_nllb-200-1.3B_bn": {
      "acc": 0.024,
      "acc_stderr": 0.009699087026964249
    },
    "mgsm-mt_nllb-200-1.3B_de": {
      "acc": 0.028,
      "acc_stderr": 0.010454721651927302
    },
    "mgsm-mt_nllb-200-1.3B_es": {
      "acc": 0.036,
      "acc_stderr": 0.011805655169278133
    },
    "mgsm-mt_nllb-200-1.3B_fr": {
      "acc": 0.016,
      "acc_stderr": 0.00795166118887433
    },
    "mgsm-mt_nllb-200-1.3B_ja": {
      "acc": 0.04,
      "acc_stderr": 0.012418408411301304
    },
    "mgsm-mt_nllb-200-1.3B_ru": {
      "acc": 0.044,
      "acc_stderr": 0.012997373846574962
    },
    "mgsm-mt_nllb-200-1.3B_sw": {
      "acc": 0.04,
      "acc_stderr": 0.012418408411301308
    },
    "mgsm-mt_nllb-200-1.3B_te": {
      "acc": 0.044,
      "acc_stderr": 0.012997373846574947
    },
    "mgsm-mt_nllb-200-1.3B_th": {
      "acc": 0.028,
      "acc_stderr": 0.01045472165192731
    },
    "mgsm-mt_nllb-200-1.3B_zh": {
      "acc": 0.032,
      "acc_stderr": 0.01115354680923082
    },
    "mgsm-mt_nllb-200-3.3B_bn": {
      "acc": 0.04,
      "acc_stderr": 0.012418408411301303
    },
    "mgsm-mt_nllb-200-3.3B_de": {
      "acc": 0.044,
      "acc_stderr": 0.012997373846574952
    },
    "mgsm-mt_nllb-200-3.3B_es": {
      "acc": 0.032,
      "acc_stderr": 0.011153546809230832
    },
    "mgsm-mt_nllb-200-3.3B_fr": {
      "acc": 0.044,
      "acc_stderr": 0.012997373846574959
    },
    "mgsm-mt_nllb-200-3.3B_ja": {
      "acc": 0.044,
      "acc_stderr": 0.01299737384657499
    },
    "mgsm-mt_nllb-200-3.3B_ru": {
      "acc": 0.04,
      "acc_stderr": 0.012418408411301301
    },
    "mgsm-mt_nllb-200-3.3B_sw": {
      "acc": 0.06,
      "acc_stderr": 0.015050117079158742
    },
    "mgsm-mt_nllb-200-3.3B_te": {
      "acc": 0.052,
      "acc_stderr": 0.01407039102564163
    },
    "mgsm-mt_nllb-200-3.3B_th": {
      "acc": 0.032,
      "acc_stderr": 0.011153546809230832
    },
    "mgsm-mt_nllb-200-3.3B_zh": {
      "acc": 0.032,
      "acc_stderr": 0.01115354680923083
    },
    "mgsm-mt_nllb-200-distilled-1.3B_bn": {
      "acc": 0.04,
      "acc_stderr": 0.012418408411301303
    },
    "mgsm-mt_nllb-200-distilled-1.3B_de": {
      "acc": 0.028,
      "acc_stderr": 0.010454721651927278
    },
    "mgsm-mt_nllb-200-distilled-1.3B_es": {
      "acc": 0.016,
      "acc_stderr": 0.007951661188874339
    },
    "mgsm-mt_nllb-200-distilled-1.3B_fr": {
      "acc": 0.036,
      "acc_stderr": 0.011805655169278133
    },
    "mgsm-mt_nllb-200-distilled-1.3B_ja": {
      "acc": 0.048,
      "acc_stderr": 0.0135468842280857
    },
    "mgsm-mt_nllb-200-distilled-1.3B_ru": {
      "acc": 0.048,
      "acc_stderr": 0.013546884228085686
    },
    "mgsm-mt_nllb-200-distilled-1.3B_sw": {
      "acc": 0.036,
      "acc_stderr": 0.011805655169278133
    },
    "mgsm-mt_nllb-200-distilled-1.3B_te": {
      "acc": 0.028,
      "acc_stderr": 0.010454721651927328
    },
    "mgsm-mt_nllb-200-distilled-1.3B_th": {
      "acc": 0.008,
      "acc_stderr": 0.005645483676690185
    },
    "mgsm-mt_nllb-200-distilled-1.3B_zh": {
      "acc": 0.028,
      "acc_stderr": 0.01045472165192729
    },
    "mgsm-mt_nllb-200-distilled-600M_bn": {
      "acc": 0.028,
      "acc_stderr": 0.010454721651927288
    },
    "mgsm-mt_nllb-200-distilled-600M_de": {
      "acc": 0.024,
      "acc_stderr": 0.009699087026964261
    },
    "mgsm-mt_nllb-200-distilled-600M_es": {
      "acc": 0.02,
      "acc_stderr": 0.008872139507342683
    },
    "mgsm-mt_nllb-200-distilled-600M_fr": {
      "acc": 0.024,
      "acc_stderr": 0.00969908702696424
    },
    "mgsm-mt_nllb-200-distilled-600M_ja": {
      "acc": 0.028,
      "acc_stderr": 0.010454721651927295
    },
    "mgsm-mt_nllb-200-distilled-600M_ru": {
      "acc": 0.056,
      "acc_stderr": 0.014570697336899608
    },
    "mgsm-mt_nllb-200-distilled-600M_sw": {
      "acc": 0.024,
      "acc_stderr": 0.009699087026964254
    },
    "mgsm-mt_nllb-200-distilled-600M_te": {
      "acc": 0.032,
      "acc_stderr": 0.01115354680923083
    },
    "mgsm-mt_nllb-200-distilled-600M_th": {
      "acc": 0.048,
      "acc_stderr": 0.013546884228085728
    },
    "mgsm-mt_nllb-200-distilled-600M_zh": {
      "acc": 0.044,
      "acc_stderr": 0.012997373846574957
    }
  },
  "versions": {
    "mgsm-mt_nllb-200-1.3B_bn": 0,
    "mgsm-mt_nllb-200-1.3B_de": 0,
    "mgsm-mt_nllb-200-1.3B_es": 0,
    "mgsm-mt_nllb-200-1.3B_fr": 0,
    "mgsm-mt_nllb-200-1.3B_ja": 0,
    "mgsm-mt_nllb-200-1.3B_ru": 0,
    "mgsm-mt_nllb-200-1.3B_sw": 0,
    "mgsm-mt_nllb-200-1.3B_te": 0,
    "mgsm-mt_nllb-200-1.3B_th": 0,
    "mgsm-mt_nllb-200-1.3B_zh": 0,
    "mgsm-mt_nllb-200-3.3B_bn": 0,
    "mgsm-mt_nllb-200-3.3B_de": 0,
    "mgsm-mt_nllb-200-3.3B_es": 0,
    "mgsm-mt_nllb-200-3.3B_fr": 0,
    "mgsm-mt_nllb-200-3.3B_ja": 0,
    "mgsm-mt_nllb-200-3.3B_ru": 0,
    "mgsm-mt_nllb-200-3.3B_sw": 0,
    "mgsm-mt_nllb-200-3.3B_te": 0,
    "mgsm-mt_nllb-200-3.3B_th": 0,
    "mgsm-mt_nllb-200-3.3B_zh": 0,
    "mgsm-mt_nllb-200-distilled-1.3B_bn": 0,
    "mgsm-mt_nllb-200-distilled-1.3B_de": 0,
    "mgsm-mt_nllb-200-distilled-1.3B_es": 0,
    "mgsm-mt_nllb-200-distilled-1.3B_fr": 0,
    "mgsm-mt_nllb-200-distilled-1.3B_ja": 0,
    "mgsm-mt_nllb-200-distilled-1.3B_ru": 0,
    "mgsm-mt_nllb-200-distilled-1.3B_sw": 0,
    "mgsm-mt_nllb-200-distilled-1.3B_te": 0,
    "mgsm-mt_nllb-200-distilled-1.3B_th": 0,
    "mgsm-mt_nllb-200-distilled-1.3B_zh": 0,
    "mgsm-mt_nllb-200-distilled-600M_bn": 0,
    "mgsm-mt_nllb-200-distilled-600M_de": 0,
    "mgsm-mt_nllb-200-distilled-600M_es": 0,
    "mgsm-mt_nllb-200-distilled-600M_fr": 0,
    "mgsm-mt_nllb-200-distilled-600M_ja": 0,
    "mgsm-mt_nllb-200-distilled-600M_ru": 0,
    "mgsm-mt_nllb-200-distilled-600M_sw": 0,
    "mgsm-mt_nllb-200-distilled-600M_te": 0,
    "mgsm-mt_nllb-200-distilled-600M_th": 0,
    "mgsm-mt_nllb-200-distilled-600M_zh": 0
  },
  "config": {
    "model": "hf-causal-experimental",
    "model_args": "pretrained=openlm-research/open_llama_3b",
    "num_fewshot": 8,
    "batch_size": "auto",
    "device": "cuda",
    "no_cache": true,
    "limit": null,
    "bootstrap_iters": 100000,
    "description_dict": {}
  }
}