{
  "results": {
    "xcopa_et": {
      "acc": 0.474,
      "acc_stderr": 0.022352791650914163
    },
    "xcopa_ht": {
      "acc": 0.512,
      "acc_stderr": 0.02237662679792717
    },
    "xcopa_id": {
      "acc": 0.51,
      "acc_stderr": 0.02237859698923078
    },
    "xcopa_it": {
      "acc": 0.566,
      "acc_stderr": 0.022187215803029015
    },
    "xcopa_qu": {
      "acc": 0.516,
      "acc_stderr": 0.022371610982580396
    },
    "xcopa_sw": {
      "acc": 0.516,
      "acc_stderr": 0.0223716109825804
    },
    "xcopa_ta": {
      "acc": 0.534,
      "acc_stderr": 0.02233126442325838
    },
    "xcopa_th": {
      "acc": 0.532,
      "acc_stderr": 0.0223371864790443
    },
    "xcopa_tr": {
      "acc": 0.546,
      "acc_stderr": 0.02228814759117695
    },
    "xcopa_vi": {
      "acc": 0.516,
      "acc_stderr": 0.0223716109825804
    },
    "xcopa_zh": {
      "acc": 0.538,
      "acc_stderr": 0.02231833811987053
    }
  },
  "versions": {
    "xcopa_et": 0,
    "xcopa_ht": 0,
    "xcopa_id": 0,
    "xcopa_it": 0,
    "xcopa_qu": 0,
    "xcopa_sw": 0,
    "xcopa_ta": 0,
    "xcopa_th": 0,
    "xcopa_tr": 0,
    "xcopa_vi": 0,
    "xcopa_zh": 0
  },
  "config": {
    "model": "hf-causal-experimental",
    "model_args": "pretrained=openlm-research/open_llama_3b",
    "num_fewshot": 0,
    "batch_size": "auto",
    "device": "cuda",
    "no_cache": true,
    "limit": null,
    "bootstrap_iters": 100000,
    "description_dict": {}
  }
}