{
  "results": {
    "mgsm-mt_nllb-200-1.3B_bn": {
      "acc": 0.072,
      "acc_stderr": 0.016381005750490105
    },
    "mgsm-mt_nllb-200-1.3B_de": {
      "acc": 0.084,
      "acc_stderr": 0.017578738526776355
    },
    "mgsm-mt_nllb-200-1.3B_es": {
      "acc": 0.096,
      "acc_stderr": 0.018668961419477145
    },
    "mgsm-mt_nllb-200-1.3B_fr": {
      "acc": 0.092,
      "acc_stderr": 0.018316275379429644
    },
    "mgsm-mt_nllb-200-1.3B_ja": {
      "acc": 0.06,
      "acc_stderr": 0.015050117079158737
    },
    "mgsm-mt_nllb-200-1.3B_ru": {
      "acc": 0.08,
      "acc_stderr": 0.01719250794146298
    },
    "mgsm-mt_nllb-200-1.3B_sw": {
      "acc": 0.08,
      "acc_stderr": 0.01719250794146298
    },
    "mgsm-mt_nllb-200-1.3B_te": {
      "acc": 0.104,
      "acc_stderr": 0.01934510097484389
    },
    "mgsm-mt_nllb-200-1.3B_th": {
      "acc": 0.072,
      "acc_stderr": 0.016381005750490108
    },
    "mgsm-mt_nllb-200-1.3B_zh": {
      "acc": 0.088,
      "acc_stderr": 0.01795308477705291
    },
    "mgsm-mt_nllb-200-3.3B_bn": {
      "acc": 0.08,
      "acc_stderr": 0.017192507941462987
    },
    "mgsm-mt_nllb-200-3.3B_de": {
      "acc": 0.072,
      "acc_stderr": 0.016381005750490105
    },
    "mgsm-mt_nllb-200-3.3B_es": {
      "acc": 0.104,
      "acc_stderr": 0.01934510097484389
    },
    "mgsm-mt_nllb-200-3.3B_fr": {
      "acc": 0.112,
      "acc_stderr": 0.019985536939171437
    },
    "mgsm-mt_nllb-200-3.3B_ja": {
      "acc": 0.068,
      "acc_stderr": 0.01595374841074702
    },
    "mgsm-mt_nllb-200-3.3B_ru": {
      "acc": 0.064,
      "acc_stderr": 0.015510587134374157
    },
    "mgsm-mt_nllb-200-3.3B_sw": {
      "acc": 0.096,
      "acc_stderr": 0.018668961419477183
    },
    "mgsm-mt_nllb-200-3.3B_te": {
      "acc": 0.108,
      "acc_stderr": 0.01966955938156875
    },
    "mgsm-mt_nllb-200-3.3B_th": {
      "acc": 0.064,
      "acc_stderr": 0.01551058713437415
    },
    "mgsm-mt_nllb-200-3.3B_zh": {
      "acc": 0.084,
      "acc_stderr": 0.01757873852677635
    },
    "mgsm-mt_nllb-200-distilled-1.3B_bn": {
      "acc": 0.08,
      "acc_stderr": 0.017192507941462983
    },
    "mgsm-mt_nllb-200-distilled-1.3B_de": {
      "acc": 0.064,
      "acc_stderr": 0.015510587134374152
    },
    "mgsm-mt_nllb-200-distilled-1.3B_es": {
      "acc": 0.104,
      "acc_stderr": 0.01934510097484389
    },
    "mgsm-mt_nllb-200-distilled-1.3B_fr": {
      "acc": 0.108,
      "acc_stderr": 0.01966955938156875
    },
    "mgsm-mt_nllb-200-distilled-1.3B_ja": {
      "acc": 0.048,
      "acc_stderr": 0.013546884228085707
    },
    "mgsm-mt_nllb-200-distilled-1.3B_ru": {
      "acc": 0.096,
      "acc_stderr": 0.01866896141947716
    },
    "mgsm-mt_nllb-200-distilled-1.3B_sw": {
      "acc": 0.076,
      "acc_stderr": 0.01679357306785964
    },
    "mgsm-mt_nllb-200-distilled-1.3B_te": {
      "acc": 0.104,
      "acc_stderr": 0.019345100974843907
    },
    "mgsm-mt_nllb-200-distilled-1.3B_th": {
      "acc": 0.052,
      "acc_stderr": 0.01407039102564165
    },
    "mgsm-mt_nllb-200-distilled-1.3B_zh": {
      "acc": 0.068,
      "acc_stderr": 0.015953748410747027
    },
    "mgsm-mt_nllb-200-distilled-600M_bn": {
      "acc": 0.056,
      "acc_stderr": 0.014570697336899599
    },
    "mgsm-mt_nllb-200-distilled-600M_de": {
      "acc": 0.08,
      "acc_stderr": 0.01719250794146297
    },
    "mgsm-mt_nllb-200-distilled-600M_es": {
      "acc": 0.08,
      "acc_stderr": 0.01719250794146298
    },
    "mgsm-mt_nllb-200-distilled-600M_fr": {
      "acc": 0.064,
      "acc_stderr": 0.015510587134374152
    },
    "mgsm-mt_nllb-200-distilled-600M_ja": {
      "acc": 0.048,
      "acc_stderr": 0.013546884228085677
    },
    "mgsm-mt_nllb-200-distilled-600M_ru": {
      "acc": 0.064,
      "acc_stderr": 0.015510587134374134
    },
    "mgsm-mt_nllb-200-distilled-600M_sw": {
      "acc": 0.076,
      "acc_stderr": 0.01679357306785966
    },
    "mgsm-mt_nllb-200-distilled-600M_te": {
      "acc": 0.08,
      "acc_stderr": 0.017192507941462983
    },
    "mgsm-mt_nllb-200-distilled-600M_th": {
      "acc": 0.064,
      "acc_stderr": 0.015510587134374131
    },
    "mgsm-mt_nllb-200-distilled-600M_zh": {
      "acc": 0.068,
      "acc_stderr": 0.015953748410747027
    }
  },
  "versions": {
    "mgsm-mt_nllb-200-1.3B_bn": 0,
    "mgsm-mt_nllb-200-1.3B_de": 0,
    "mgsm-mt_nllb-200-1.3B_es": 0,
    "mgsm-mt_nllb-200-1.3B_fr": 0,
    "mgsm-mt_nllb-200-1.3B_ja": 0,
    "mgsm-mt_nllb-200-1.3B_ru": 0,
    "mgsm-mt_nllb-200-1.3B_sw": 0,
    "mgsm-mt_nllb-200-1.3B_te": 0,
    "mgsm-mt_nllb-200-1.3B_th": 0,
    "mgsm-mt_nllb-200-1.3B_zh": 0,
    "mgsm-mt_nllb-200-3.3B_bn": 0,
    "mgsm-mt_nllb-200-3.3B_de": 0,
    "mgsm-mt_nllb-200-3.3B_es": 0,
    "mgsm-mt_nllb-200-3.3B_fr": 0,
    "mgsm-mt_nllb-200-3.3B_ja": 0,
    "mgsm-mt_nllb-200-3.3B_ru": 0,
    "mgsm-mt_nllb-200-3.3B_sw": 0,
    "mgsm-mt_nllb-200-3.3B_te": 0,
    "mgsm-mt_nllb-200-3.3B_th": 0,
    "mgsm-mt_nllb-200-3.3B_zh": 0,
    "mgsm-mt_nllb-200-distilled-1.3B_bn": 0,
    "mgsm-mt_nllb-200-distilled-1.3B_de": 0,
    "mgsm-mt_nllb-200-distilled-1.3B_es": 0,
    "mgsm-mt_nllb-200-distilled-1.3B_fr": 0,
    "mgsm-mt_nllb-200-distilled-1.3B_ja": 0,
    "mgsm-mt_nllb-200-distilled-1.3B_ru": 0,
    "mgsm-mt_nllb-200-distilled-1.3B_sw": 0,
    "mgsm-mt_nllb-200-distilled-1.3B_te": 0,
    "mgsm-mt_nllb-200-distilled-1.3B_th": 0,
    "mgsm-mt_nllb-200-distilled-1.3B_zh": 0,
    "mgsm-mt_nllb-200-distilled-600M_bn": 0,
    "mgsm-mt_nllb-200-distilled-600M_de": 0,
    "mgsm-mt_nllb-200-distilled-600M_es": 0,
    "mgsm-mt_nllb-200-distilled-600M_fr": 0,
    "mgsm-mt_nllb-200-distilled-600M_ja": 0,
    "mgsm-mt_nllb-200-distilled-600M_ru": 0,
    "mgsm-mt_nllb-200-distilled-600M_sw": 0,
    "mgsm-mt_nllb-200-distilled-600M_te": 0,
    "mgsm-mt_nllb-200-distilled-600M_th": 0,
    "mgsm-mt_nllb-200-distilled-600M_zh": 0
  },
  "config": {
    "model": "hf-causal-experimental",
    "model_args": "pretrained=openlm-research/open_llama_7b_v2",
    "num_fewshot": 8,
    "batch_size": "auto",
    "batch_sizes": [],
    "device": "cuda",
    "no_cache": true,
    "limit": null,
    "bootstrap_iters": 100000,
    "description_dict": {}
  }
}