{
  "results": {
    "xwinograd_en": {
      "acc": 0.8640860215053764,
      "acc_stderr": 0.007108737712798066
    },
    "xwinograd_fr": {
      "acc": 0.6626506024096386,
      "acc_stderr": 0.0522126026203213
    },
    "xwinograd_jp": {
      "acc": 0.6016684045881127,
      "acc_stderr": 0.015816785549652837
    },
    "xwinograd_pt": {
      "acc": 0.7072243346007605,
      "acc_stderr": 0.02811223926963041
    },
    "xwinograd_ru": {
      "acc": 0.6603174603174603,
      "acc_stderr": 0.02672687475429403
    },
    "xwinograd_zh": {
      "acc": 0.7162698412698413,
      "acc_stderr": 0.020100510648841056
    }
  },
  "versions": {
    "xwinograd_en": 0,
    "xwinograd_fr": 0,
    "xwinograd_jp": 0,
    "xwinograd_pt": 0,
    "xwinograd_ru": 0,
    "xwinograd_zh": 0
  },
  "config": {
    "model": "hf-causal-experimental",
    "model_args": "pretrained=openlm-research/open_llama_7b_v2",
    "num_fewshot": 0,
    "batch_size": "auto",
    "batch_sizes": [
      256
    ],
    "device": "cuda",
    "no_cache": true,
    "limit": null,
    "bootstrap_iters": 100000,
    "description_dict": {}
  }
}