{
  "results": {
    "xcopa-mt_nllb-200-1.3B_et": {
      "acc": 0.714,
      "acc_stderr": 0.020229346329177524
    },
    "xcopa-mt_nllb-200-1.3B_ht": {
      "acc": 0.692,
      "acc_stderr": 0.020667032987466104
    },
    "xcopa-mt_nllb-200-1.3B_id": {
      "acc": 0.738,
      "acc_stderr": 0.01968468882019471
    },
    "xcopa-mt_nllb-200-1.3B_it": {
      "acc": 0.736,
      "acc_stderr": 0.019732885585922105
    },
    "xcopa-mt_nllb-200-1.3B_qu": {
      "acc": 0.492,
      "acc_stderr": 0.022380208834928028
    },
    "xcopa-mt_nllb-200-1.3B_sw": {
      "acc": 0.698,
      "acc_stderr": 0.020553269174209195
    },
    "xcopa-mt_nllb-200-1.3B_ta": {
      "acc": 0.682,
      "acc_stderr": 0.020847571620814007
    },
    "xcopa-mt_nllb-200-1.3B_th": {
      "acc": 0.608,
      "acc_stderr": 0.021854684955611253
    },
    "xcopa-mt_nllb-200-1.3B_tr": {
      "acc": 0.734,
      "acc_stderr": 0.019780559675655486
    },
    "xcopa-mt_nllb-200-1.3B_vi": {
      "acc": 0.716,
      "acc_stderr": 0.020186703693570847
    },
    "xcopa-mt_nllb-200-1.3B_zh": {
      "acc": 0.7,
      "acc_stderr": 0.02051442622562804
    },
    "xcopa-mt_nllb-200-3.3B_et": {
      "acc": 0.736,
      "acc_stderr": 0.01973288558592209
    },
    "xcopa-mt_nllb-200-3.3B_ht": {
      "acc": 0.688,
      "acc_stderr": 0.020740596536488073
    },
    "xcopa-mt_nllb-200-3.3B_id": {
      "acc": 0.722,
      "acc_stderr": 0.020055833888070897
    },
    "xcopa-mt_nllb-200-3.3B_it": {
      "acc": 0.776,
      "acc_stderr": 0.018663994464710797
    },
    "xcopa-mt_nllb-200-3.3B_qu": {
      "acc": 0.516,
      "acc_stderr": 0.022371610982580396
    },
    "xcopa-mt_nllb-200-3.3B_sw": {
      "acc": 0.69,
      "acc_stderr": 0.02070404102172479
    },
    "xcopa-mt_nllb-200-3.3B_ta": {
      "acc": 0.7,
      "acc_stderr": 0.02051442622562804
    },
    "xcopa-mt_nllb-200-3.3B_th": {
      "acc": 0.638,
      "acc_stderr": 0.021513662527582397
    },
    "xcopa-mt_nllb-200-3.3B_tr": {
      "acc": 0.71,
      "acc_stderr": 0.020313179231745172
    },
    "xcopa-mt_nllb-200-3.3B_vi": {
      "acc": 0.73,
      "acc_stderr": 0.019874354831287477
    },
    "xcopa-mt_nllb-200-3.3B_zh": {
      "acc": 0.728,
      "acc_stderr": 0.019920483209566072
    },
    "xcopa-mt_nllb-200-distilled-1.3B_et": {
      "acc": 0.74,
      "acc_stderr": 0.019635965529725512
    },
    "xcopa-mt_nllb-200-distilled-1.3B_ht": {
      "acc": 0.678,
      "acc_stderr": 0.020916668330019886
    },
    "xcopa-mt_nllb-200-distilled-1.3B_id": {
      "acc": 0.706,
      "acc_stderr": 0.020395095484936596
    },
    "xcopa-mt_nllb-200-distilled-1.3B_it": {
      "acc": 0.754,
      "acc_stderr": 0.019279819056352537
    },
    "xcopa-mt_nllb-200-distilled-1.3B_qu": {
      "acc": 0.582,
      "acc_stderr": 0.022080014812228137
    },
    "xcopa-mt_nllb-200-distilled-1.3B_sw": {
      "acc": 0.684,
      "acc_stderr": 0.020812359515855854
    },
    "xcopa-mt_nllb-200-distilled-1.3B_ta": {
      "acc": 0.692,
      "acc_stderr": 0.020667032987466104
    },
    "xcopa-mt_nllb-200-distilled-1.3B_th": {
      "acc": 0.672,
      "acc_stderr": 0.021017027165175485
    },
    "xcopa-mt_nllb-200-distilled-1.3B_tr": {
      "acc": 0.698,
      "acc_stderr": 0.020553269174209188
    },
    "xcopa-mt_nllb-200-distilled-1.3B_vi": {
      "acc": 0.73,
      "acc_stderr": 0.01987435483128748
    },
    "xcopa-mt_nllb-200-distilled-1.3B_zh": {
      "acc": 0.726,
      "acc_stderr": 0.019966103540279462
    },
    "xcopa-mt_nllb-200-distilled-600M_et": {
      "acc": 0.666,
      "acc_stderr": 0.021113492347743745
    },
    "xcopa-mt_nllb-200-distilled-600M_ht": {
      "acc": 0.63,
      "acc_stderr": 0.02161328916516578
    },
    "xcopa-mt_nllb-200-distilled-600M_id": {
      "acc": 0.686,
      "acc_stderr": 0.020776701920308997
    },
    "xcopa-mt_nllb-200-distilled-600M_it": {
      "acc": 0.706,
      "acc_stderr": 0.020395095484936586
    },
    "xcopa-mt_nllb-200-distilled-600M_qu": {
      "acc": 0.538,
      "acc_stderr": 0.022318338119870534
    },
    "xcopa-mt_nllb-200-distilled-600M_sw": {
      "acc": 0.628,
      "acc_stderr": 0.021637197985722396
    },
    "xcopa-mt_nllb-200-distilled-600M_ta": {
      "acc": 0.658,
      "acc_stderr": 0.02123614719989927
    },
    "xcopa-mt_nllb-200-distilled-600M_th": {
      "acc": 0.628,
      "acc_stderr": 0.021637197985722396
    },
    "xcopa-mt_nllb-200-distilled-600M_tr": {
      "acc": 0.682,
      "acc_stderr": 0.020847571620814014
    },
    "xcopa-mt_nllb-200-distilled-600M_vi": {
      "acc": 0.676,
      "acc_stderr": 0.020950557312477452
    },
    "xcopa-mt_nllb-200-distilled-600M_zh": {
      "acc": 0.682,
      "acc_stderr": 0.020847571620814014
    }
  },
  "versions": {
    "xcopa-mt_nllb-200-1.3B_et": 0,
    "xcopa-mt_nllb-200-1.3B_ht": 0,
    "xcopa-mt_nllb-200-1.3B_id": 0,
    "xcopa-mt_nllb-200-1.3B_it": 0,
    "xcopa-mt_nllb-200-1.3B_qu": 0,
    "xcopa-mt_nllb-200-1.3B_sw": 0,
    "xcopa-mt_nllb-200-1.3B_ta": 0,
    "xcopa-mt_nllb-200-1.3B_th": 0,
    "xcopa-mt_nllb-200-1.3B_tr": 0,
    "xcopa-mt_nllb-200-1.3B_vi": 0,
    "xcopa-mt_nllb-200-1.3B_zh": 0,
    "xcopa-mt_nllb-200-3.3B_et": 0,
    "xcopa-mt_nllb-200-3.3B_ht": 0,
    "xcopa-mt_nllb-200-3.3B_id": 0,
    "xcopa-mt_nllb-200-3.3B_it": 0,
    "xcopa-mt_nllb-200-3.3B_qu": 0,
    "xcopa-mt_nllb-200-3.3B_sw": 0,
    "xcopa-mt_nllb-200-3.3B_ta": 0,
    "xcopa-mt_nllb-200-3.3B_th": 0,
    "xcopa-mt_nllb-200-3.3B_tr": 0,
    "xcopa-mt_nllb-200-3.3B_vi": 0,
    "xcopa-mt_nllb-200-3.3B_zh": 0,
    "xcopa-mt_nllb-200-distilled-1.3B_et": 0,
    "xcopa-mt_nllb-200-distilled-1.3B_ht": 0,
    "xcopa-mt_nllb-200-distilled-1.3B_id": 0,
    "xcopa-mt_nllb-200-distilled-1.3B_it": 0,
    "xcopa-mt_nllb-200-distilled-1.3B_qu": 0,
    "xcopa-mt_nllb-200-distilled-1.3B_sw": 0,
    "xcopa-mt_nllb-200-distilled-1.3B_ta": 0,
    "xcopa-mt_nllb-200-distilled-1.3B_th": 0,
    "xcopa-mt_nllb-200-distilled-1.3B_tr": 0,
    "xcopa-mt_nllb-200-distilled-1.3B_vi": 0,
    "xcopa-mt_nllb-200-distilled-1.3B_zh": 0,
    "xcopa-mt_nllb-200-distilled-600M_et": 0,
    "xcopa-mt_nllb-200-distilled-600M_ht": 0,
    "xcopa-mt_nllb-200-distilled-600M_id": 0,
    "xcopa-mt_nllb-200-distilled-600M_it": 0,
    "xcopa-mt_nllb-200-distilled-600M_qu": 0,
    "xcopa-mt_nllb-200-distilled-600M_sw": 0,
    "xcopa-mt_nllb-200-distilled-600M_ta": 0,
    "xcopa-mt_nllb-200-distilled-600M_th": 0,
    "xcopa-mt_nllb-200-distilled-600M_tr": 0,
    "xcopa-mt_nllb-200-distilled-600M_vi": 0,
    "xcopa-mt_nllb-200-distilled-600M_zh": 0
  },
  "config": {
    "model": "hf-causal-experimental",
    "model_args": "pretrained=openlm-research/open_llama_7b_v2",
    "num_fewshot": 0,
    "batch_size": "auto",
    "batch_sizes": [
      512
    ],
    "device": "cuda",
    "no_cache": true,
    "limit": null,
    "bootstrap_iters": 100000,
    "description_dict": {}
  }
}