{
  "results": {
    "xstory_cloze-mt_nllb-200-1.3B_ar": {
      "acc": 0.6485771012574454,
      "acc_stderr": 0.01228591087173833
    },
    "xstory_cloze-mt_nllb-200-1.3B_es": {
      "acc": 0.686962276637988,
      "acc_stderr": 0.011933732786576634
    },
    "xstory_cloze-mt_nllb-200-1.3B_eu": {
      "acc": 0.6657842488418266,
      "acc_stderr": 0.012139246810918228
    },
    "xstory_cloze-mt_nllb-200-1.3B_hi": {
      "acc": 0.6776968894771674,
      "acc_stderr": 0.012027116588107725
    },
    "xstory_cloze-mt_nllb-200-1.3B_id": {
      "acc": 0.6512243547319656,
      "acc_stderr": 0.012264502012981203
    },
    "xstory_cloze-mt_nllb-200-1.3B_my": {
      "acc": 0.6240900066181337,
      "acc_stderr": 0.012464563551981894
    },
    "xstory_cloze-mt_nllb-200-1.3B_ru": {
      "acc": 0.6955658504301787,
      "acc_stderr": 0.011842062145503249
    },
    "xstory_cloze-mt_nllb-200-1.3B_sw": {
      "acc": 0.6472534745201853,
      "acc_stderr": 0.012296459788853728
    },
    "xstory_cloze-mt_nllb-200-1.3B_te": {
      "acc": 0.6637988087359364,
      "acc_stderr": 0.012157083081239743
    },
    "xstory_cloze-mt_nllb-200-1.3B_zh": {
      "acc": 0.6545334215751158,
      "acc_stderr": 0.012237154952655066
    },
    "xstory_cloze-mt_nllb-200-3.3B_ar": {
      "acc": 0.6763732627399074,
      "acc_stderr": 0.012040012546210338
    },
    "xstory_cloze-mt_nllb-200-3.3B_es": {
      "acc": 0.6955658504301787,
      "acc_stderr": 0.011842062145503249
    },
    "xstory_cloze-mt_nllb-200-3.3B_eu": {
      "acc": 0.6518861681005956,
      "acc_stderr": 0.012259084803727357
    },
    "xstory_cloze-mt_nllb-200-3.3B_hi": {
      "acc": 0.684976836532098,
      "acc_stderr": 0.011954205387840935
    },
    "xstory_cloze-mt_nllb-200-3.3B_id": {
      "acc": 0.6823295830575777,
      "acc_stderr": 0.011981108837175406
    },
    "xstory_cloze-mt_nllb-200-3.3B_my": {
      "acc": 0.6260754467240238,
      "acc_stderr": 0.012451361842944458
    },
    "xstory_cloze-mt_nllb-200-3.3B_ru": {
      "acc": 0.7035076108537393,
      "acc_stderr": 0.01175310730576363
    },
    "xstory_cloze-mt_nllb-200-3.3B_sw": {
      "acc": 0.6492389146260754,
      "acc_stderr": 0.012280597585639617
    },
    "xstory_cloze-mt_nllb-200-3.3B_te": {
      "acc": 0.6591661151555261,
      "acc_stderr": 0.012197767350433122
    },
    "xstory_cloze-mt_nllb-200-3.3B_zh": {
      "acc": 0.6790205162144275,
      "acc_stderr": 0.012014110213469808
    },
    "xstory_cloze-mt_nllb-200-distilled-1.3B_ar": {
      "acc": 0.671078755790867,
      "acc_stderr": 0.01209049923423951
    },
    "xstory_cloze-mt_nllb-200-distilled-1.3B_es": {
      "acc": 0.6829913964262078,
      "acc_stderr": 0.011974424977110303
    },
    "xstory_cloze-mt_nllb-200-distilled-1.3B_eu": {
      "acc": 0.6518861681005956,
      "acc_stderr": 0.012259084803727357
    },
    "xstory_cloze-mt_nllb-200-distilled-1.3B_hi": {
      "acc": 0.6671078755790867,
      "acc_stderr": 0.012127221798743737
    },
    "xstory_cloze-mt_nllb-200-distilled-1.3B_id": {
      "acc": 0.671078755790867,
      "acc_stderr": 0.01209049923423952
    },
    "xstory_cloze-mt_nllb-200-distilled-1.3B_my": {
      "acc": 0.6082064857710126,
      "acc_stderr": 0.012562199063960663
    },
    "xstory_cloze-mt_nllb-200-distilled-1.3B_ru": {
      "acc": 0.6882859033752482,
      "acc_stderr": 0.011919943180399338
    },
    "xstory_cloze-mt_nllb-200-distilled-1.3B_sw": {
      "acc": 0.6353408338848445,
      "acc_stderr": 0.012386781532906168
    },
    "xstory_cloze-mt_nllb-200-distilled-1.3B_te": {
      "acc": 0.6631369953673064,
      "acc_stderr": 0.012162974996136387
    },
    "xstory_cloze-mt_nllb-200-distilled-1.3B_zh": {
      "acc": 0.6551952349437459,
      "acc_stderr": 0.012231607060884924
    },
    "xstory_cloze-mt_nllb-200-distilled-600M_ar": {
      "acc": 0.6532097948378557,
      "acc_stderr": 0.012248172150852329
    },
    "xstory_cloze-mt_nllb-200-distilled-600M_es": {
      "acc": 0.6770350761085374,
      "acc_stderr": 0.01203357834696767
    },
    "xstory_cloze-mt_nllb-200-distilled-600M_eu": {
      "acc": 0.6611515552614163,
      "acc_stderr": 0.012180490758739056
    },
    "xstory_cloze-mt_nllb-200-distilled-600M_hi": {
      "acc": 0.6479152878888154,
      "acc_stderr": 0.012291198261674576
    },
    "xstory_cloze-mt_nllb-200-distilled-600M_id": {
      "acc": 0.6459298477829252,
      "acc_stderr": 0.012306905387461632
    },
    "xstory_cloze-mt_nllb-200-distilled-600M_my": {
      "acc": 0.57114493712773,
      "acc_stderr": 0.012736202713147793
    },
    "xstory_cloze-mt_nllb-200-distilled-600M_ru": {
      "acc": 0.6750496360026472,
      "acc_stderr": 0.012052798442200202
    },
    "xstory_cloze-mt_nllb-200-distilled-600M_sw": {
      "acc": 0.6320317670416943,
      "acc_stderr": 0.012410410404915698
    },
    "xstory_cloze-mt_nllb-200-distilled-600M_te": {
      "acc": 0.6664460622104567,
      "acc_stderr": 0.01213324774783533
    },
    "xstory_cloze-mt_nllb-200-distilled-600M_zh": {
      "acc": 0.6313699536730641,
      "acc_stderr": 0.012415060691280351
    }
  },
  "versions": {
    "xstory_cloze-mt_nllb-200-1.3B_ar": 0,
    "xstory_cloze-mt_nllb-200-1.3B_es": 0,
    "xstory_cloze-mt_nllb-200-1.3B_eu": 0,
    "xstory_cloze-mt_nllb-200-1.3B_hi": 0,
    "xstory_cloze-mt_nllb-200-1.3B_id": 0,
    "xstory_cloze-mt_nllb-200-1.3B_my": 0,
    "xstory_cloze-mt_nllb-200-1.3B_ru": 0,
    "xstory_cloze-mt_nllb-200-1.3B_sw": 0,
    "xstory_cloze-mt_nllb-200-1.3B_te": 0,
    "xstory_cloze-mt_nllb-200-1.3B_zh": 0,
    "xstory_cloze-mt_nllb-200-3.3B_ar": 0,
    "xstory_cloze-mt_nllb-200-3.3B_es": 0,
    "xstory_cloze-mt_nllb-200-3.3B_eu": 0,
    "xstory_cloze-mt_nllb-200-3.3B_hi": 0,
    "xstory_cloze-mt_nllb-200-3.3B_id": 0,
    "xstory_cloze-mt_nllb-200-3.3B_my": 0,
    "xstory_cloze-mt_nllb-200-3.3B_ru": 0,
    "xstory_cloze-mt_nllb-200-3.3B_sw": 0,
    "xstory_cloze-mt_nllb-200-3.3B_te": 0,
    "xstory_cloze-mt_nllb-200-3.3B_zh": 0,
    "xstory_cloze-mt_nllb-200-distilled-1.3B_ar": 0,
    "xstory_cloze-mt_nllb-200-distilled-1.3B_es": 0,
    "xstory_cloze-mt_nllb-200-distilled-1.3B_eu": 0,
    "xstory_cloze-mt_nllb-200-distilled-1.3B_hi": 0,
    "xstory_cloze-mt_nllb-200-distilled-1.3B_id": 0,
    "xstory_cloze-mt_nllb-200-distilled-1.3B_my": 0,
    "xstory_cloze-mt_nllb-200-distilled-1.3B_ru": 0,
    "xstory_cloze-mt_nllb-200-distilled-1.3B_sw": 0,
    "xstory_cloze-mt_nllb-200-distilled-1.3B_te": 0,
    "xstory_cloze-mt_nllb-200-distilled-1.3B_zh": 0,
    "xstory_cloze-mt_nllb-200-distilled-600M_ar": 0,
    "xstory_cloze-mt_nllb-200-distilled-600M_es": 0,
    "xstory_cloze-mt_nllb-200-distilled-600M_eu": 0,
    "xstory_cloze-mt_nllb-200-distilled-600M_hi": 0,
    "xstory_cloze-mt_nllb-200-distilled-600M_id": 0,
    "xstory_cloze-mt_nllb-200-distilled-600M_my": 0,
    "xstory_cloze-mt_nllb-200-distilled-600M_ru": 0,
    "xstory_cloze-mt_nllb-200-distilled-600M_sw": 0,
    "xstory_cloze-mt_nllb-200-distilled-600M_te": 0,
    "xstory_cloze-mt_nllb-200-distilled-600M_zh": 0
  },
  "config": {
    "model": "hf-causal-experimental",
    "model_args": "pretrained=openlm-research/open_llama_7b_v2",
    "num_fewshot": 0,
    "batch_size": "auto",
    "batch_sizes": [
      512
    ],
    "device": "cuda",
    "no_cache": true,
    "limit": null,
    "bootstrap_iters": 100000,
    "description_dict": {}
  }
}