{
  "results": {
    "pawsx-mt_nllb-200-1.3B_de": {
      "acc": 0.612,
      "acc_stderr": 0.01089896296428481
    },
    "pawsx-mt_nllb-200-1.3B_es": {
      "acc": 0.6055,
      "acc_stderr": 0.010931359582007999
    },
    "pawsx-mt_nllb-200-1.3B_fr": {
      "acc": 0.6045,
      "acc_stderr": 0.010936163625212346
    },
    "pawsx-mt_nllb-200-1.3B_ja": {
      "acc": 0.595,
      "acc_stderr": 0.010979425025334416
    },
    "pawsx-mt_nllb-200-1.3B_ko": {
      "acc": 0.58,
      "acc_stderr": 0.011039063840074267
    },
    "pawsx-mt_nllb-200-1.3B_zh": {
      "acc": 0.5835,
      "acc_stderr": 0.01102609007450798
    },
    "pawsx-mt_nllb-200-3.3B_de": {
      "acc": 0.622,
      "acc_stderr": 0.010845128325852176
    },
    "pawsx-mt_nllb-200-3.3B_es": {
      "acc": 0.6075,
      "acc_stderr": 0.010921607746018004
    },
    "pawsx-mt_nllb-200-3.3B_fr": {
      "acc": 0.615,
      "acc_stderr": 0.010883323176386975
    },
    "pawsx-mt_nllb-200-3.3B_ja": {
      "acc": 0.593,
      "acc_stderr": 0.010987987437832492
    },
    "pawsx-mt_nllb-200-3.3B_ko": {
      "acc": 0.5825,
      "acc_stderr": 0.011029855114729351
    },
    "pawsx-mt_nllb-200-3.3B_zh": {
      "acc": 0.5755,
      "acc_stderr": 0.011054907529701138
    },
    "pawsx-mt_nllb-200-distilled-1.3B_de": {
      "acc": 0.61,
      "acc_stderr": 0.010909147755547938
    },
    "pawsx-mt_nllb-200-distilled-1.3B_es": {
      "acc": 0.6145,
      "acc_stderr": 0.010885960089194143
    },
    "pawsx-mt_nllb-200-distilled-1.3B_fr": {
      "acc": 0.6035,
      "acc_stderr": 0.010940919836258155
    },
    "pawsx-mt_nllb-200-distilled-1.3B_ja": {
      "acc": 0.589,
      "acc_stderr": 0.011004546788714929
    },
    "pawsx-mt_nllb-200-distilled-1.3B_ko": {
      "acc": 0.573,
      "acc_stderr": 0.0110633041334482
    },
    "pawsx-mt_nllb-200-distilled-1.3B_zh": {
      "acc": 0.586,
      "acc_stderr": 0.011016473180681321
    },
    "pawsx-mt_nllb-200-distilled-600M_de": {
      "acc": 0.6105,
      "acc_stderr": 0.010906619649373084
    },
    "pawsx-mt_nllb-200-distilled-600M_es": {
      "acc": 0.6,
      "acc_stderr": 0.010957190790298965
    },
    "pawsx-mt_nllb-200-distilled-600M_fr": {
      "acc": 0.612,
      "acc_stderr": 0.010898962964284812
    },
    "pawsx-mt_nllb-200-distilled-600M_ja": {
      "acc": 0.5915,
      "acc_stderr": 0.0109942854318084
    },
    "pawsx-mt_nllb-200-distilled-600M_ko": {
      "acc": 0.561,
      "acc_stderr": 0.011099599116647338
    },
    "pawsx-mt_nllb-200-distilled-600M_zh": {
      "acc": 0.579,
      "acc_stderr": 0.011042665902539784
    }
  },
  "versions": {
    "pawsx-mt_nllb-200-1.3B_de": 0,
    "pawsx-mt_nllb-200-1.3B_es": 0,
    "pawsx-mt_nllb-200-1.3B_fr": 0,
    "pawsx-mt_nllb-200-1.3B_ja": 0,
    "pawsx-mt_nllb-200-1.3B_ko": 0,
    "pawsx-mt_nllb-200-1.3B_zh": 0,
    "pawsx-mt_nllb-200-3.3B_de": 0,
    "pawsx-mt_nllb-200-3.3B_es": 0,
    "pawsx-mt_nllb-200-3.3B_fr": 0,
    "pawsx-mt_nllb-200-3.3B_ja": 0,
    "pawsx-mt_nllb-200-3.3B_ko": 0,
    "pawsx-mt_nllb-200-3.3B_zh": 0,
    "pawsx-mt_nllb-200-distilled-1.3B_de": 0,
    "pawsx-mt_nllb-200-distilled-1.3B_es": 0,
    "pawsx-mt_nllb-200-distilled-1.3B_fr": 0,
    "pawsx-mt_nllb-200-distilled-1.3B_ja": 0,
    "pawsx-mt_nllb-200-distilled-1.3B_ko": 0,
    "pawsx-mt_nllb-200-distilled-1.3B_zh": 0,
    "pawsx-mt_nllb-200-distilled-600M_de": 0,
    "pawsx-mt_nllb-200-distilled-600M_es": 0,
    "pawsx-mt_nllb-200-distilled-600M_fr": 0,
    "pawsx-mt_nllb-200-distilled-600M_ja": 0,
    "pawsx-mt_nllb-200-distilled-600M_ko": 0,
    "pawsx-mt_nllb-200-distilled-600M_zh": 0
  },
  "config": {
    "model": "hf-causal-experimental",
    "model_args": "pretrained=meta-llama/Llama-2-7b-chat-hf",
    "num_fewshot": 0,
    "batch_size": "auto",
    "batch_sizes": [],
    "device": "cuda",
    "no_cache": true,
    "limit": null,
    "bootstrap_iters": 100000,
    "description_dict": {}
  }
}