{
  "results": {
    "xnli-mt_Llama-2-7b-chat-hf_ar": {
      "acc": 0.4087824351297405,
      "acc_stderr": 0.006946151663371399
    },
    "xnli-mt_Llama-2-7b-chat-hf_bg": {
      "acc": 0.47305389221556887,
      "acc_stderr": 0.007054445696700669
    },
    "xnli-mt_Llama-2-7b-chat-hf_de": {
      "acc": 0.480439121756487,
      "acc_stderr": 0.007059304046147469
    },
    "xnli-mt_Llama-2-7b-chat-hf_el": {
      "acc": 0.4297405189620758,
      "acc_stderr": 0.006994616264158255
    },
    "xnli-mt_Llama-2-7b-chat-hf_es": {
      "acc": 0.469061876247505,
      "acc_stderr": 0.007051175233238182
    },
    "xnli-mt_Llama-2-7b-chat-hf_fr": {
      "acc": 0.43233532934131735,
      "acc_stderr": 0.006999721814405425
    },
    "xnli-mt_Llama-2-7b-chat-hf_hi": {
      "acc": 0.39481037924151696,
      "acc_stderr": 0.006906603118537182
    },
    "xnli-mt_Llama-2-7b-chat-hf_ru": {
      "acc": 0.4235528942115768,
      "acc_stderr": 0.0069816495063573045
    },
    "xnli-mt_Llama-2-7b-chat-hf_sw": {
      "acc": 0.36307385229540917,
      "acc_stderr": 0.0067946409142557096
    },
    "xnli-mt_Llama-2-7b-chat-hf_th": {
      "acc": 0.3656686626746507,
      "acc_stderr": 0.006804973516940088
    },
    "xnli-mt_Llama-2-7b-chat-hf_tr": {
      "acc": 0.4183632734530938,
      "acc_stderr": 0.006969910014744625
    },
    "xnli-mt_Llama-2-7b-chat-hf_ur": {
      "acc": 0.3650698602794411,
      "acc_stderr": 0.00680260800155934
    },
    "xnli-mt_Llama-2-7b-chat-hf_vi": {
      "acc": 0.37345309381237524,
      "acc_stderr": 0.006834697691946482
    },
    "xnli-mt_Llama-2-7b-chat-hf_zh": {
      "acc": 0.40459081836327343,
      "acc_stderr": 0.006934900899149148
    }
  },
  "versions": {
    "xnli-mt_Llama-2-7b-chat-hf_ar": 0,
    "xnli-mt_Llama-2-7b-chat-hf_bg": 0,
    "xnli-mt_Llama-2-7b-chat-hf_de": 0,
    "xnli-mt_Llama-2-7b-chat-hf_el": 0,
    "xnli-mt_Llama-2-7b-chat-hf_es": 0,
    "xnli-mt_Llama-2-7b-chat-hf_fr": 0,
    "xnli-mt_Llama-2-7b-chat-hf_hi": 0,
    "xnli-mt_Llama-2-7b-chat-hf_ru": 0,
    "xnli-mt_Llama-2-7b-chat-hf_sw": 0,
    "xnli-mt_Llama-2-7b-chat-hf_th": 0,
    "xnli-mt_Llama-2-7b-chat-hf_tr": 0,
    "xnli-mt_Llama-2-7b-chat-hf_ur": 0,
    "xnli-mt_Llama-2-7b-chat-hf_vi": 0,
    "xnli-mt_Llama-2-7b-chat-hf_zh": 0
  },
  "config": {
    "model": "hf-causal-experimental",
    "model_args": "pretrained=meta-llama/Llama-2-7b-chat-hf",
    "num_fewshot": 0,
    "batch_size": "auto",
    "batch_sizes": [],
    "device": "cuda",
    "no_cache": true,
    "limit": null,
    "bootstrap_iters": 100000,
    "description_dict": {}
  }
}