{
  "results": {
    "xstory_cloze_ar": {
      "acc": 0.499669093315685,
      "acc_stderr": 0.01286712249849342
    },
    "xstory_cloze_en": {
      "acc": 0.7895433487756452,
      "acc_stderr": 0.010490129361754546
    },
    "xstory_cloze_es": {
      "acc": 0.671078755790867,
      "acc_stderr": 0.012090499234239507
    },
    "xstory_cloze_eu": {
      "acc": 0.5102581072137657,
      "acc_stderr": 0.012864417047980477
    },
    "xstory_cloze_hi": {
      "acc": 0.5433487756452681,
      "acc_stderr": 0.012818676452481957
    },
    "xstory_cloze_id": {
      "acc": 0.6015883520847121,
      "acc_stderr": 0.01259874393825289
    },
    "xstory_cloze_my": {
      "acc": 0.4884182660489742,
      "acc_stderr": 0.012863672949335875
    },
    "xstory_cloze_ru": {
      "acc": 0.6512243547319656,
      "acc_stderr": 0.012264502012981201
    },
    "xstory_cloze_sw": {
      "acc": 0.5201853077432164,
      "acc_stderr": 0.012856635706498292
    },
    "xstory_cloze_te": {
      "acc": 0.5373924553275976,
      "acc_stderr": 0.012831093347016561
    },
    "xstory_cloze_zh": {
      "acc": 0.6240900066181337,
      "acc_stderr": 0.012464563551981894
    }
  },
  "versions": {
    "xstory_cloze_ar": 0,
    "xstory_cloze_en": 0,
    "xstory_cloze_es": 0,
    "xstory_cloze_eu": 0,
    "xstory_cloze_hi": 0,
    "xstory_cloze_id": 0,
    "xstory_cloze_my": 0,
    "xstory_cloze_ru": 0,
    "xstory_cloze_sw": 0,
    "xstory_cloze_te": 0,
    "xstory_cloze_zh": 0
  },
  "config": {
    "model": "hf-causal-experimental",
    "model_args": "pretrained=meta-llama/Llama-2-7b-chat-hf",
    "num_fewshot": 0,
    "batch_size": "auto",
    "batch_sizes": [
      64
    ],
    "device": "cuda",
    "no_cache": true,
    "limit": null,
    "bootstrap_iters": 100000,
    "description_dict": {}
  }
}