{
  "results": {
    "xcopa-mt_nllb-200-1.3B_et": {
      "acc": 0.72,
      "acc_stderr": 0.020099950647503233
    },
    "xcopa-mt_nllb-200-1.3B_ht": {
      "acc": 0.682,
      "acc_stderr": 0.020847571620814003
    },
    "xcopa-mt_nllb-200-1.3B_id": {
      "acc": 0.722,
      "acc_stderr": 0.02005583388807089
    },
    "xcopa-mt_nllb-200-1.3B_it": {
      "acc": 0.736,
      "acc_stderr": 0.019732885585922098
    },
    "xcopa-mt_nllb-200-1.3B_qu": {
      "acc": 0.486,
      "acc_stderr": 0.02237429816635319
    },
    "xcopa-mt_nllb-200-1.3B_sw": {
      "acc": 0.686,
      "acc_stderr": 0.020776701920308997
    },
    "xcopa-mt_nllb-200-1.3B_ta": {
      "acc": 0.698,
      "acc_stderr": 0.020553269174209184
    },
    "xcopa-mt_nllb-200-1.3B_th": {
      "acc": 0.622,
      "acc_stderr": 0.021706550824518184
    },
    "xcopa-mt_nllb-200-1.3B_tr": {
      "acc": 0.736,
      "acc_stderr": 0.019732885585922098
    },
    "xcopa-mt_nllb-200-1.3B_vi": {
      "acc": 0.712,
      "acc_stderr": 0.020271503835075227
    },
    "xcopa-mt_nllb-200-1.3B_zh": {
      "acc": 0.716,
      "acc_stderr": 0.020186703693570847
    },
    "xcopa-mt_nllb-200-3.3B_et": {
      "acc": 0.724,
      "acc_stderr": 0.020011219298073535
    },
    "xcopa-mt_nllb-200-3.3B_ht": {
      "acc": 0.692,
      "acc_stderr": 0.020667032987466104
    },
    "xcopa-mt_nllb-200-3.3B_id": {
      "acc": 0.718,
      "acc_stderr": 0.020143572847290778
    },
    "xcopa-mt_nllb-200-3.3B_it": {
      "acc": 0.77,
      "acc_stderr": 0.018839050391123137
    },
    "xcopa-mt_nllb-200-3.3B_qu": {
      "acc": 0.526,
      "acc_stderr": 0.02235279165091416
    },
    "xcopa-mt_nllb-200-3.3B_sw": {
      "acc": 0.682,
      "acc_stderr": 0.020847571620814007
    },
    "xcopa-mt_nllb-200-3.3B_ta": {
      "acc": 0.69,
      "acc_stderr": 0.020704041021724795
    },
    "xcopa-mt_nllb-200-3.3B_th": {
      "acc": 0.646,
      "acc_stderr": 0.021407582047916453
    },
    "xcopa-mt_nllb-200-3.3B_tr": {
      "acc": 0.722,
      "acc_stderr": 0.020055833888070897
    },
    "xcopa-mt_nllb-200-3.3B_vi": {
      "acc": 0.746,
      "acc_stderr": 0.019486596801643382
    },
    "xcopa-mt_nllb-200-3.3B_zh": {
      "acc": 0.738,
      "acc_stderr": 0.019684688820194723
    },
    "xcopa-mt_nllb-200-distilled-1.3B_et": {
      "acc": 0.722,
      "acc_stderr": 0.020055833888070897
    },
    "xcopa-mt_nllb-200-distilled-1.3B_ht": {
      "acc": 0.698,
      "acc_stderr": 0.020553269174209184
    },
    "xcopa-mt_nllb-200-distilled-1.3B_id": {
      "acc": 0.706,
      "acc_stderr": 0.020395095484936596
    },
    "xcopa-mt_nllb-200-distilled-1.3B_it": {
      "acc": 0.748,
      "acc_stderr": 0.01943572728224953
    },
    "xcopa-mt_nllb-200-distilled-1.3B_qu": {
      "acc": 0.596,
      "acc_stderr": 0.021966635293832908
    },
    "xcopa-mt_nllb-200-distilled-1.3B_sw": {
      "acc": 0.68,
      "acc_stderr": 0.020882340488761805
    },
    "xcopa-mt_nllb-200-distilled-1.3B_ta": {
      "acc": 0.72,
      "acc_stderr": 0.020099950647503226
    },
    "xcopa-mt_nllb-200-distilled-1.3B_th": {
      "acc": 0.67,
      "acc_stderr": 0.021049612166134803
    },
    "xcopa-mt_nllb-200-distilled-1.3B_tr": {
      "acc": 0.7,
      "acc_stderr": 0.02051442622562804
    },
    "xcopa-mt_nllb-200-distilled-1.3B_vi": {
      "acc": 0.7,
      "acc_stderr": 0.02051442622562804
    },
    "xcopa-mt_nllb-200-distilled-1.3B_zh": {
      "acc": 0.744,
      "acc_stderr": 0.019536923574747598
    },
    "xcopa-mt_nllb-200-distilled-600M_et": {
      "acc": 0.672,
      "acc_stderr": 0.02101702716517548
    },
    "xcopa-mt_nllb-200-distilled-600M_ht": {
      "acc": 0.64,
      "acc_stderr": 0.021487751089720522
    },
    "xcopa-mt_nllb-200-distilled-600M_id": {
      "acc": 0.682,
      "acc_stderr": 0.020847571620814014
    },
    "xcopa-mt_nllb-200-distilled-600M_it": {
      "acc": 0.718,
      "acc_stderr": 0.020143572847290778
    },
    "xcopa-mt_nllb-200-distilled-600M_qu": {
      "acc": 0.542,
      "acc_stderr": 0.022303966774269945
    },
    "xcopa-mt_nllb-200-distilled-600M_sw": {
      "acc": 0.638,
      "acc_stderr": 0.021513662527582397
    },
    "xcopa-mt_nllb-200-distilled-600M_ta": {
      "acc": 0.638,
      "acc_stderr": 0.021513662527582404
    },
    "xcopa-mt_nllb-200-distilled-600M_th": {
      "acc": 0.63,
      "acc_stderr": 0.02161328916516579
    },
    "xcopa-mt_nllb-200-distilled-600M_tr": {
      "acc": 0.684,
      "acc_stderr": 0.02081235951585585
    },
    "xcopa-mt_nllb-200-distilled-600M_vi": {
      "acc": 0.664,
      "acc_stderr": 0.02114479142504885
    },
    "xcopa-mt_nllb-200-distilled-600M_zh": {
      "acc": 0.678,
      "acc_stderr": 0.020916668330019882
    }
  },
  "versions": {
    "xcopa-mt_nllb-200-1.3B_et": 0,
    "xcopa-mt_nllb-200-1.3B_ht": 0,
    "xcopa-mt_nllb-200-1.3B_id": 0,
    "xcopa-mt_nllb-200-1.3B_it": 0,
    "xcopa-mt_nllb-200-1.3B_qu": 0,
    "xcopa-mt_nllb-200-1.3B_sw": 0,
    "xcopa-mt_nllb-200-1.3B_ta": 0,
    "xcopa-mt_nllb-200-1.3B_th": 0,
    "xcopa-mt_nllb-200-1.3B_tr": 0,
    "xcopa-mt_nllb-200-1.3B_vi": 0,
    "xcopa-mt_nllb-200-1.3B_zh": 0,
    "xcopa-mt_nllb-200-3.3B_et": 0,
    "xcopa-mt_nllb-200-3.3B_ht": 0,
    "xcopa-mt_nllb-200-3.3B_id": 0,
    "xcopa-mt_nllb-200-3.3B_it": 0,
    "xcopa-mt_nllb-200-3.3B_qu": 0,
    "xcopa-mt_nllb-200-3.3B_sw": 0,
    "xcopa-mt_nllb-200-3.3B_ta": 0,
    "xcopa-mt_nllb-200-3.3B_th": 0,
    "xcopa-mt_nllb-200-3.3B_tr": 0,
    "xcopa-mt_nllb-200-3.3B_vi": 0,
    "xcopa-mt_nllb-200-3.3B_zh": 0,
    "xcopa-mt_nllb-200-distilled-1.3B_et": 0,
    "xcopa-mt_nllb-200-distilled-1.3B_ht": 0,
    "xcopa-mt_nllb-200-distilled-1.3B_id": 0,
    "xcopa-mt_nllb-200-distilled-1.3B_it": 0,
    "xcopa-mt_nllb-200-distilled-1.3B_qu": 0,
    "xcopa-mt_nllb-200-distilled-1.3B_sw": 0,
    "xcopa-mt_nllb-200-distilled-1.3B_ta": 0,
    "xcopa-mt_nllb-200-distilled-1.3B_th": 0,
    "xcopa-mt_nllb-200-distilled-1.3B_tr": 0,
    "xcopa-mt_nllb-200-distilled-1.3B_vi": 0,
    "xcopa-mt_nllb-200-distilled-1.3B_zh": 0,
    "xcopa-mt_nllb-200-distilled-600M_et": 0,
    "xcopa-mt_nllb-200-distilled-600M_ht": 0,
    "xcopa-mt_nllb-200-distilled-600M_id": 0,
    "xcopa-mt_nllb-200-distilled-600M_it": 0,
    "xcopa-mt_nllb-200-distilled-600M_qu": 0,
    "xcopa-mt_nllb-200-distilled-600M_sw": 0,
    "xcopa-mt_nllb-200-distilled-600M_ta": 0,
    "xcopa-mt_nllb-200-distilled-600M_th": 0,
    "xcopa-mt_nllb-200-distilled-600M_tr": 0,
    "xcopa-mt_nllb-200-distilled-600M_vi": 0,
    "xcopa-mt_nllb-200-distilled-600M_zh": 0
  },
  "config": {
    "model": "hf-causal-experimental",
    "model_args": "pretrained=meta-llama/Llama-2-7b-chat-hf",
    "num_fewshot": 0,
    "batch_size": "auto",
    "batch_sizes": [
      512
    ],
    "device": "cuda",
    "no_cache": true,
    "limit": null,
    "bootstrap_iters": 100000,
    "description_dict": {}
  }
}