{
  "results": {
    "xstory_cloze_ar": {
      "acc": 0.48643282594308407,
      "acc_stderr": 0.012862387586650073
    },
    "xstory_cloze_en": {
      "acc": 0.7478491065519524,
      "acc_stderr": 0.011175031901561881
    },
    "xstory_cloze_es": {
      "acc": 0.6267372600926538,
      "acc_stderr": 0.012446911553527134
    },
    "xstory_cloze_eu": {
      "acc": 0.5129053606882858,
      "acc_stderr": 0.01286283860572848
    },
    "xstory_cloze_hi": {
      "acc": 0.5168762409000662,
      "acc_stderr": 0.012859793919977606
    },
    "xstory_cloze_id": {
      "acc": 0.5175380542686963,
      "acc_stderr": 0.012859207453266307
    },
    "xstory_cloze_my": {
      "acc": 0.4798146922567836,
      "acc_stderr": 0.012856635706498289
    },
    "xstory_cloze_ru": {
      "acc": 0.5896757114493713,
      "acc_stderr": 0.012658485800663394
    },
    "xstory_cloze_sw": {
      "acc": 0.500330906684315,
      "acc_stderr": 0.012867122498493417
    },
    "xstory_cloze_te": {
      "acc": 0.5294506949040371,
      "acc_stderr": 0.012844785490017004
    },
    "xstory_cloze_zh": {
      "acc": 0.5684976836532097,
      "acc_stderr": 0.012745810046098411
    }
  },
  "versions": {
    "xstory_cloze_ar": 0,
    "xstory_cloze_en": 0,
    "xstory_cloze_es": 0,
    "xstory_cloze_eu": 0,
    "xstory_cloze_hi": 0,
    "xstory_cloze_id": 0,
    "xstory_cloze_my": 0,
    "xstory_cloze_ru": 0,
    "xstory_cloze_sw": 0,
    "xstory_cloze_te": 0,
    "xstory_cloze_zh": 0
  },
  "config": {
    "model": "hf-causal-experimental",
    "model_args": "pretrained=Salesforce/xgen-7b-8k-base,dtype=bfloat16",
    "num_fewshot": 0,
    "batch_size": "auto",
    "device": "cuda",
    "no_cache": true,
    "limit": null,
    "bootstrap_iters": 100000,
    "description_dict": {}
  }
}