{
  "results": {
    "xcopa-mt_nllb-200-1.3B_et": {
      "acc": 0.704,
      "acc_stderr": 0.020435342091896135
    },
    "xcopa-mt_nllb-200-1.3B_ht": {
      "acc": 0.662,
      "acc_stderr": 0.02117566569520941
    },
    "xcopa-mt_nllb-200-1.3B_id": {
      "acc": 0.726,
      "acc_stderr": 0.019966103540279462
    },
    "xcopa-mt_nllb-200-1.3B_it": {
      "acc": 0.72,
      "acc_stderr": 0.020099950647503226
    },
    "xcopa-mt_nllb-200-1.3B_qu": {
      "acc": 0.484,
      "acc_stderr": 0.0223716109825804
    },
    "xcopa-mt_nllb-200-1.3B_sw": {
      "acc": 0.674,
      "acc_stderr": 0.020984009562393564
    },
    "xcopa-mt_nllb-200-1.3B_ta": {
      "acc": 0.67,
      "acc_stderr": 0.021049612166134803
    },
    "xcopa-mt_nllb-200-1.3B_th": {
      "acc": 0.614,
      "acc_stderr": 0.021793529219281172
    },
    "xcopa-mt_nllb-200-1.3B_tr": {
      "acc": 0.706,
      "acc_stderr": 0.020395095484936596
    },
    "xcopa-mt_nllb-200-1.3B_vi": {
      "acc": 0.706,
      "acc_stderr": 0.0203950954849366
    },
    "xcopa-mt_nllb-200-1.3B_zh": {
      "acc": 0.696,
      "acc_stderr": 0.02059164957122493
    },
    "xcopa-mt_nllb-200-3.3B_et": {
      "acc": 0.708,
      "acc_stderr": 0.020354375480530085
    },
    "xcopa-mt_nllb-200-3.3B_ht": {
      "acc": 0.67,
      "acc_stderr": 0.021049612166134817
    },
    "xcopa-mt_nllb-200-3.3B_id": {
      "acc": 0.71,
      "acc_stderr": 0.020313179231745172
    },
    "xcopa-mt_nllb-200-3.3B_it": {
      "acc": 0.736,
      "acc_stderr": 0.0197328855859221
    },
    "xcopa-mt_nllb-200-3.3B_qu": {
      "acc": 0.508,
      "acc_stderr": 0.022380208834928035
    },
    "xcopa-mt_nllb-200-3.3B_sw": {
      "acc": 0.674,
      "acc_stderr": 0.02098400956239357
    },
    "xcopa-mt_nllb-200-3.3B_ta": {
      "acc": 0.704,
      "acc_stderr": 0.020435342091896142
    },
    "xcopa-mt_nllb-200-3.3B_th": {
      "acc": 0.64,
      "acc_stderr": 0.021487751089720532
    },
    "xcopa-mt_nllb-200-3.3B_tr": {
      "acc": 0.708,
      "acc_stderr": 0.020354375480530082
    },
    "xcopa-mt_nllb-200-3.3B_vi": {
      "acc": 0.712,
      "acc_stderr": 0.02027150383507523
    },
    "xcopa-mt_nllb-200-3.3B_zh": {
      "acc": 0.714,
      "acc_stderr": 0.020229346329177528
    },
    "xcopa-mt_nllb-200-distilled-1.3B_et": {
      "acc": 0.71,
      "acc_stderr": 0.02031317923174519
    },
    "xcopa-mt_nllb-200-distilled-1.3B_ht": {
      "acc": 0.678,
      "acc_stderr": 0.020916668330019886
    },
    "xcopa-mt_nllb-200-distilled-1.3B_id": {
      "acc": 0.688,
      "acc_stderr": 0.020740596536488055
    },
    "xcopa-mt_nllb-200-distilled-1.3B_it": {
      "acc": 0.72,
      "acc_stderr": 0.020099950647503223
    },
    "xcopa-mt_nllb-200-distilled-1.3B_qu": {
      "acc": 0.57,
      "acc_stderr": 0.022162634426652835
    },
    "xcopa-mt_nllb-200-distilled-1.3B_sw": {
      "acc": 0.66,
      "acc_stderr": 0.021206117013673066
    },
    "xcopa-mt_nllb-200-distilled-1.3B_ta": {
      "acc": 0.664,
      "acc_stderr": 0.02114479142504884
    },
    "xcopa-mt_nllb-200-distilled-1.3B_th": {
      "acc": 0.65,
      "acc_stderr": 0.021352091786223104
    },
    "xcopa-mt_nllb-200-distilled-1.3B_tr": {
      "acc": 0.69,
      "acc_stderr": 0.020704041021724788
    },
    "xcopa-mt_nllb-200-distilled-1.3B_vi": {
      "acc": 0.71,
      "acc_stderr": 0.020313179231745172
    },
    "xcopa-mt_nllb-200-distilled-1.3B_zh": {
      "acc": 0.704,
      "acc_stderr": 0.020435342091896146
    },
    "xcopa-mt_nllb-200-distilled-600M_et": {
      "acc": 0.652,
      "acc_stderr": 0.021323728632807498
    },
    "xcopa-mt_nllb-200-distilled-600M_ht": {
      "acc": 0.634,
      "acc_stderr": 0.021564276850201618
    },
    "xcopa-mt_nllb-200-distilled-600M_id": {
      "acc": 0.674,
      "acc_stderr": 0.020984009562393578
    },
    "xcopa-mt_nllb-200-distilled-600M_it": {
      "acc": 0.69,
      "acc_stderr": 0.020704041021724774
    },
    "xcopa-mt_nllb-200-distilled-600M_qu": {
      "acc": 0.55,
      "acc_stderr": 0.022270877485360437
    },
    "xcopa-mt_nllb-200-distilled-600M_sw": {
      "acc": 0.622,
      "acc_stderr": 0.02170655082451818
    },
    "xcopa-mt_nllb-200-distilled-600M_ta": {
      "acc": 0.642,
      "acc_stderr": 0.021461434862859122
    },
    "xcopa-mt_nllb-200-distilled-600M_th": {
      "acc": 0.624,
      "acc_stderr": 0.02168382753928613
    },
    "xcopa-mt_nllb-200-distilled-600M_tr": {
      "acc": 0.682,
      "acc_stderr": 0.020847571620814007
    },
    "xcopa-mt_nllb-200-distilled-600M_vi": {
      "acc": 0.658,
      "acc_stderr": 0.02123614719989926
    },
    "xcopa-mt_nllb-200-distilled-600M_zh": {
      "acc": 0.666,
      "acc_stderr": 0.02111349234774374
    }
  },
  "versions": {
    "xcopa-mt_nllb-200-1.3B_et": 0,
    "xcopa-mt_nllb-200-1.3B_ht": 0,
    "xcopa-mt_nllb-200-1.3B_id": 0,
    "xcopa-mt_nllb-200-1.3B_it": 0,
    "xcopa-mt_nllb-200-1.3B_qu": 0,
    "xcopa-mt_nllb-200-1.3B_sw": 0,
    "xcopa-mt_nllb-200-1.3B_ta": 0,
    "xcopa-mt_nllb-200-1.3B_th": 0,
    "xcopa-mt_nllb-200-1.3B_tr": 0,
    "xcopa-mt_nllb-200-1.3B_vi": 0,
    "xcopa-mt_nllb-200-1.3B_zh": 0,
    "xcopa-mt_nllb-200-3.3B_et": 0,
    "xcopa-mt_nllb-200-3.3B_ht": 0,
    "xcopa-mt_nllb-200-3.3B_id": 0,
    "xcopa-mt_nllb-200-3.3B_it": 0,
    "xcopa-mt_nllb-200-3.3B_qu": 0,
    "xcopa-mt_nllb-200-3.3B_sw": 0,
    "xcopa-mt_nllb-200-3.3B_ta": 0,
    "xcopa-mt_nllb-200-3.3B_th": 0,
    "xcopa-mt_nllb-200-3.3B_tr": 0,
    "xcopa-mt_nllb-200-3.3B_vi": 0,
    "xcopa-mt_nllb-200-3.3B_zh": 0,
    "xcopa-mt_nllb-200-distilled-1.3B_et": 0,
    "xcopa-mt_nllb-200-distilled-1.3B_ht": 0,
    "xcopa-mt_nllb-200-distilled-1.3B_id": 0,
    "xcopa-mt_nllb-200-distilled-1.3B_it": 0,
    "xcopa-mt_nllb-200-distilled-1.3B_qu": 0,
    "xcopa-mt_nllb-200-distilled-1.3B_sw": 0,
    "xcopa-mt_nllb-200-distilled-1.3B_ta": 0,
    "xcopa-mt_nllb-200-distilled-1.3B_th": 0,
    "xcopa-mt_nllb-200-distilled-1.3B_tr": 0,
    "xcopa-mt_nllb-200-distilled-1.3B_vi": 0,
    "xcopa-mt_nllb-200-distilled-1.3B_zh": 0,
    "xcopa-mt_nllb-200-distilled-600M_et": 0,
    "xcopa-mt_nllb-200-distilled-600M_ht": 0,
    "xcopa-mt_nllb-200-distilled-600M_id": 0,
    "xcopa-mt_nllb-200-distilled-600M_it": 0,
    "xcopa-mt_nllb-200-distilled-600M_qu": 0,
    "xcopa-mt_nllb-200-distilled-600M_sw": 0,
    "xcopa-mt_nllb-200-distilled-600M_ta": 0,
    "xcopa-mt_nllb-200-distilled-600M_th": 0,
    "xcopa-mt_nllb-200-distilled-600M_tr": 0,
    "xcopa-mt_nllb-200-distilled-600M_vi": 0,
    "xcopa-mt_nllb-200-distilled-600M_zh": 0
  },
  "config": {
    "model": "hf-causal-experimental",
    "model_args": "pretrained=DAMO-NLP-MT/polylm-13b",
    "num_fewshot": 0,
    "batch_size": "auto",
    "batch_sizes": [
      128
    ],
    "device": "cuda",
    "no_cache": true,
    "limit": null,
    "bootstrap_iters": 100000,
    "description_dict": {}
  }
}