{
  "results": {
    "mgsm-mt_nllb-200-1.3B_bn": {
      "acc": 0.068,
      "acc_stderr": 0.015953748410747027
    },
    "mgsm-mt_nllb-200-1.3B_de": {
      "acc": 0.072,
      "acc_stderr": 0.016381005750490108
    },
    "mgsm-mt_nllb-200-1.3B_es": {
      "acc": 0.056,
      "acc_stderr": 0.0145706973368996
    },
    "mgsm-mt_nllb-200-1.3B_fr": {
      "acc": 0.06,
      "acc_stderr": 0.01505011707915876
    },
    "mgsm-mt_nllb-200-1.3B_ja": {
      "acc": 0.052,
      "acc_stderr": 0.014070391025641652
    },
    "mgsm-mt_nllb-200-1.3B_ru": {
      "acc": 0.044,
      "acc_stderr": 0.012997373846574957
    },
    "mgsm-mt_nllb-200-1.3B_sw": {
      "acc": 0.032,
      "acc_stderr": 0.011153546809230828
    },
    "mgsm-mt_nllb-200-1.3B_te": {
      "acc": 0.076,
      "acc_stderr": 0.016793573067859655
    },
    "mgsm-mt_nllb-200-1.3B_th": {
      "acc": 0.04,
      "acc_stderr": 0.012418408411301303
    },
    "mgsm-mt_nllb-200-1.3B_zh": {
      "acc": 0.068,
      "acc_stderr": 0.015953748410747023
    },
    "mgsm-mt_nllb-200-3.3B_bn": {
      "acc": 0.068,
      "acc_stderr": 0.015953748410747027
    },
    "mgsm-mt_nllb-200-3.3B_de": {
      "acc": 0.064,
      "acc_stderr": 0.015510587134374152
    },
    "mgsm-mt_nllb-200-3.3B_es": {
      "acc": 0.072,
      "acc_stderr": 0.016381005750490108
    },
    "mgsm-mt_nllb-200-3.3B_fr": {
      "acc": 0.064,
      "acc_stderr": 0.015510587134374143
    },
    "mgsm-mt_nllb-200-3.3B_ja": {
      "acc": 0.064,
      "acc_stderr": 0.015510587134374153
    },
    "mgsm-mt_nllb-200-3.3B_ru": {
      "acc": 0.036,
      "acc_stderr": 0.011805655169278133
    },
    "mgsm-mt_nllb-200-3.3B_sw": {
      "acc": 0.064,
      "acc_stderr": 0.015510587134374134
    },
    "mgsm-mt_nllb-200-3.3B_te": {
      "acc": 0.056,
      "acc_stderr": 0.014570697336899594
    },
    "mgsm-mt_nllb-200-3.3B_th": {
      "acc": 0.076,
      "acc_stderr": 0.016793573067859648
    },
    "mgsm-mt_nllb-200-3.3B_zh": {
      "acc": 0.052,
      "acc_stderr": 0.014070391025641647
    },
    "mgsm-mt_nllb-200-distilled-1.3B_bn": {
      "acc": 0.06,
      "acc_stderr": 0.015050117079158739
    },
    "mgsm-mt_nllb-200-distilled-1.3B_de": {
      "acc": 0.076,
      "acc_stderr": 0.016793573067859648
    },
    "mgsm-mt_nllb-200-distilled-1.3B_es": {
      "acc": 0.084,
      "acc_stderr": 0.01757873852677634
    },
    "mgsm-mt_nllb-200-distilled-1.3B_fr": {
      "acc": 0.052,
      "acc_stderr": 0.014070391025641641
    },
    "mgsm-mt_nllb-200-distilled-1.3B_ja": {
      "acc": 0.036,
      "acc_stderr": 0.011805655169278133
    },
    "mgsm-mt_nllb-200-distilled-1.3B_ru": {
      "acc": 0.04,
      "acc_stderr": 0.01241840841130131
    },
    "mgsm-mt_nllb-200-distilled-1.3B_sw": {
      "acc": 0.052,
      "acc_stderr": 0.014070391025641648
    },
    "mgsm-mt_nllb-200-distilled-1.3B_te": {
      "acc": 0.076,
      "acc_stderr": 0.01679357306785967
    },
    "mgsm-mt_nllb-200-distilled-1.3B_th": {
      "acc": 0.064,
      "acc_stderr": 0.015510587134374166
    },
    "mgsm-mt_nllb-200-distilled-1.3B_zh": {
      "acc": 0.064,
      "acc_stderr": 0.015510587134374159
    },
    "mgsm-mt_nllb-200-distilled-600M_bn": {
      "acc": 0.028,
      "acc_stderr": 0.010454721651927302
    },
    "mgsm-mt_nllb-200-distilled-600M_de": {
      "acc": 0.088,
      "acc_stderr": 0.017953084777052864
    },
    "mgsm-mt_nllb-200-distilled-600M_es": {
      "acc": 0.052,
      "acc_stderr": 0.014070391025641648
    },
    "mgsm-mt_nllb-200-distilled-600M_fr": {
      "acc": 0.044,
      "acc_stderr": 0.012997373846574968
    },
    "mgsm-mt_nllb-200-distilled-600M_ja": {
      "acc": 0.028,
      "acc_stderr": 0.010454721651927294
    },
    "mgsm-mt_nllb-200-distilled-600M_ru": {
      "acc": 0.048,
      "acc_stderr": 0.0135468842280857
    },
    "mgsm-mt_nllb-200-distilled-600M_sw": {
      "acc": 0.064,
      "acc_stderr": 0.015510587134374159
    },
    "mgsm-mt_nllb-200-distilled-600M_te": {
      "acc": 0.044,
      "acc_stderr": 0.01299737384657495
    },
    "mgsm-mt_nllb-200-distilled-600M_th": {
      "acc": 0.068,
      "acc_stderr": 0.015953748410747016
    },
    "mgsm-mt_nllb-200-distilled-600M_zh": {
      "acc": 0.048,
      "acc_stderr": 0.013546884228085695
    }
  },
  "versions": {
    "mgsm-mt_nllb-200-1.3B_bn": 0,
    "mgsm-mt_nllb-200-1.3B_de": 0,
    "mgsm-mt_nllb-200-1.3B_es": 0,
    "mgsm-mt_nllb-200-1.3B_fr": 0,
    "mgsm-mt_nllb-200-1.3B_ja": 0,
    "mgsm-mt_nllb-200-1.3B_ru": 0,
    "mgsm-mt_nllb-200-1.3B_sw": 0,
    "mgsm-mt_nllb-200-1.3B_te": 0,
    "mgsm-mt_nllb-200-1.3B_th": 0,
    "mgsm-mt_nllb-200-1.3B_zh": 0,
    "mgsm-mt_nllb-200-3.3B_bn": 0,
    "mgsm-mt_nllb-200-3.3B_de": 0,
    "mgsm-mt_nllb-200-3.3B_es": 0,
    "mgsm-mt_nllb-200-3.3B_fr": 0,
    "mgsm-mt_nllb-200-3.3B_ja": 0,
    "mgsm-mt_nllb-200-3.3B_ru": 0,
    "mgsm-mt_nllb-200-3.3B_sw": 0,
    "mgsm-mt_nllb-200-3.3B_te": 0,
    "mgsm-mt_nllb-200-3.3B_th": 0,
    "mgsm-mt_nllb-200-3.3B_zh": 0,
    "mgsm-mt_nllb-200-distilled-1.3B_bn": 0,
    "mgsm-mt_nllb-200-distilled-1.3B_de": 0,
    "mgsm-mt_nllb-200-distilled-1.3B_es": 0,
    "mgsm-mt_nllb-200-distilled-1.3B_fr": 0,
    "mgsm-mt_nllb-200-distilled-1.3B_ja": 0,
    "mgsm-mt_nllb-200-distilled-1.3B_ru": 0,
    "mgsm-mt_nllb-200-distilled-1.3B_sw": 0,
    "mgsm-mt_nllb-200-distilled-1.3B_te": 0,
    "mgsm-mt_nllb-200-distilled-1.3B_th": 0,
    "mgsm-mt_nllb-200-distilled-1.3B_zh": 0,
    "mgsm-mt_nllb-200-distilled-600M_bn": 0,
    "mgsm-mt_nllb-200-distilled-600M_de": 0,
    "mgsm-mt_nllb-200-distilled-600M_es": 0,
    "mgsm-mt_nllb-200-distilled-600M_fr": 0,
    "mgsm-mt_nllb-200-distilled-600M_ja": 0,
    "mgsm-mt_nllb-200-distilled-600M_ru": 0,
    "mgsm-mt_nllb-200-distilled-600M_sw": 0,
    "mgsm-mt_nllb-200-distilled-600M_te": 0,
    "mgsm-mt_nllb-200-distilled-600M_th": 0,
    "mgsm-mt_nllb-200-distilled-600M_zh": 0
  },
  "config": {
    "model": "hf-causal-experimental",
    "model_args": "pretrained=DAMO-NLP-MT/polylm-13b",
    "num_fewshot": 8,
    "batch_size": "auto",
    "batch_sizes": [],
    "device": "cuda",
    "no_cache": true,
    "limit": null,
    "bootstrap_iters": 100000,
    "description_dict": {}
  }
}