{
  "results": {
    "xcopa_et": {
      "acc": 0.498,
      "acc_stderr": 0.02238289498648353
    },
    "xcopa_ht": {
      "acc": 0.504,
      "acc_stderr": 0.022382357781962132
    },
    "xcopa_id": {
      "acc": 0.702,
      "acc_stderr": 0.02047511809298897
    },
    "xcopa_it": {
      "acc": 0.66,
      "acc_stderr": 0.021206117013673066
    },
    "xcopa_qu": {
      "acc": 0.504,
      "acc_stderr": 0.02238235778196214
    },
    "xcopa_sw": {
      "acc": 0.518,
      "acc_stderr": 0.02236856511738799
    },
    "xcopa_ta": {
      "acc": 0.55,
      "acc_stderr": 0.022270877485360437
    },
    "xcopa_th": {
      "acc": 0.586,
      "acc_stderr": 0.02204949796982787
    },
    "xcopa_tr": {
      "acc": 0.578,
      "acc_stderr": 0.022109039310618556
    },
    "xcopa_vi": {
      "acc": 0.708,
      "acc_stderr": 0.020354375480530082
    },
    "xcopa_zh": {
      "acc": 0.67,
      "acc_stderr": 0.021049612166134796
    }
  },
  "versions": {
    "xcopa_et": 0,
    "xcopa_ht": 0,
    "xcopa_id": 0,
    "xcopa_it": 0,
    "xcopa_qu": 0,
    "xcopa_sw": 0,
    "xcopa_ta": 0,
    "xcopa_th": 0,
    "xcopa_tr": 0,
    "xcopa_vi": 0,
    "xcopa_zh": 0
  },
  "config": {
    "model": "hf-causal-experimental",
    "model_args": "pretrained=DAMO-NLP-MT/polylm-13b",
    "num_fewshot": 0,
    "batch_size": "auto",
    "batch_sizes": [
      16
    ],
    "device": "cuda",
    "no_cache": true,
    "limit": null,
    "bootstrap_iters": 100000,
    "description_dict": {}
  }
}