{
  "results": {
    "xcopa_et": {
      "acc": 0.466,
      "acc_stderr": 0.02233126442325838
    },
    "xcopa_ht": {
      "acc": 0.542,
      "acc_stderr": 0.022303966774269948
    },
    "xcopa_id": {
      "acc": 0.668,
      "acc_stderr": 0.021081766571222856
    },
    "xcopa_it": {
      "acc": 0.694,
      "acc_stderr": 0.020629569998345393
    },
    "xcopa_qu": {
      "acc": 0.484,
      "acc_stderr": 0.0223716109825804
    },
    "xcopa_sw": {
      "acc": 0.514,
      "acc_stderr": 0.02237429816635319
    },
    "xcopa_ta": {
      "acc": 0.544,
      "acc_stderr": 0.022296238348407053
    },
    "xcopa_th": {
      "acc": 0.566,
      "acc_stderr": 0.022187215803029004
    },
    "xcopa_tr": {
      "acc": 0.576,
      "acc_stderr": 0.022122993778135404
    },
    "xcopa_vi": {
      "acc": 0.646,
      "acc_stderr": 0.02140758204791645
    },
    "xcopa_zh": {
      "acc": 0.7,
      "acc_stderr": 0.020514426225628036
    }
  },
  "versions": {
    "xcopa_et": 0,
    "xcopa_ht": 0,
    "xcopa_id": 0,
    "xcopa_it": 0,
    "xcopa_qu": 0,
    "xcopa_sw": 0,
    "xcopa_ta": 0,
    "xcopa_th": 0,
    "xcopa_tr": 0,
    "xcopa_vi": 0,
    "xcopa_zh": 0
  },
  "config": {
    "model": "hf-causal-experimental",
    "model_args": "pretrained=meta-llama/Llama-2-13b-hf",
    "num_fewshot": 0,
    "batch_size": "auto",
    "batch_sizes": [
      128
    ],
    "device": "cuda",
    "no_cache": true,
    "limit": null,
    "bootstrap_iters": 100000,
    "description_dict": {}
  }
}