{
  "results": {
    "xwinograd_en": {
      "acc": 0.8898924731182796,
      "acc_stderr": 0.006493206412900232
    },
    "xwinograd_fr": {
      "acc": 0.7469879518072289,
      "acc_stderr": 0.048008758304372776
    },
    "xwinograd_jp": {
      "acc": 0.7528675703858185,
      "acc_stderr": 0.013936105008393991
    },
    "xwinograd_pt": {
      "acc": 0.779467680608365,
      "acc_stderr": 0.02561442039994494
    },
    "xwinograd_ru": {
      "acc": 0.6888888888888889,
      "acc_stderr": 0.026125675418954518
    },
    "xwinograd_zh": {
      "acc": 0.7738095238095238,
      "acc_stderr": 0.018653923879063384
    }
  },
  "versions": {
    "xwinograd_en": 0,
    "xwinograd_fr": 0,
    "xwinograd_jp": 0,
    "xwinograd_pt": 0,
    "xwinograd_ru": 0,
    "xwinograd_zh": 0
  },
  "config": {
    "model": "hf-causal-experimental",
    "model_args": "pretrained=meta-llama/Llama-2-13b-hf",
    "num_fewshot": 0,
    "batch_size": "auto",
    "batch_sizes": [
      128
    ],
    "device": "cuda",
    "no_cache": true,
    "limit": null,
    "bootstrap_iters": 100000,
    "description_dict": {}
  }
}