{
  "results": {
    "xcopa_et": {
      "acc": 0.486,
      "acc_stderr": 0.022374298166353185
    },
    "xcopa_ht": {
      "acc": 0.504,
      "acc_stderr": 0.022382357781962132
    },
    "xcopa_id": {
      "acc": 0.626,
      "acc_stderr": 0.021660710347204484
    },
    "xcopa_it": {
      "acc": 0.658,
      "acc_stderr": 0.021236147199899264
    },
    "xcopa_qu": {
      "acc": 0.516,
      "acc_stderr": 0.0223716109825804
    },
    "xcopa_sw": {
      "acc": 0.522,
      "acc_stderr": 0.022361396739207867
    },
    "xcopa_ta": {
      "acc": 0.534,
      "acc_stderr": 0.02233126442325838
    },
    "xcopa_th": {
      "acc": 0.562,
      "acc_stderr": 0.022210326363977413
    },
    "xcopa_tr": {
      "acc": 0.546,
      "acc_stderr": 0.022288147591176952
    },
    "xcopa_vi": {
      "acc": 0.628,
      "acc_stderr": 0.021637197985722396
    },
    "xcopa_zh": {
      "acc": 0.65,
      "acc_stderr": 0.021352091786223097
    }
  },
  "versions": {
    "xcopa_et": 0,
    "xcopa_ht": 0,
    "xcopa_id": 0,
    "xcopa_it": 0,
    "xcopa_qu": 0,
    "xcopa_sw": 0,
    "xcopa_ta": 0,
    "xcopa_th": 0,
    "xcopa_tr": 0,
    "xcopa_vi": 0,
    "xcopa_zh": 0
  },
  "config": {
    "model": "hf-causal-experimental",
    "model_args": "pretrained=meta-llama/Llama-2-7b-hf",
    "num_fewshot": 0,
    "batch_size": "auto",
    "batch_sizes": [
      256
    ],
    "device": "cuda",
    "no_cache": true,
    "limit": null,
    "bootstrap_iters": 100000,
    "description_dict": {}
  }
}