{
  "results": {
    "xstory_cloze-mt_nllb-200-1.3B_ar": {
      "acc": 0.5810721376571807,
      "acc_stderr": 0.012696855440486902
    },
    "xstory_cloze-mt_nllb-200-1.3B_es": {
      "acc": 0.5817339510258107,
      "acc_stderr": 0.012694045150564692
    },
    "xstory_cloze-mt_nllb-200-1.3B_eu": {
      "acc": 0.5890138980807412,
      "acc_stderr": 0.012661578894368955
    },
    "xstory_cloze-mt_nllb-200-1.3B_hi": {
      "acc": 0.5830575777630708,
      "acc_stderr": 0.012688354121607808
    },
    "xstory_cloze-mt_nllb-200-1.3B_id": {
      "acc": 0.5764394440767704,
      "acc_stderr": 0.012715871382881444
    },
    "xstory_cloze-mt_nllb-200-1.3B_my": {
      "acc": 0.5532759761747187,
      "acc_stderr": 0.012793874526730208
    },
    "xstory_cloze-mt_nllb-200-1.3B_ru": {
      "acc": 0.5804103242885507,
      "acc_stderr": 0.012699642268200752
    },
    "xstory_cloze-mt_nllb-200-1.3B_sw": {
      "acc": 0.5651886168100596,
      "acc_stderr": 0.01275729746335297
    },
    "xstory_cloze-mt_nllb-200-1.3B_te": {
      "acc": 0.5823957643944407,
      "acc_stderr": 0.012691211382848639
    },
    "xstory_cloze-mt_nllb-200-1.3B_zh": {
      "acc": 0.5532759761747187,
      "acc_stderr": 0.012793874526730193
    },
    "xstory_cloze-mt_nllb-200-3.3B_ar": {
      "acc": 0.5956320317670417,
      "acc_stderr": 0.012629580396570937
    },
    "xstory_cloze-mt_nllb-200-3.3B_es": {
      "acc": 0.5771012574454004,
      "acc_stderr": 0.012713225009126205
    },
    "xstory_cloze-mt_nllb-200-3.3B_eu": {
      "acc": 0.5559232296492389,
      "acc_stderr": 0.012786390539820832
    },
    "xstory_cloze-mt_nllb-200-3.3B_hi": {
      "acc": 0.585704831237591,
      "acc_stderr": 0.012676689821720669
    },
    "xstory_cloze-mt_nllb-200-3.3B_id": {
      "acc": 0.5671740569159497,
      "acc_stderr": 0.012750474502985831
    },
    "xstory_cloze-mt_nllb-200-3.3B_my": {
      "acc": 0.5585704831237591,
      "acc_stderr": 0.012778538985880637
    },
    "xstory_cloze-mt_nllb-200-3.3B_ru": {
      "acc": 0.5830575777630708,
      "acc_stderr": 0.012688354121607808
    },
    "xstory_cloze-mt_nllb-200-3.3B_sw": {
      "acc": 0.5665122435473197,
      "acc_stderr": 0.012752771973917615
    },
    "xstory_cloze-mt_nllb-200-3.3B_te": {
      "acc": 0.5843812045003309,
      "acc_stderr": 0.012682569054907647
    },
    "xstory_cloze-mt_nllb-200-3.3B_zh": {
      "acc": 0.5784248841826605,
      "acc_stderr": 0.0127078621318019
    },
    "xstory_cloze-mt_nllb-200-distilled-1.3B_ar": {
      "acc": 0.5929847782925215,
      "acc_stderr": 0.012642664836816923
    },
    "xstory_cloze-mt_nllb-200-distilled-1.3B_es": {
      "acc": 0.5784248841826605,
      "acc_stderr": 0.0127078621318019
    },
    "xstory_cloze-mt_nllb-200-distilled-1.3B_eu": {
      "acc": 0.5665122435473197,
      "acc_stderr": 0.012752771973917615
    },
    "xstory_cloze-mt_nllb-200-distilled-1.3B_hi": {
      "acc": 0.5771012574454004,
      "acc_stderr": 0.012713225009126198
    },
    "xstory_cloze-mt_nllb-200-distilled-1.3B_id": {
      "acc": 0.5724685638649901,
      "acc_stderr": 0.012731259626982527
    },
    "xstory_cloze-mt_nllb-200-distilled-1.3B_my": {
      "acc": 0.5579086697551291,
      "acc_stderr": 0.012780536370279766
    },
    "xstory_cloze-mt_nllb-200-distilled-1.3B_ru": {
      "acc": 0.5704831237590999,
      "acc_stderr": 0.012738639381353995
    },
    "xstory_cloze-mt_nllb-200-distilled-1.3B_sw": {
      "acc": 0.5638649900727994,
      "acc_stderr": 0.012761730431435763
    },
    "xstory_cloze-mt_nllb-200-distilled-1.3B_te": {
      "acc": 0.5916611515552614,
      "acc_stderr": 0.01264906439216218
    },
    "xstory_cloze-mt_nllb-200-distilled-1.3B_zh": {
      "acc": 0.5737921906022502,
      "acc_stderr": 0.012726223450627901
    },
    "xstory_cloze-mt_nllb-200-distilled-600M_ar": {
      "acc": 0.5823957643944407,
      "acc_stderr": 0.01269121138284864
    },
    "xstory_cloze-mt_nllb-200-distilled-600M_es": {
      "acc": 0.57180675049636,
      "acc_stderr": 0.012733742799515158
    },
    "xstory_cloze-mt_nllb-200-distilled-600M_eu": {
      "acc": 0.5698213103904699,
      "acc_stderr": 0.012741052817471078
    },
    "xstory_cloze-mt_nllb-200-distilled-600M_hi": {
      "acc": 0.5698213103904699,
      "acc_stderr": 0.012741052817471078
    },
    "xstory_cloze-mt_nllb-200-distilled-600M_id": {
      "acc": 0.5638649900727994,
      "acc_stderr": 0.012761730431435764
    },
    "xstory_cloze-mt_nllb-200-distilled-600M_my": {
      "acc": 0.5360688285903376,
      "acc_stderr": 0.012833602406620005
    },
    "xstory_cloze-mt_nllb-200-distilled-600M_ru": {
      "acc": 0.5757776307081403,
      "acc_stderr": 0.012718494399531061
    },
    "xstory_cloze-mt_nllb-200-distilled-600M_sw": {
      "acc": 0.5625413633355394,
      "acc_stderr": 0.012766070974549609
    },
    "xstory_cloze-mt_nllb-200-distilled-600M_te": {
      "acc": 0.5883520847121112,
      "acc_stderr": 0.012664648329214104
    },
    "xstory_cloze-mt_nllb-200-distilled-600M_zh": {
      "acc": 0.5632031767041694,
      "acc_stderr": 0.012763912250173629
    }
  },
  "versions": {
    "xstory_cloze-mt_nllb-200-1.3B_ar": 0,
    "xstory_cloze-mt_nllb-200-1.3B_es": 0,
    "xstory_cloze-mt_nllb-200-1.3B_eu": 0,
    "xstory_cloze-mt_nllb-200-1.3B_hi": 0,
    "xstory_cloze-mt_nllb-200-1.3B_id": 0,
    "xstory_cloze-mt_nllb-200-1.3B_my": 0,
    "xstory_cloze-mt_nllb-200-1.3B_ru": 0,
    "xstory_cloze-mt_nllb-200-1.3B_sw": 0,
    "xstory_cloze-mt_nllb-200-1.3B_te": 0,
    "xstory_cloze-mt_nllb-200-1.3B_zh": 0,
    "xstory_cloze-mt_nllb-200-3.3B_ar": 0,
    "xstory_cloze-mt_nllb-200-3.3B_es": 0,
    "xstory_cloze-mt_nllb-200-3.3B_eu": 0,
    "xstory_cloze-mt_nllb-200-3.3B_hi": 0,
    "xstory_cloze-mt_nllb-200-3.3B_id": 0,
    "xstory_cloze-mt_nllb-200-3.3B_my": 0,
    "xstory_cloze-mt_nllb-200-3.3B_ru": 0,
    "xstory_cloze-mt_nllb-200-3.3B_sw": 0,
    "xstory_cloze-mt_nllb-200-3.3B_te": 0,
    "xstory_cloze-mt_nllb-200-3.3B_zh": 0,
    "xstory_cloze-mt_nllb-200-distilled-1.3B_ar": 0,
    "xstory_cloze-mt_nllb-200-distilled-1.3B_es": 0,
    "xstory_cloze-mt_nllb-200-distilled-1.3B_eu": 0,
    "xstory_cloze-mt_nllb-200-distilled-1.3B_hi": 0,
    "xstory_cloze-mt_nllb-200-distilled-1.3B_id": 0,
    "xstory_cloze-mt_nllb-200-distilled-1.3B_my": 0,
    "xstory_cloze-mt_nllb-200-distilled-1.3B_ru": 0,
    "xstory_cloze-mt_nllb-200-distilled-1.3B_sw": 0,
    "xstory_cloze-mt_nllb-200-distilled-1.3B_te": 0,
    "xstory_cloze-mt_nllb-200-distilled-1.3B_zh": 0,
    "xstory_cloze-mt_nllb-200-distilled-600M_ar": 0,
    "xstory_cloze-mt_nllb-200-distilled-600M_es": 0,
    "xstory_cloze-mt_nllb-200-distilled-600M_eu": 0,
    "xstory_cloze-mt_nllb-200-distilled-600M_hi": 0,
    "xstory_cloze-mt_nllb-200-distilled-600M_id": 0,
    "xstory_cloze-mt_nllb-200-distilled-600M_my": 0,
    "xstory_cloze-mt_nllb-200-distilled-600M_ru": 0,
    "xstory_cloze-mt_nllb-200-distilled-600M_sw": 0,
    "xstory_cloze-mt_nllb-200-distilled-600M_te": 0,
    "xstory_cloze-mt_nllb-200-distilled-600M_zh": 0
  },
  "config": {
    "model": "hf-causal-experimental",
    "model_args": "pretrained=bigscience/bloom-560m",
    "num_fewshot": 0,
    "batch_size": "auto",
    "device": "cuda",
    "no_cache": true,
    "limit": null,
    "bootstrap_iters": 100000,
    "description_dict": {}
  }
}