{
  "results": {
    "xnli-mt_xglm-1.7B_ar": {
      "acc": 0.4357285429141717,
      "acc_stderr": 0.007006103203139974
    },
    "xnli-mt_xglm-1.7B_bg": {
      "acc": 0.4666666666666667,
      "acc_stderr": 0.007048995585755383
    },
    "xnli-mt_xglm-1.7B_de": {
      "acc": 0.46447105788423154,
      "acc_stderr": 0.007046854204317795
    },
    "xnli-mt_xglm-1.7B_el": {
      "acc": 0.4592814371257485,
      "acc_stderr": 0.007041246852969198
    },
    "xnli-mt_xglm-1.7B_es": {
      "acc": 0.4660678642714571,
      "acc_stderr": 0.007048425178540594
    },
    "xnli-mt_xglm-1.7B_fr": {
      "acc": 0.4684630738522954,
      "acc_stderr": 0.0070506456138002575
    },
    "xnli-mt_xglm-1.7B_hi": {
      "acc": 0.44510978043912175,
      "acc_stderr": 0.007022012330977009
    },
    "xnli-mt_xglm-1.7B_ru": {
      "acc": 0.45828343313373254,
      "acc_stderr": 0.007040080446339792
    },
    "xnli-mt_xglm-1.7B_sw": {
      "acc": 0.44510978043912175,
      "acc_stderr": 0.0070220123309770125
    },
    "xnli-mt_xglm-1.7B_th": {
      "acc": 0.43872255489021955,
      "acc_stderr": 0.007011456767132431
    },
    "xnli-mt_xglm-1.7B_tr": {
      "acc": 0.4403193612774451,
      "acc_stderr": 0.007014206007644944
    },
    "xnli-mt_xglm-1.7B_ur": {
      "acc": 0.4353293413173653,
      "acc_stderr": 0.007005369784005145
    },
    "xnli-mt_xglm-1.7B_vi": {
      "acc": 0.46107784431137727,
      "acc_stderr": 0.007043274754305162
    },
    "xnli-mt_xglm-1.7B_zh": {
      "acc": 0.45189620758483035,
      "acc_stderr": 0.007031941287735503
    },
    "xnli-mt_xglm-2.9B_ar": {
      "acc": 0.4425149700598802,
      "acc_stderr": 0.0070178660195473
    },
    "xnli-mt_xglm-2.9B_bg": {
      "acc": 0.48502994011976047,
      "acc_stderr": 0.00706154527723029
    },
    "xnli-mt_xglm-2.9B_de": {
      "acc": 0.4740518962075848,
      "acc_stderr": 0.007055192615712202
    },
    "xnli-mt_xglm-2.9B_el": {
      "acc": 0.462874251497006,
      "acc_stderr": 0.007045210626562603
    },
    "xnli-mt_xglm-2.9B_es": {
      "acc": 0.47584830339321355,
      "acc_stderr": 0.007056465859863788
    },
    "xnli-mt_xglm-2.9B_fr": {
      "acc": 0.47025948103792414,
      "acc_stderr": 0.007052203901095071
    },
    "xnli-mt_xglm-2.9B_hi": {
      "acc": 0.45109780439121755,
      "acc_stderr": 0.0070308417794668855
    },
    "xnli-mt_xglm-2.9B_ru": {
      "acc": 0.4598802395209581,
      "acc_stderr": 0.007041933050368143
    },
    "xnli-mt_xglm-2.9B_sw": {
      "acc": 0.45189620758483035,
      "acc_stderr": 0.007031941287735501
    },
    "xnli-mt_xglm-2.9B_th": {
      "acc": 0.4552894211576846,
      "acc_stderr": 0.007036410512235839
    },
    "xnli-mt_xglm-2.9B_tr": {
      "acc": 0.45269461077844314,
      "acc_stderr": 0.007033022529432367
    },
    "xnli-mt_xglm-2.9B_ur": {
      "acc": 0.4287425149700599,
      "acc_stderr": 0.0069926004130418445
    },
    "xnli-mt_xglm-2.9B_vi": {
      "acc": 0.4622754491017964,
      "acc_stderr": 0.0070445755565057165
    },
    "xnli-mt_xglm-2.9B_zh": {
      "acc": 0.46447105788423154,
      "acc_stderr": 0.0070468542043177936
    },
    "xnli-mt_xglm-564M_ar": {
      "acc": 0.411377245508982,
      "acc_stderr": 0.006952854488863232
    },
    "xnli-mt_xglm-564M_bg": {
      "acc": 0.4425149700598802,
      "acc_stderr": 0.007017866019547298
    },
    "xnli-mt_xglm-564M_de": {
      "acc": 0.443313373253493,
      "acc_stderr": 0.007019162465318465
    },
    "xnli-mt_xglm-564M_el": {
      "acc": 0.41916167664670656,
      "acc_stderr": 0.006971767574860041
    },
    "xnli-mt_xglm-564M_es": {
      "acc": 0.4365269461077844,
      "acc_stderr": 0.007007556190794115
    },
    "xnli-mt_xglm-564M_fr": {
      "acc": 0.45129740518962075,
      "acc_stderr": 0.007031118369491673
    },
    "xnli-mt_xglm-564M_hi": {
      "acc": 0.41297405189620756,
      "acc_stderr": 0.006956880058406978
    },
    "xnli-mt_xglm-564M_ru": {
      "acc": 0.4367265469061876,
      "acc_stderr": 0.007007916553210968
    },
    "xnli-mt_xglm-564M_sw": {
      "acc": 0.36966067864271457,
      "acc_stderr": 0.00682045444115062
    },
    "xnli-mt_xglm-564M_th": {
      "acc": 0.4093812375249501,
      "acc_stderr": 0.006947716215304642
    },
    "xnli-mt_xglm-564M_tr": {
      "acc": 0.40179640718562876,
      "acc_stderr": 0.0069271089325183876
    },
    "xnli-mt_xglm-564M_ur": {
      "acc": 0.4095808383233533,
      "acc_stderr": 0.006948235364889503
    },
    "xnli-mt_xglm-564M_vi": {
      "acc": 0.4289421157684631,
      "acc_stderr": 0.006993005904534959
    },
    "xnli-mt_xglm-564M_zh": {
      "acc": 0.37025948103792417,
      "acc_stderr": 0.006822733330982841
    },
    "xnli-mt_xglm-7.5B_ar": {
      "acc": 0.45828343313373254,
      "acc_stderr": 0.007040080446339801
    },
    "xnli-mt_xglm-7.5B_bg": {
      "acc": 0.47904191616766467,
      "acc_stderr": 0.007058503474255806
    },
    "xnli-mt_xglm-7.5B_de": {
      "acc": 0.47744510978043914,
      "acc_stderr": 0.007057520804475595
    },
    "xnli-mt_xglm-7.5B_el": {
      "acc": 0.48323353293413174,
      "acc_stderr": 0.007060739327060848
    },
    "xnli-mt_xglm-7.5B_es": {
      "acc": 0.47924151696606787,
      "acc_stderr": 0.007058621227682137
    },
    "xnli-mt_xglm-7.5B_fr": {
      "acc": 0.4744510978043912,
      "acc_stderr": 0.007055483469949189
    },
    "xnli-mt_xglm-7.5B_hi": {
      "acc": 0.4530938123752495,
      "acc_stderr": 0.007033556302953806
    },
    "xnli-mt_xglm-7.5B_ru": {
      "acc": 0.46447105788423154,
      "acc_stderr": 0.007046854204317794
    },
    "xnli-mt_xglm-7.5B_sw": {
      "acc": 0.450499001996008,
      "acc_stderr": 0.007030005155676557
    },
    "xnli-mt_xglm-7.5B_th": {
      "acc": 0.45748502994011975,
      "acc_stderr": 0.007039126843016864
    },
    "xnli-mt_xglm-7.5B_tr": {
      "acc": 0.4439121756487026,
      "acc_stderr": 0.007020122746066692
    },
    "xnli-mt_xglm-7.5B_ur": {
      "acc": 0.4437125748502994,
      "acc_stderr": 0.007019803800128264
    },
    "xnli-mt_xglm-7.5B_vi": {
      "acc": 0.46327345309381235,
      "acc_stderr": 0.007045628330322902
    },
    "xnli-mt_xglm-7.5B_zh": {
      "acc": 0.4716566866267465,
      "acc_stderr": 0.00705335251567131
    }
  },
  "versions": {
    "xnli-mt_xglm-1.7B_ar": 0,
    "xnli-mt_xglm-1.7B_bg": 0,
    "xnli-mt_xglm-1.7B_de": 0,
    "xnli-mt_xglm-1.7B_el": 0,
    "xnli-mt_xglm-1.7B_es": 0,
    "xnli-mt_xglm-1.7B_fr": 0,
    "xnli-mt_xglm-1.7B_hi": 0,
    "xnli-mt_xglm-1.7B_ru": 0,
    "xnli-mt_xglm-1.7B_sw": 0,
    "xnli-mt_xglm-1.7B_th": 0,
    "xnli-mt_xglm-1.7B_tr": 0,
    "xnli-mt_xglm-1.7B_ur": 0,
    "xnli-mt_xglm-1.7B_vi": 0,
    "xnli-mt_xglm-1.7B_zh": 0,
    "xnli-mt_xglm-2.9B_ar": 0,
    "xnli-mt_xglm-2.9B_bg": 0,
    "xnli-mt_xglm-2.9B_de": 0,
    "xnli-mt_xglm-2.9B_el": 0,
    "xnli-mt_xglm-2.9B_es": 0,
    "xnli-mt_xglm-2.9B_fr": 0,
    "xnli-mt_xglm-2.9B_hi": 0,
    "xnli-mt_xglm-2.9B_ru": 0,
    "xnli-mt_xglm-2.9B_sw": 0,
    "xnli-mt_xglm-2.9B_th": 0,
    "xnli-mt_xglm-2.9B_tr": 0,
    "xnli-mt_xglm-2.9B_ur": 0,
    "xnli-mt_xglm-2.9B_vi": 0,
    "xnli-mt_xglm-2.9B_zh": 0,
    "xnli-mt_xglm-564M_ar": 0,
    "xnli-mt_xglm-564M_bg": 0,
    "xnli-mt_xglm-564M_de": 0,
    "xnli-mt_xglm-564M_el": 0,
    "xnli-mt_xglm-564M_es": 0,
    "xnli-mt_xglm-564M_fr": 0,
    "xnli-mt_xglm-564M_hi": 0,
    "xnli-mt_xglm-564M_ru": 0,
    "xnli-mt_xglm-564M_sw": 0,
    "xnli-mt_xglm-564M_th": 0,
    "xnli-mt_xglm-564M_tr": 0,
    "xnli-mt_xglm-564M_ur": 0,
    "xnli-mt_xglm-564M_vi": 0,
    "xnli-mt_xglm-564M_zh": 0,
    "xnli-mt_xglm-7.5B_ar": 0,
    "xnli-mt_xglm-7.5B_bg": 0,
    "xnli-mt_xglm-7.5B_de": 0,
    "xnli-mt_xglm-7.5B_el": 0,
    "xnli-mt_xglm-7.5B_es": 0,
    "xnli-mt_xglm-7.5B_fr": 0,
    "xnli-mt_xglm-7.5B_hi": 0,
    "xnli-mt_xglm-7.5B_ru": 0,
    "xnli-mt_xglm-7.5B_sw": 0,
    "xnli-mt_xglm-7.5B_th": 0,
    "xnli-mt_xglm-7.5B_tr": 0,
    "xnli-mt_xglm-7.5B_ur": 0,
    "xnli-mt_xglm-7.5B_vi": 0,