{
  "results": {
    "xnli-mt_bloom-560m_ar": {
      "acc": 0.4558882235528942,
      "acc_stderr": 0.007037164996757833
    },
    "xnli-mt_bloom-560m_bg": {
      "acc": 0.3778443113772455,
      "acc_stderr": 0.006850629279757306
    },
    "xnli-mt_bloom-560m_de": {
      "acc": 0.4213572854291417,
      "acc_stderr": 0.0069767792627397325
    },
    "xnli-mt_bloom-560m_el": {
      "acc": 0.33552894211576845,
      "acc_stderr": 0.006671561788489333
    },
    "xnli-mt_bloom-560m_es": {
      "acc": 0.48582834331337327,
      "acc_stderr": 0.007061874164078159
    },
    "xnli-mt_bloom-560m_fr": {
      "acc": 0.4906187624750499,
      "acc_stderr": 0.007063468822840632
    },
    "xnli-mt_bloom-560m_hi": {
      "acc": 0.4365269461077844,
      "acc_stderr": 0.007007556190794116
    },
    "xnli-mt_bloom-560m_ru": {
      "acc": 0.36846307385229543,
      "acc_stderr": 0.006815862868043798
    },
    "xnli-mt_bloom-560m_sw": {
      "acc": 0.38283433133732536,
      "acc_stderr": 0.0068680081575717465
    },
    "xnli-mt_bloom-560m_th": {
      "acc": 0.35608782435129743,
      "acc_stderr": 0.006765756521605752
    },
    "xnli-mt_bloom-560m_tr": {
      "acc": 0.3349301397205589,
      "acc_stderr": 0.006668608672768921
    },
    "xnli-mt_bloom-560m_ur": {
      "acc": 0.4095808383233533,
      "acc_stderr": 0.006948235364889489
    },
    "xnli-mt_bloom-560m_vi": {
      "acc": 0.4626746506986028,
      "acc_stderr": 0.007045000071900884
    },
    "xnli-mt_bloom-560m_zh": {
      "acc": 0.47085828343313374,
      "acc_stderr": 0.007052702953973549
    }
  },
  "versions": {
    "xnli-mt_bloom-560m_ar": 0,
    "xnli-mt_bloom-560m_bg": 0,
    "xnli-mt_bloom-560m_de": 0,
    "xnli-mt_bloom-560m_el": 0,
    "xnli-mt_bloom-560m_es": 0,
    "xnli-mt_bloom-560m_fr": 0,
    "xnli-mt_bloom-560m_hi": 0,
    "xnli-mt_bloom-560m_ru": 0,
    "xnli-mt_bloom-560m_sw": 0,
    "xnli-mt_bloom-560m_th": 0,
    "xnli-mt_bloom-560m_tr": 0,
    "xnli-mt_bloom-560m_ur": 0,
    "xnli-mt_bloom-560m_vi": 0,
    "xnli-mt_bloom-560m_zh": 0
  },
  "config": {
    "model": "hf-causal-experimental",
    "model_args": "pretrained=bigscience/bloom-560m,use_accelerate=True,dtype=float16",
    "num_fewshot": 0,
    "batch_size": "auto",
    "device": "cuda",
    "no_cache": true,
    "limit": null,
    "bootstrap_iters": 100000,
    "description_dict": {}
  }
}