{
  "results": {
    "xstory_cloze-mt_xglm-1.7B_ar": {
      "acc": 0.5347452018530774,
      "acc_stderr": 0.012836020585407436
    },
    "xstory_cloze-mt_xglm-1.7B_es": {
      "acc": 0.5638649900727994,
      "acc_stderr": 0.012761730431435754
    },
    "xstory_cloze-mt_xglm-1.7B_eu": {
      "acc": 0.542686962276638,
      "acc_stderr": 0.012820147204256241
    },
    "xstory_cloze-mt_xglm-1.7B_hi": {
      "acc": 0.5552614162806089,
      "acc_stderr": 0.012788295970207792
    },
    "xstory_cloze-mt_xglm-1.7B_id": {
      "acc": 0.5506287227001986,
      "acc_stderr": 0.012800991591293375
    },
    "xstory_cloze-mt_xglm-1.7B_my": {
      "acc": 0.5446724023825281,
      "acc_stderr": 0.012815666542067283
    },
    "xstory_cloze-mt_xglm-1.7B_ru": {
      "acc": 0.5638649900727994,
      "acc_stderr": 0.012761730431435763
    },
    "xstory_cloze-mt_xglm-1.7B_sw": {
      "acc": 0.5413633355393779,
      "acc_stderr": 0.012823020340169826
    },
    "xstory_cloze-mt_xglm-1.7B_te": {
      "acc": 0.5532759761747187,
      "acc_stderr": 0.012793874526730191
    },
    "xstory_cloze-mt_xglm-1.7B_zh": {
      "acc": 0.5393778954334878,
      "acc_stderr": 0.012827159238891916
    },
    "xstory_cloze-mt_xglm-2.9B_ar": {
      "acc": 0.5314361350099271,
      "acc_stderr": 0.012841668760976909
    },
    "xstory_cloze-mt_xglm-2.9B_es": {
      "acc": 0.5678358702845797,
      "acc_stderr": 0.012748153864597593
    },
    "xstory_cloze-mt_xglm-2.9B_eu": {
      "acc": 0.5519523494374586,
      "acc_stderr": 0.012797478885304747
    },
    "xstory_cloze-mt_xglm-2.9B_hi": {
      "acc": 0.5651886168100596,
      "acc_stderr": 0.012757297463352975
    },
    "xstory_cloze-mt_xglm-2.9B_id": {
      "acc": 0.5612177365982793,
      "acc_stderr": 0.012770319186938005
    },
    "xstory_cloze-mt_xglm-2.9B_my": {
      "acc": 0.5625413633355394,
      "acc_stderr": 0.012766070974549619
    },
    "xstory_cloze-mt_xglm-2.9B_ru": {
      "acc": 0.5671740569159497,
      "acc_stderr": 0.012750474502985828
    },
    "xstory_cloze-mt_xglm-2.9B_sw": {
      "acc": 0.5618795499669094,
      "acc_stderr": 0.01276820661627776
    },
    "xstory_cloze-mt_xglm-2.9B_te": {
      "acc": 0.5565850430178689,
      "acc_stderr": 0.012784462136657198
    },
    "xstory_cloze-mt_xglm-2.9B_zh": {
      "acc": 0.5479814692256784,
      "acc_stderr": 0.012807742345189277
    },
    "xstory_cloze-mt_xglm-564M_ar": {
      "acc": 0.514890800794176,
      "acc_stderr": 0.012861417842074004
    },
    "xstory_cloze-mt_xglm-564M_es": {
      "acc": 0.5294506949040371,
      "acc_stderr": 0.012844785490017004
    },
    "xstory_cloze-mt_xglm-564M_eu": {
      "acc": 0.5360688285903376,
      "acc_stderr": 0.012833602406620013
    },
    "xstory_cloze-mt_xglm-564M_hi": {
      "acc": 0.5294506949040371,
      "acc_stderr": 0.012844785490017002
    },
    "xstory_cloze-mt_xglm-564M_id": {
      "acc": 0.5301125082726671,
      "acc_stderr": 0.012843769248432174
    },
    "xstory_cloze-mt_xglm-564M_my": {
      "acc": 0.5076108537392455,
      "acc_stderr": 0.01286563457111448
    },
    "xstory_cloze-mt_xglm-564M_ru": {
      "acc": 0.5307743216412971,
      "acc_stderr": 0.012842730340585778
    },
    "xstory_cloze-mt_xglm-564M_sw": {
      "acc": 0.5168762409000662,
      "acc_stderr": 0.012859793919977606
    },
    "xstory_cloze-mt_xglm-564M_te": {
      "acc": 0.5175380542686963,
      "acc_stderr": 0.012859207453266307
    },
    "xstory_cloze-mt_xglm-564M_zh": {
      "acc": 0.4930509596293845,
      "acc_stderr": 0.012865882570960722
    },
    "xstory_cloze-mt_xglm-7.5B_ar": {
      "acc": 0.5625413633355394,
      "acc_stderr": 0.01276607097454961
    },
    "xstory_cloze-mt_xglm-7.5B_es": {
      "acc": 0.5810721376571807,
      "acc_stderr": 0.01269685544048691
    },
    "xstory_cloze-mt_xglm-7.5B_eu": {
      "acc": 0.5552614162806089,
      "acc_stderr": 0.01278829597020779
    },
    "xstory_cloze-mt_xglm-7.5B_hi": {
      "acc": 0.5618795499669094,
      "acc_stderr": 0.012768206616277757
    },
    "xstory_cloze-mt_xglm-7.5B_id": {
      "acc": 0.5678358702845797,
      "acc_stderr": 0.01274815386459759
    },
    "xstory_cloze-mt_xglm-7.5B_my": {
      "acc": 0.557246856386499,
      "acc_stderr": 0.012782510750319241
    },
    "xstory_cloze-mt_xglm-7.5B_ru": {
      "acc": 0.5843812045003309,
      "acc_stderr": 0.012682569054907646
    },
    "xstory_cloze-mt_xglm-7.5B_sw": {
      "acc": 0.5625413633355394,
      "acc_stderr": 0.01276607097454961
    },
    "xstory_cloze-mt_xglm-7.5B_te": {
      "acc": 0.5757776307081403,
      "acc_stderr": 0.012718494399531053
    },
    "xstory_cloze-mt_xglm-7.5B_zh": {
      "acc": 0.5499669093315684,
      "acc_stderr": 0.01280271359821983
    }
  },
  "versions": {
    "xstory_cloze-mt_xglm-1.7B_ar": 0,
    "xstory_cloze-mt_xglm-1.7B_es": 0,
    "xstory_cloze-mt_xglm-1.7B_eu": 0,
    "xstory_cloze-mt_xglm-1.7B_hi": 0,
    "xstory_cloze-mt_xglm-1.7B_id": 0,
    "xstory_cloze-mt_xglm-1.7B_my": 0,
    "xstory_cloze-mt_xglm-1.7B_ru": 0,
    "xstory_cloze-mt_xglm-1.7B_sw": 0,
    "xstory_cloze-mt_xglm-1.7B_te": 0,
    "xstory_cloze-mt_xglm-1.7B_zh": 0,
    "xstory_cloze-mt_xglm-2.9B_ar": 0,
    "xstory_cloze-mt_xglm-2.9B_es": 0,
    "xstory_cloze-mt_xglm-2.9B_eu": 0,
    "xstory_cloze-mt_xglm-2.9B_hi": 0,
    "xstory_cloze-mt_xglm-2.9B_id": 0,
    "xstory_cloze-mt_xglm-2.9B_my": 0,
    "xstory_cloze-mt_xglm-2.9B_ru": 0,
    "xstory_cloze-mt_xglm-2.9B_sw": 0,
    "xstory_cloze-mt_xglm-2.9B_te": 0,
    "xstory_cloze-mt_xglm-2.9B_zh": 0,
    "xstory_cloze-mt_xglm-564M_ar": 0,
    "xstory_cloze-mt_xglm-564M_es": 0,
    "xstory_cloze-mt_xglm-564M_eu": 0,
    "xstory_cloze-mt_xglm-564M_hi": 0,
    "xstory_cloze-mt_xglm-564M_id": 0,
    "xstory_cloze-mt_xglm-564M_my": 0,
    "xstory_cloze-mt_xglm-564M_ru": 0,
    "xstory_cloze-mt_xglm-564M_sw": 0,
    "xstory_cloze-mt_xglm-564M_te": 0,
    "xstory_cloze-mt_xglm-564M_zh": 0,
    "xstory_cloze-mt_xglm-7.5B_ar": 0,
    "xstory_cloze-mt_xglm-7.5B_es": 0,
    "xstory_cloze-mt_xglm-7.5B_eu": 0,
    "xstory_cloze-mt_xglm-7.5B_hi": 0,
    "xstory_cloze-mt_xglm-7.5B_id": 0,
    "xstory_cloze-mt_xglm-7.5B_my": 0,
    "xstory_cloze-mt_xglm-7.5B_ru": 0,
    "xstory_cloze-mt_xglm-7.5B_sw": 0,
    "xstory_cloze-mt_xglm-7.5B_te": 0,
    "xstory_cloze-mt_xglm-7.5B_zh": 0
  },
  "config": {
    "model": "hf-causal-experimental",
    "model_args": "pretrained=bigscience/bloom-560m,dtype=float16",
    "num_fewshot": 0,
    "batch_size": "auto",
    "device": "cuda",
    "no_cache": true,
    "limit": null,
    "bootstrap_iters": 100000,
    "description_dict": {}
  }
}