{
  "results": {
    "pawsx-mt_xglm-1.7B_de": {
      "acc": 0.5045,
      "acc_stderr": 0.011182683094883905
    },
    "pawsx-mt_xglm-1.7B_es": {
      "acc": 0.501,
      "acc_stderr": 0.011183113654770175
    },
    "pawsx-mt_xglm-1.7B_fr": {
      "acc": 0.511,
      "acc_stderr": 0.011180429374603775
    },
    "pawsx-mt_xglm-1.7B_ja": {
      "acc": 0.4865,
      "acc_stderr": 0.011179059024816822
    },
    "pawsx-mt_xglm-1.7B_ko": {
      "acc": 0.501,
      "acc_stderr": 0.011183113654770168
    },
    "pawsx-mt_xglm-1.7B_zh": {
      "acc": 0.5095,
      "acc_stderr": 0.011181117282805221
    },
    "pawsx-mt_xglm-2.9B_de": {
      "acc": 0.508,
      "acc_stderr": 0.011181704488030004
    },
    "pawsx-mt_xglm-2.9B_es": {
      "acc": 0.502,
      "acc_stderr": 0.011183046555618484
    },
    "pawsx-mt_xglm-2.9B_fr": {
      "acc": 0.5,
      "acc_stderr": 0.011183136021064612
    },
    "pawsx-mt_xglm-2.9B_ja": {
      "acc": 0.491,
      "acc_stderr": 0.01118132420626029
    },
    "pawsx-mt_xglm-2.9B_ko": {
      "acc": 0.4845,
      "acc_stderr": 0.011177761232603322
    },
    "pawsx-mt_xglm-2.9B_zh": {
      "acc": 0.5045,
      "acc_stderr": 0.011182683094883903
    },
    "pawsx-mt_xglm-564M_de": {
      "acc": 0.512,
      "acc_stderr": 0.011179914813969712
    },
    "pawsx-mt_xglm-564M_es": {
      "acc": 0.5,
      "acc_stderr": 0.011183136021064612
    },
    "pawsx-mt_xglm-564M_fr": {
      "acc": 0.501,
      "acc_stderr": 0.011183113654770165
    },
    "pawsx-mt_xglm-564M_ja": {
      "acc": 0.4965,
      "acc_stderr": 0.011182862030875934
    },
    "pawsx-mt_xglm-564M_ko": {
      "acc": 0.5045,
      "acc_stderr": 0.011182683094883912
    },
    "pawsx-mt_xglm-564M_zh": {
      "acc": 0.4995,
      "acc_stderr": 0.011183130429495185
    },
    "pawsx-mt_xglm-7.5B_de": {
      "acc": 0.513,
      "acc_stderr": 0.011179355482070379
    },
    "pawsx-mt_xglm-7.5B_es": {
      "acc": 0.495,
      "acc_stderr": 0.011182576850283838
    },
    "pawsx-mt_xglm-7.5B_fr": {
      "acc": 0.4985,
      "acc_stderr": 0.011183085696839198
    },
    "pawsx-mt_xglm-7.5B_ja": {
      "acc": 0.481,
      "acc_stderr": 0.01117505887995606
    },
    "pawsx-mt_xglm-7.5B_ko": {
      "acc": 0.491,
      "acc_stderr": 0.011181324206260288
    },
    "pawsx-mt_xglm-7.5B_zh": {
      "acc": 0.489,
      "acc_stderr": 0.011180429374603775
    }
  },
  "versions": {
    "pawsx-mt_xglm-1.7B_de": 0,
    "pawsx-mt_xglm-1.7B_es": 0,
    "pawsx-mt_xglm-1.7B_fr": 0,
    "pawsx-mt_xglm-1.7B_ja": 0,
    "pawsx-mt_xglm-1.7B_ko": 0,
    "pawsx-mt_xglm-1.7B_zh": 0,
    "pawsx-mt_xglm-2.9B_de": 0,
    "pawsx-mt_xglm-2.9B_es": 0,
    "pawsx-mt_xglm-2.9B_fr": 0,
    "pawsx-mt_xglm-2.9B_ja": 0,
    "pawsx-mt_xglm-2.9B_ko": 0,
    "pawsx-mt_xglm-2.9B_zh": 0,
    "pawsx-mt_xglm-564M_de": 0,
    "pawsx-mt_xglm-564M_es": 0,
    "pawsx-mt_xglm-564M_fr": 0,
    "pawsx-mt_xglm-564M_ja": 0,
    "pawsx-mt_xglm-564M_ko": 0,
    "pawsx-mt_xglm-564M_zh": 0,
    "pawsx-mt_xglm-7.5B_de": 0,
    "pawsx-mt_xglm-7.5B_es": 0,
    "pawsx-mt_xglm-7.5B_fr": 0,
    "pawsx-mt_xglm-7.5B_ja": 0,
    "pawsx-mt_xglm-7.5B_ko": 0,
    "pawsx-mt_xglm-7.5B_zh": 0
  },
  "config": {
    "model": "hf-causal-experimental",
    "model_args": "pretrained=bigscience/bloom-560m,dtype=float16",
    "num_fewshot": 0,
    "batch_size": "auto",
    "device": "cuda",
    "no_cache": true,
    "limit": null,
    "bootstrap_iters": 100000,
    "description_dict": {}
  }
}