{
  "results": {
    "xcopa-mt_nllb-200-1.3B_et": {
      "acc": 0.712,
      "acc_stderr": 0.02027150383507522
    },
    "xcopa-mt_nllb-200-1.3B_ht": {
      "acc": 0.698,
      "acc_stderr": 0.020553269174209184
    },
    "xcopa-mt_nllb-200-1.3B_id": {
      "acc": 0.732,
      "acc_stderr": 0.019827714859587557
    },
    "xcopa-mt_nllb-200-1.3B_it": {
      "acc": 0.742,
      "acc_stderr": 0.019586711785215837
    },
    "xcopa-mt_nllb-200-1.3B_qu": {
      "acc": 0.48,
      "acc_stderr": 0.022365160424231336
    },
    "xcopa-mt_nllb-200-1.3B_sw": {
      "acc": 0.718,
      "acc_stderr": 0.020143572847290795
    },
    "xcopa-mt_nllb-200-1.3B_ta": {
      "acc": 0.684,
      "acc_stderr": 0.020812359515855854
    },
    "xcopa-mt_nllb-200-1.3B_th": {
      "acc": 0.618,
      "acc_stderr": 0.02175082059125084
    },
    "xcopa-mt_nllb-200-1.3B_tr": {
      "acc": 0.74,
      "acc_stderr": 0.019635965529725512
    },
    "xcopa-mt_nllb-200-1.3B_vi": {
      "acc": 0.722,
      "acc_stderr": 0.02005583388807089
    },
    "xcopa-mt_nllb-200-1.3B_zh": {
      "acc": 0.736,
      "acc_stderr": 0.019732885585922105
    },
    "xcopa-mt_nllb-200-3.3B_et": {
      "acc": 0.726,
      "acc_stderr": 0.019966103540279462
    },
    "xcopa-mt_nllb-200-3.3B_ht": {
      "acc": 0.698,
      "acc_stderr": 0.020553269174209188
    },
    "xcopa-mt_nllb-200-3.3B_id": {
      "acc": 0.728,
      "acc_stderr": 0.019920483209566065
    },
    "xcopa-mt_nllb-200-3.3B_it": {
      "acc": 0.774,
      "acc_stderr": 0.018722956449139926
    },
    "xcopa-mt_nllb-200-3.3B_qu": {
      "acc": 0.526,
      "acc_stderr": 0.022352791650914163
    },
    "xcopa-mt_nllb-200-3.3B_sw": {
      "acc": 0.712,
      "acc_stderr": 0.02027150383507522
    },
    "xcopa-mt_nllb-200-3.3B_ta": {
      "acc": 0.716,
      "acc_stderr": 0.020186703693570843
    },
    "xcopa-mt_nllb-200-3.3B_th": {
      "acc": 0.64,
      "acc_stderr": 0.021487751089720532
    },
    "xcopa-mt_nllb-200-3.3B_tr": {
      "acc": 0.724,
      "acc_stderr": 0.020011219298073535
    },
    "xcopa-mt_nllb-200-3.3B_vi": {
      "acc": 0.744,
      "acc_stderr": 0.019536923574747615
    },
    "xcopa-mt_nllb-200-3.3B_zh": {
      "acc": 0.742,
      "acc_stderr": 0.019586711785215837
    },
    "xcopa-mt_nllb-200-distilled-1.3B_et": {
      "acc": 0.742,
      "acc_stderr": 0.019586711785215837
    },
    "xcopa-mt_nllb-200-distilled-1.3B_ht": {
      "acc": 0.708,
      "acc_stderr": 0.020354375480530068
    },
    "xcopa-mt_nllb-200-distilled-1.3B_id": {
      "acc": 0.724,
      "acc_stderr": 0.020011219298073535
    },
    "xcopa-mt_nllb-200-distilled-1.3B_it": {
      "acc": 0.752,
      "acc_stderr": 0.019332342821239107
    },
    "xcopa-mt_nllb-200-distilled-1.3B_qu": {
      "acc": 0.578,
      "acc_stderr": 0.022109039310618552
    },
    "xcopa-mt_nllb-200-distilled-1.3B_sw": {
      "acc": 0.692,
      "acc_stderr": 0.020667032987466104
    },
    "xcopa-mt_nllb-200-distilled-1.3B_ta": {
      "acc": 0.706,
      "acc_stderr": 0.020395095484936593
    },
    "xcopa-mt_nllb-200-distilled-1.3B_th": {
      "acc": 0.668,
      "acc_stderr": 0.021081766571222856
    },
    "xcopa-mt_nllb-200-distilled-1.3B_tr": {
      "acc": 0.698,
      "acc_stderr": 0.020553269174209188
    },
    "xcopa-mt_nllb-200-distilled-1.3B_vi": {
      "acc": 0.728,
      "acc_stderr": 0.01992048320956607
    },
    "xcopa-mt_nllb-200-distilled-1.3B_zh": {
      "acc": 0.736,
      "acc_stderr": 0.019732885585922105
    },
    "xcopa-mt_nllb-200-distilled-600M_et": {
      "acc": 0.678,
      "acc_stderr": 0.02091666833001988
    },
    "xcopa-mt_nllb-200-distilled-600M_ht": {
      "acc": 0.644,
      "acc_stderr": 0.021434712356072645
    },
    "xcopa-mt_nllb-200-distilled-600M_id": {
      "acc": 0.69,
      "acc_stderr": 0.02070404102172478
    },
    "xcopa-mt_nllb-200-distilled-600M_it": {
      "acc": 0.726,
      "acc_stderr": 0.01996610354027946
    },
    "xcopa-mt_nllb-200-distilled-600M_qu": {
      "acc": 0.544,
      "acc_stderr": 0.022296238348407053
    },
    "xcopa-mt_nllb-200-distilled-600M_sw": {
      "acc": 0.638,
      "acc_stderr": 0.021513662527582397
    },
    "xcopa-mt_nllb-200-distilled-600M_ta": {
      "acc": 0.658,
      "acc_stderr": 0.02123614719989927
    },
    "xcopa-mt_nllb-200-distilled-600M_th": {
      "acc": 0.62,
      "acc_stderr": 0.02172888143870171
    },
    "xcopa-mt_nllb-200-distilled-600M_tr": {
      "acc": 0.684,
      "acc_stderr": 0.020812359515855854
    },
    "xcopa-mt_nllb-200-distilled-600M_vi": {
      "acc": 0.68,
      "acc_stderr": 0.020882340488761805
    },
    "xcopa-mt_nllb-200-distilled-600M_zh": {
      "acc": 0.694,
      "acc_stderr": 0.020629569998345403
    }
  },
  "versions": {
    "xcopa-mt_nllb-200-1.3B_et": 0,
    "xcopa-mt_nllb-200-1.3B_ht": 0,
    "xcopa-mt_nllb-200-1.3B_id": 0,
    "xcopa-mt_nllb-200-1.3B_it": 0,
    "xcopa-mt_nllb-200-1.3B_qu": 0,
    "xcopa-mt_nllb-200-1.3B_sw": 0,
    "xcopa-mt_nllb-200-1.3B_ta": 0,
    "xcopa-mt_nllb-200-1.3B_th": 0,
    "xcopa-mt_nllb-200-1.3B_tr": 0,
    "xcopa-mt_nllb-200-1.3B_vi": 0,
    "xcopa-mt_nllb-200-1.3B_zh": 0,
    "xcopa-mt_nllb-200-3.3B_et": 0,
    "xcopa-mt_nllb-200-3.3B_ht": 0,
    "xcopa-mt_nllb-200-3.3B_id": 0,
    "xcopa-mt_nllb-200-3.3B_it": 0,
    "xcopa-mt_nllb-200-3.3B_qu": 0,
    "xcopa-mt_nllb-200-3.3B_sw": 0,
    "xcopa-mt_nllb-200-3.3B_ta": 0,
    "xcopa-mt_nllb-200-3.3B_th": 0,
    "xcopa-mt_nllb-200-3.3B_tr": 0,
    "xcopa-mt_nllb-200-3.3B_vi": 0,
    "xcopa-mt_nllb-200-3.3B_zh": 0,
    "xcopa-mt_nllb-200-distilled-1.3B_et": 0,
    "xcopa-mt_nllb-200-distilled-1.3B_ht": 0,
    "xcopa-mt_nllb-200-distilled-1.3B_id": 0,
    "xcopa-mt_nllb-200-distilled-1.3B_it": 0,
    "xcopa-mt_nllb-200-distilled-1.3B_qu": 0,
    "xcopa-mt_nllb-200-distilled-1.3B_sw": 0,
    "xcopa-mt_nllb-200-distilled-1.3B_ta": 0,
    "xcopa-mt_nllb-200-distilled-1.3B_th": 0,
    "xcopa-mt_nllb-200-distilled-1.3B_tr": 0,
    "xcopa-mt_nllb-200-distilled-1.3B_vi": 0,
    "xcopa-mt_nllb-200-distilled-1.3B_zh": 0,
    "xcopa-mt_nllb-200-distilled-600M_et": 0,
    "xcopa-mt_nllb-200-distilled-600M_ht": 0,
    "xcopa-mt_nllb-200-distilled-600M_id": 0,
    "xcopa-mt_nllb-200-distilled-600M_it": 0,
    "xcopa-mt_nllb-200-distilled-600M_qu": 0,
    "xcopa-mt_nllb-200-distilled-600M_sw": 0,
    "xcopa-mt_nllb-200-distilled-600M_ta": 0,
    "xcopa-mt_nllb-200-distilled-600M_th": 0,
    "xcopa-mt_nllb-200-distilled-600M_tr": 0,
    "xcopa-mt_nllb-200-distilled-600M_vi": 0,
    "xcopa-mt_nllb-200-distilled-600M_zh": 0
  },
  "config": {
    "model": "hf-causal-experimental",
    "model_args": "pretrained=tiiuae/falcon-7b,trust_remote_code=True,dtype=bfloat16",
    "num_fewshot": 0,
    "batch_size": "auto",
    "device": "cuda",
    "no_cache": true,
    "limit": null,
    "bootstrap_iters": 100000,
    "description_dict": {}
  }
}