{
  "results": {
    "mgsm-mt_nllb-200-1.3B_bn": {
      "acc": 0.252,
      "acc_stderr": 0.02751385193303135
    },
    "mgsm-mt_nllb-200-1.3B_de": {
      "acc": 0.304,
      "acc_stderr": 0.029150213374159673
    },
    "mgsm-mt_nllb-200-1.3B_es": {
      "acc": 0.32,
      "acc_stderr": 0.029561724955241037
    },
    "mgsm-mt_nllb-200-1.3B_fr": {
      "acc": 0.328,
      "acc_stderr": 0.02975239182447538
    },
    "mgsm-mt_nllb-200-1.3B_ja": {
      "acc": 0.288,
      "acc_stderr": 0.028697004587398208
    },
    "mgsm-mt_nllb-200-1.3B_ru": {
      "acc": 0.276,
      "acc_stderr": 0.028328537274211342
    },
    "mgsm-mt_nllb-200-1.3B_sw": {
      "acc": 0.276,
      "acc_stderr": 0.028328537274211342
    },
    "mgsm-mt_nllb-200-1.3B_te": {
      "acc": 0.232,
      "acc_stderr": 0.02675007037486516
    },
    "mgsm-mt_nllb-200-1.3B_th": {
      "acc": 0.188,
      "acc_stderr": 0.024760377727750502
    },
    "mgsm-mt_nllb-200-1.3B_zh": {
      "acc": 0.26,
      "acc_stderr": 0.0277973157526443
    },
    "mgsm-mt_nllb-200-3.3B_bn": {
      "acc": 0.312,
      "acc_stderr": 0.029361067575219817
    },
    "mgsm-mt_nllb-200-3.3B_de": {
      "acc": 0.324,
      "acc_stderr": 0.02965829492454557
    },
    "mgsm-mt_nllb-200-3.3B_es": {
      "acc": 0.352,
      "acc_stderr": 0.03026628805735994
    },
    "mgsm-mt_nllb-200-3.3B_fr": {
      "acc": 0.32,
      "acc_stderr": 0.029561724955241037
    },
    "mgsm-mt_nllb-200-3.3B_ja": {
      "acc": 0.276,
      "acc_stderr": 0.028328537274211335
    },
    "mgsm-mt_nllb-200-3.3B_ru": {
      "acc": 0.3,
      "acc_stderr": 0.02904089347757585
    },
    "mgsm-mt_nllb-200-3.3B_sw": {
      "acc": 0.284,
      "acc_stderr": 0.028576958730437398
    },
    "mgsm-mt_nllb-200-3.3B_te": {
      "acc": 0.288,
      "acc_stderr": 0.028697004587398205
    },
    "mgsm-mt_nllb-200-3.3B_th": {
      "acc": 0.256,
      "acc_stderr": 0.027657108718204915
    },
    "mgsm-mt_nllb-200-3.3B_zh": {
      "acc": 0.252,
      "acc_stderr": 0.027513851933031363
    },
    "mgsm-mt_nllb-200-distilled-1.3B_bn": {
      "acc": 0.308,
      "acc_stderr": 0.029256928606501864
    },
    "mgsm-mt_nllb-200-distilled-1.3B_de": {
      "acc": 0.328,
      "acc_stderr": 0.02975239182447538
    },
    "mgsm-mt_nllb-200-distilled-1.3B_es": {
      "acc": 0.352,
      "acc_stderr": 0.03026628805735994
    },
    "mgsm-mt_nllb-200-distilled-1.3B_fr": {
      "acc": 0.34,
      "acc_stderr": 0.030020073605457907
    },
    "mgsm-mt_nllb-200-distilled-1.3B_ja": {
      "acc": 0.24,
      "acc_stderr": 0.027065293652239007
    },
    "mgsm-mt_nllb-200-distilled-1.3B_ru": {
      "acc": 0.284,
      "acc_stderr": 0.0285769587304374
    },
    "mgsm-mt_nllb-200-distilled-1.3B_sw": {
      "acc": 0.268,
      "acc_stderr": 0.028068762382526688
    },
    "mgsm-mt_nllb-200-distilled-1.3B_te": {
      "acc": 0.284,
      "acc_stderr": 0.02857695873043739
    },
    "mgsm-mt_nllb-200-distilled-1.3B_th": {
      "acc": 0.188,
      "acc_stderr": 0.024760377727750502
    },
    "mgsm-mt_nllb-200-distilled-1.3B_zh": {
      "acc": 0.272,
      "acc_stderr": 0.028200088296310006
    },
    "mgsm-mt_nllb-200-distilled-600M_bn": {
      "acc": 0.16,
      "acc_stderr": 0.02323271478206066
    },
    "mgsm-mt_nllb-200-distilled-600M_de": {
      "acc": 0.268,
      "acc_stderr": 0.02806876238252669
    },
    "mgsm-mt_nllb-200-distilled-600M_es": {
      "acc": 0.248,
      "acc_stderr": 0.027367497504863555
    },
    "mgsm-mt_nllb-200-distilled-600M_fr": {
      "acc": 0.268,
      "acc_stderr": 0.02806876238252669
    },
    "mgsm-mt_nllb-200-distilled-600M_ja": {
      "acc": 0.128,
      "acc_stderr": 0.02117208133633649
    },
    "mgsm-mt_nllb-200-distilled-600M_ru": {
      "acc": 0.212,
      "acc_stderr": 0.02590188469054116
    },
    "mgsm-mt_nllb-200-distilled-600M_sw": {
      "acc": 0.188,
      "acc_stderr": 0.024760377727750502
    },
    "mgsm-mt_nllb-200-distilled-600M_te": {
      "acc": 0.208,
      "acc_stderr": 0.025721398901416392
    },
    "mgsm-mt_nllb-200-distilled-600M_th": {
      "acc": 0.164,
      "acc_stderr": 0.023465261002076764
    },
    "mgsm-mt_nllb-200-distilled-600M_zh": {
      "acc": 0.2,
      "acc_stderr": 0.02534897002097908
    }
  },
  "versions": {
    "mgsm-mt_nllb-200-1.3B_bn": 0,
    "mgsm-mt_nllb-200-1.3B_de": 0,
    "mgsm-mt_nllb-200-1.3B_es": 0,
    "mgsm-mt_nllb-200-1.3B_fr": 0,
    "mgsm-mt_nllb-200-1.3B_ja": 0,
    "mgsm-mt_nllb-200-1.3B_ru": 0,
    "mgsm-mt_nllb-200-1.3B_sw": 0,
    "mgsm-mt_nllb-200-1.3B_te": 0,
    "mgsm-mt_nllb-200-1.3B_th": 0,
    "mgsm-mt_nllb-200-1.3B_zh": 0,
    "mgsm-mt_nllb-200-3.3B_bn": 0,
    "mgsm-mt_nllb-200-3.3B_de": 0,
    "mgsm-mt_nllb-200-3.3B_es": 0,
    "mgsm-mt_nllb-200-3.3B_fr": 0,
    "mgsm-mt_nllb-200-3.3B_ja": 0,
    "mgsm-mt_nllb-200-3.3B_ru": 0,
    "mgsm-mt_nllb-200-3.3B_sw": 0,
    "mgsm-mt_nllb-200-3.3B_te": 0,
    "mgsm-mt_nllb-200-3.3B_th": 0,
    "mgsm-mt_nllb-200-3.3B_zh": 0,
    "mgsm-mt_nllb-200-distilled-1.3B_bn": 0,
    "mgsm-mt_nllb-200-distilled-1.3B_de": 0,
    "mgsm-mt_nllb-200-distilled-1.3B_es": 0,
    "mgsm-mt_nllb-200-distilled-1.3B_fr": 0,
    "mgsm-mt_nllb-200-distilled-1.3B_ja": 0,
    "mgsm-mt_nllb-200-distilled-1.3B_ru": 0,
    "mgsm-mt_nllb-200-distilled-1.3B_sw": 0,
    "mgsm-mt_nllb-200-distilled-1.3B_te": 0,
    "mgsm-mt_nllb-200-distilled-1.3B_th": 0,
    "mgsm-mt_nllb-200-distilled-1.3B_zh": 0,
    "mgsm-mt_nllb-200-distilled-600M_bn": 0,
    "mgsm-mt_nllb-200-distilled-600M_de": 0,
    "mgsm-mt_nllb-200-distilled-600M_es": 0,
    "mgsm-mt_nllb-200-distilled-600M_fr": 0,
    "mgsm-mt_nllb-200-distilled-600M_ja": 0,
    "mgsm-mt_nllb-200-distilled-600M_ru": 0,
    "mgsm-mt_nllb-200-distilled-600M_sw": 0,
    "mgsm-mt_nllb-200-distilled-600M_te": 0,
    "mgsm-mt_nllb-200-distilled-600M_th": 0,
    "mgsm-mt_nllb-200-distilled-600M_zh": 0
  },
  "config": {
    "model": "hf-causal-experimental",
    "model_args": "pretrained=meta-llama/Llama-2-13b-chat-hf",
    "num_fewshot": 8,
    "batch_size": "auto",
    "batch_sizes": [],
    "device": "cuda",
    "no_cache": true,
    "limit": null,
    "bootstrap_iters": 100000,
    "description_dict": {}
  }
}