{
  "results": {
    "xcopa-mt_nllb-200-1.3B_et": {
      "acc": 0.682,
      "acc_stderr": 0.020847571620814003
    },
    "xcopa-mt_nllb-200-1.3B_ht": {
      "acc": 0.648,
      "acc_stderr": 0.02138004238594604
    },
    "xcopa-mt_nllb-200-1.3B_id": {
      "acc": 0.682,
      "acc_stderr": 0.02084757162081401
    },
    "xcopa-mt_nllb-200-1.3B_it": {
      "acc": 0.706,
      "acc_stderr": 0.020395095484936596
    },
    "xcopa-mt_nllb-200-1.3B_qu": {
      "acc": 0.492,
      "acc_stderr": 0.022380208834928028
    },
    "xcopa-mt_nllb-200-1.3B_sw": {
      "acc": 0.66,
      "acc_stderr": 0.021206117013673066
    },
    "xcopa-mt_nllb-200-1.3B_ta": {
      "acc": 0.648,
      "acc_stderr": 0.021380042385946044
    },
    "xcopa-mt_nllb-200-1.3B_th": {
      "acc": 0.592,
      "acc_stderr": 0.02200091089387719
    },
    "xcopa-mt_nllb-200-1.3B_tr": {
      "acc": 0.702,
      "acc_stderr": 0.02047511809298898
    },
    "xcopa-mt_nllb-200-1.3B_vi": {
      "acc": 0.678,
      "acc_stderr": 0.02091666833001988
    },
    "xcopa-mt_nllb-200-1.3B_zh": {
      "acc": 0.686,
      "acc_stderr": 0.020776701920308997
    },
    "xcopa-mt_nllb-200-3.3B_et": {
      "acc": 0.718,
      "acc_stderr": 0.020143572847290778
    },
    "xcopa-mt_nllb-200-3.3B_ht": {
      "acc": 0.648,
      "acc_stderr": 0.021380042385946044
    },
    "xcopa-mt_nllb-200-3.3B_id": {
      "acc": 0.676,
      "acc_stderr": 0.020950557312477466
    },
    "xcopa-mt_nllb-200-3.3B_it": {
      "acc": 0.728,
      "acc_stderr": 0.01992048320956607
    },
    "xcopa-mt_nllb-200-3.3B_qu": {
      "acc": 0.504,
      "acc_stderr": 0.02238235778196214
    },
    "xcopa-mt_nllb-200-3.3B_sw": {
      "acc": 0.668,
      "acc_stderr": 0.021081766571222852
    },
    "xcopa-mt_nllb-200-3.3B_ta": {
      "acc": 0.674,
      "acc_stderr": 0.020984009562393574
    },
    "xcopa-mt_nllb-200-3.3B_th": {
      "acc": 0.62,
      "acc_stderr": 0.02172888143870171
    },
    "xcopa-mt_nllb-200-3.3B_tr": {
      "acc": 0.698,
      "acc_stderr": 0.020553269174209184
    },
    "xcopa-mt_nllb-200-3.3B_vi": {
      "acc": 0.686,
      "acc_stderr": 0.020776701920308997
    },
    "xcopa-mt_nllb-200-3.3B_zh": {
      "acc": 0.676,
      "acc_stderr": 0.020950557312477462
    },
    "xcopa-mt_nllb-200-distilled-1.3B_et": {
      "acc": 0.7,
      "acc_stderr": 0.020514426225628046
    },
    "xcopa-mt_nllb-200-distilled-1.3B_ht": {
      "acc": 0.654,
      "acc_stderr": 0.021294951277234637
    },
    "xcopa-mt_nllb-200-distilled-1.3B_id": {
      "acc": 0.66,
      "acc_stderr": 0.02120611701367306
    },
    "xcopa-mt_nllb-200-distilled-1.3B_it": {
      "acc": 0.71,
      "acc_stderr": 0.020313179231745172
    },
    "xcopa-mt_nllb-200-distilled-1.3B_qu": {
      "acc": 0.568,
      "acc_stderr": 0.022175109265613172
    },
    "xcopa-mt_nllb-200-distilled-1.3B_sw": {
      "acc": 0.636,
      "acc_stderr": 0.021539170637317695
    },
    "xcopa-mt_nllb-200-distilled-1.3B_ta": {
      "acc": 0.652,
      "acc_stderr": 0.0213237286328075
    },
    "xcopa-mt_nllb-200-distilled-1.3B_th": {
      "acc": 0.652,
      "acc_stderr": 0.0213237286328075
    },
    "xcopa-mt_nllb-200-distilled-1.3B_tr": {
      "acc": 0.666,
      "acc_stderr": 0.02111349234774375
    },
    "xcopa-mt_nllb-200-distilled-1.3B_vi": {
      "acc": 0.676,
      "acc_stderr": 0.020950557312477466
    },
    "xcopa-mt_nllb-200-distilled-1.3B_zh": {
      "acc": 0.692,
      "acc_stderr": 0.0206670329874661
    },
    "xcopa-mt_nllb-200-distilled-600M_et": {
      "acc": 0.658,
      "acc_stderr": 0.02123614719989927
    },
    "xcopa-mt_nllb-200-distilled-600M_ht": {
      "acc": 0.622,
      "acc_stderr": 0.02170655082451818
    },
    "xcopa-mt_nllb-200-distilled-600M_id": {
      "acc": 0.666,
      "acc_stderr": 0.02111349234774375
    },
    "xcopa-mt_nllb-200-distilled-600M_it": {
      "acc": 0.658,
      "acc_stderr": 0.02123614719989927
    },
    "xcopa-mt_nllb-200-distilled-600M_qu": {
      "acc": 0.546,
      "acc_stderr": 0.022288147591176952
    },
    "xcopa-mt_nllb-200-distilled-600M_sw": {
      "acc": 0.608,
      "acc_stderr": 0.021854684955611266
    },
    "xcopa-mt_nllb-200-distilled-600M_ta": {
      "acc": 0.624,
      "acc_stderr": 0.02168382753928613
    },
    "xcopa-mt_nllb-200-distilled-600M_th": {
      "acc": 0.61,
      "acc_stderr": 0.02183468586936921
    },
    "xcopa-mt_nllb-200-distilled-600M_tr": {
      "acc": 0.668,
      "acc_stderr": 0.021081766571222852
    },
    "xcopa-mt_nllb-200-distilled-600M_vi": {
      "acc": 0.656,
      "acc_stderr": 0.02126575803797874
    },
    "xcopa-mt_nllb-200-distilled-600M_zh": {
      "acc": 0.662,
      "acc_stderr": 0.021175665695209404
    }
  },
  "versions": {
    "xcopa-mt_nllb-200-1.3B_et": 0,
    "xcopa-mt_nllb-200-1.3B_ht": 0,
    "xcopa-mt_nllb-200-1.3B_id": 0,
    "xcopa-mt_nllb-200-1.3B_it": 0,
    "xcopa-mt_nllb-200-1.3B_qu": 0,
    "xcopa-mt_nllb-200-1.3B_sw": 0,
    "xcopa-mt_nllb-200-1.3B_ta": 0,
    "xcopa-mt_nllb-200-1.3B_th": 0,
    "xcopa-mt_nllb-200-1.3B_tr": 0,
    "xcopa-mt_nllb-200-1.3B_vi": 0,
    "xcopa-mt_nllb-200-1.3B_zh": 0,
    "xcopa-mt_nllb-200-3.3B_et": 0,
    "xcopa-mt_nllb-200-3.3B_ht": 0,
    "xcopa-mt_nllb-200-3.3B_id": 0,
    "xcopa-mt_nllb-200-3.3B_it": 0,
    "xcopa-mt_nllb-200-3.3B_qu": 0,
    "xcopa-mt_nllb-200-3.3B_sw": 0,
    "xcopa-mt_nllb-200-3.3B_ta": 0,
    "xcopa-mt_nllb-200-3.3B_th": 0,
    "xcopa-mt_nllb-200-3.3B_tr": 0,
    "xcopa-mt_nllb-200-3.3B_vi": 0,
    "xcopa-mt_nllb-200-3.3B_zh": 0,
    "xcopa-mt_nllb-200-distilled-1.3B_et": 0,
    "xcopa-mt_nllb-200-distilled-1.3B_ht": 0,
    "xcopa-mt_nllb-200-distilled-1.3B_id": 0,
    "xcopa-mt_nllb-200-distilled-1.3B_it": 0,
    "xcopa-mt_nllb-200-distilled-1.3B_qu": 0,
    "xcopa-mt_nllb-200-distilled-1.3B_sw": 0,
    "xcopa-mt_nllb-200-distilled-1.3B_ta": 0,
    "xcopa-mt_nllb-200-distilled-1.3B_th": 0,
    "xcopa-mt_nllb-200-distilled-1.3B_tr": 0,
    "xcopa-mt_nllb-200-distilled-1.3B_vi": 0,
    "xcopa-mt_nllb-200-distilled-1.3B_zh": 0,
    "xcopa-mt_nllb-200-distilled-600M_et": 0,
    "xcopa-mt_nllb-200-distilled-600M_ht": 0,
    "xcopa-mt_nllb-200-distilled-600M_id": 0,
    "xcopa-mt_nllb-200-distilled-600M_it": 0,
    "xcopa-mt_nllb-200-distilled-600M_qu": 0,
    "xcopa-mt_nllb-200-distilled-600M_sw": 0,
    "xcopa-mt_nllb-200-distilled-600M_ta": 0,
    "xcopa-mt_nllb-200-distilled-600M_th": 0,
    "xcopa-mt_nllb-200-distilled-600M_tr": 0,
    "xcopa-mt_nllb-200-distilled-600M_vi": 0,
    "xcopa-mt_nllb-200-distilled-600M_zh": 0
  },
  "config": {
    "model": "hf-causal-experimental",
    "model_args": "pretrained=facebook/xglm-7.5B,use_accelerate=True",
    "num_fewshot": 0,
    "batch_size": "auto",
    "device": "cuda",
    "no_cache": true,
    "limit": null,
    "bootstrap_iters": 100000,
    "description_dict": {}
  }
}