{
  "results": {
    "xstory_cloze-mt_nllb-200-1.3B_ar": {
      "acc": 0.6240900066181337,
      "acc_stderr": 0.012464563551981894
    },
    "xstory_cloze-mt_nllb-200-1.3B_es": {
      "acc": 0.6432825943084051,
      "acc_stderr": 0.012327487677110364
    },
    "xstory_cloze-mt_nllb-200-1.3B_eu": {
      "acc": 0.6340172071475844,
      "acc_stderr": 0.01239630868439938
    },
    "xstory_cloze-mt_nllb-200-1.3B_hi": {
      "acc": 0.6419589675711449,
      "acc_stderr": 0.012337624883487568
    },
    "xstory_cloze-mt_nllb-200-1.3B_id": {
      "acc": 0.6207809397749835,
      "acc_stderr": 0.012486070771171328
    },
    "xstory_cloze-mt_nllb-200-1.3B_my": {
      "acc": 0.5923229649238915,
      "acc_stderr": 0.012645876488040296
    },
    "xstory_cloze-mt_nllb-200-1.3B_ru": {
      "acc": 0.6558570483123759,
      "acc_stderr": 0.012226032926509716
    },
    "xstory_cloze-mt_nllb-200-1.3B_sw": {
      "acc": 0.6154864328259431,
      "acc_stderr": 0.012519200719073854
    },
    "xstory_cloze-mt_nllb-200-1.3B_te": {
      "acc": 0.6300463269358041,
      "acc_stderr": 0.012424286002923866
    },
    "xstory_cloze-mt_nllb-200-1.3B_zh": {
      "acc": 0.6115155526141628,
      "acc_stderr": 0.012543019523160318
    },
    "xstory_cloze-mt_nllb-200-3.3B_ar": {
      "acc": 0.6432825943084051,
      "acc_stderr": 0.012327487677110364
    },
    "xstory_cloze-mt_nllb-200-3.3B_es": {
      "acc": 0.6472534745201853,
      "acc_stderr": 0.012296459788853744
    },
    "xstory_cloze-mt_nllb-200-3.3B_eu": {
      "acc": 0.6307081403044341,
      "acc_stderr": 0.012419685881273585
    },
    "xstory_cloze-mt_nllb-200-3.3B_hi": {
      "acc": 0.6485771012574454,
      "acc_stderr": 0.01228591087173833
    },
    "xstory_cloze-mt_nllb-200-3.3B_id": {
      "acc": 0.6340172071475844,
      "acc_stderr": 0.01239630868439937
    },
    "xstory_cloze-mt_nllb-200-3.3B_my": {
      "acc": 0.6029119788219722,
      "acc_stderr": 0.012591627740247462
    },
    "xstory_cloze-mt_nllb-200-3.3B_ru": {
      "acc": 0.6585043017868961,
      "acc_stderr": 0.012203473241214438
    },
    "xstory_cloze-mt_nllb-200-3.3B_sw": {
      "acc": 0.614162806088683,
      "acc_stderr": 0.012527237971556106
    },
    "xstory_cloze-mt_nllb-200-3.3B_te": {
      "acc": 0.6333553937789543,
      "acc_stderr": 0.012401034429990703
    },
    "xstory_cloze-mt_nllb-200-3.3B_zh": {
      "acc": 0.6499007279947054,
      "acc_stderr": 0.012275258369751086
    },
    "xstory_cloze-mt_nllb-200-distilled-1.3B_ar": {
      "acc": 0.6419589675711449,
      "acc_stderr": 0.01233762488348756
    },
    "xstory_cloze-mt_nllb-200-distilled-1.3B_es": {
      "acc": 0.6518861681005956,
      "acc_stderr": 0.012259084803727357
    },
    "xstory_cloze-mt_nllb-200-distilled-1.3B_eu": {
      "acc": 0.6307081403044341,
      "acc_stderr": 0.012419685881273571
    },
    "xstory_cloze-mt_nllb-200-distilled-1.3B_hi": {
      "acc": 0.6313699536730641,
      "acc_stderr": 0.012415060691280351
    },
    "xstory_cloze-mt_nllb-200-distilled-1.3B_id": {
      "acc": 0.6300463269358041,
      "acc_stderr": 0.012424286002923867
    },
    "xstory_cloze-mt_nllb-200-distilled-1.3B_my": {
      "acc": 0.5896757114493713,
      "acc_stderr": 0.012658485800663394
    },
    "xstory_cloze-mt_nllb-200-distilled-1.3B_ru": {
      "acc": 0.6505625413633356,
      "acc_stderr": 0.012269893190222854
    },
    "xstory_cloze-mt_nllb-200-distilled-1.3B_sw": {
      "acc": 0.614162806088683,
      "acc_stderr": 0.012527237971556105
    },
    "xstory_cloze-mt_nllb-200-distilled-1.3B_te": {
      "acc": 0.6194573130377233,
      "acc_stderr": 0.012494500786685334
    },
    "xstory_cloze-mt_nllb-200-distilled-1.3B_zh": {
      "acc": 0.6221045665122436,
      "acc_stderr": 0.012477542072994658
    },
    "xstory_cloze-mt_nllb-200-distilled-600M_ar": {
      "acc": 0.6194573130377233,
      "acc_stderr": 0.012494500786685346
    },
    "xstory_cloze-mt_nllb-200-distilled-600M_es": {
      "acc": 0.6373262739907346,
      "acc_stderr": 0.012372301216772914
    },
    "xstory_cloze-mt_nllb-200-distilled-600M_eu": {
      "acc": 0.6201191264063534,
      "acc_stderr": 0.01249029810171818
    },
    "xstory_cloze-mt_nllb-200-distilled-600M_hi": {
      "acc": 0.6121773659827928,
      "acc_stderr": 0.012539110696551461
    },
    "xstory_cloze-mt_nllb-200-distilled-600M_id": {
      "acc": 0.6015883520847121,
      "acc_stderr": 0.012598743938252874
    },
    "xstory_cloze-mt_nllb-200-distilled-600M_my": {
      "acc": 0.5579086697551291,
      "acc_stderr": 0.012780536370279762
    },
    "xstory_cloze-mt_nllb-200-distilled-600M_ru": {
      "acc": 0.6360026472534746,
      "acc_stderr": 0.012381980068788365
    },
    "xstory_cloze-mt_nllb-200-distilled-600M_sw": {
      "acc": 0.6035737921906023,
      "acc_stderr": 0.012588033568434758
    },
    "xstory_cloze-mt_nllb-200-distilled-600M_te": {
      "acc": 0.6293845135671741,
      "acc_stderr": 0.012428861084065901
    },
    "xstory_cloze-mt_nllb-200-distilled-600M_zh": {
      "acc": 0.5909993381866314,
      "acc_stderr": 0.012652228567132374
    }
  },
  "versions": {
    "xstory_cloze-mt_nllb-200-1.3B_ar": 0,
    "xstory_cloze-mt_nllb-200-1.3B_es": 0,
    "xstory_cloze-mt_nllb-200-1.3B_eu": 0,
    "xstory_cloze-mt_nllb-200-1.3B_hi": 0,
    "xstory_cloze-mt_nllb-200-1.3B_id": 0,
    "xstory_cloze-mt_nllb-200-1.3B_my": 0,
    "xstory_cloze-mt_nllb-200-1.3B_ru": 0,
    "xstory_cloze-mt_nllb-200-1.3B_sw": 0,
    "xstory_cloze-mt_nllb-200-1.3B_te": 0,
    "xstory_cloze-mt_nllb-200-1.3B_zh": 0,
    "xstory_cloze-mt_nllb-200-3.3B_ar": 0,
    "xstory_cloze-mt_nllb-200-3.3B_es": 0,
    "xstory_cloze-mt_nllb-200-3.3B_eu": 0,
    "xstory_cloze-mt_nllb-200-3.3B_hi": 0,
    "xstory_cloze-mt_nllb-200-3.3B_id": 0,
    "xstory_cloze-mt_nllb-200-3.3B_my": 0,
    "xstory_cloze-mt_nllb-200-3.3B_ru": 0,
    "xstory_cloze-mt_nllb-200-3.3B_sw": 0,
    "xstory_cloze-mt_nllb-200-3.3B_te": 0,
    "xstory_cloze-mt_nllb-200-3.3B_zh": 0,
    "xstory_cloze-mt_nllb-200-distilled-1.3B_ar": 0,
    "xstory_cloze-mt_nllb-200-distilled-1.3B_es": 0,
    "xstory_cloze-mt_nllb-200-distilled-1.3B_eu": 0,
    "xstory_cloze-mt_nllb-200-distilled-1.3B_hi": 0,
    "xstory_cloze-mt_nllb-200-distilled-1.3B_id": 0,
    "xstory_cloze-mt_nllb-200-distilled-1.3B_my": 0,
    "xstory_cloze-mt_nllb-200-distilled-1.3B_ru": 0,
    "xstory_cloze-mt_nllb-200-distilled-1.3B_sw": 0,
    "xstory_cloze-mt_nllb-200-distilled-1.3B_te": 0,
    "xstory_cloze-mt_nllb-200-distilled-1.3B_zh": 0,
    "xstory_cloze-mt_nllb-200-distilled-600M_ar": 0,
    "xstory_cloze-mt_nllb-200-distilled-600M_es": 0,
    "xstory_cloze-mt_nllb-200-distilled-600M_eu": 0,
    "xstory_cloze-mt_nllb-200-distilled-600M_hi": 0,
    "xstory_cloze-mt_nllb-200-distilled-600M_id": 0,
    "xstory_cloze-mt_nllb-200-distilled-600M_my": 0,
    "xstory_cloze-mt_nllb-200-distilled-600M_ru": 0,
    "xstory_cloze-mt_nllb-200-distilled-600M_sw": 0,
    "xstory_cloze-mt_nllb-200-distilled-600M_te": 0,
    "xstory_cloze-mt_nllb-200-distilled-600M_zh": 0
  },
  "config": {
    "model": "hf-causal-experimental",
    "model_args": "pretrained=facebook/xglm-7.5B,use_accelerate=True",
    "num_fewshot": 0,
    "batch_size": "auto",
    "device": "cuda",
    "no_cache": true,
    "limit": null,
    "bootstrap_iters": 100000,
    "description_dict": {}
  }
}