{
  "results": {
    "pawsx-mt_nllb-200-1.3B_de": {
      "acc": 0.59,
      "acc_stderr": 0.011000477501118879
    },
    "pawsx-mt_nllb-200-1.3B_es": {
      "acc": 0.5845,
      "acc_stderr": 0.011022278362940804
    },
    "pawsx-mt_nllb-200-1.3B_fr": {
      "acc": 0.5835,
      "acc_stderr": 0.011026090074507982
    },
    "pawsx-mt_nllb-200-1.3B_ja": {
      "acc": 0.5535,
      "acc_stderr": 0.011118933867290123
    },
    "pawsx-mt_nllb-200-1.3B_ko": {
      "acc": 0.5385,
      "acc_stderr": 0.01114993432795706
    },
    "pawsx-mt_nllb-200-1.3B_zh": {
      "acc": 0.57,
      "acc_stderr": 0.011072998945761347
    },
    "pawsx-mt_nllb-200-3.3B_de": {
      "acc": 0.5955,
      "acc_stderr": 0.010977254896490816
    },
    "pawsx-mt_nllb-200-3.3B_es": {
      "acc": 0.584,
      "acc_stderr": 0.011024190055654286
    },
    "pawsx-mt_nllb-200-3.3B_fr": {
      "acc": 0.5895,
      "acc_stderr": 0.011002518016406629
    },
    "pawsx-mt_nllb-200-3.3B_ja": {
      "acc": 0.546,
      "acc_stderr": 0.011135708419359798
    },
    "pawsx-mt_nllb-200-3.3B_ko": {
      "acc": 0.5525,
      "acc_stderr": 0.01112131812594309
    },
    "pawsx-mt_nllb-200-3.3B_zh": {
      "acc": 0.577,
      "acc_stderr": 0.0110497306878554
    },
    "pawsx-mt_nllb-200-distilled-1.3B_de": {
      "acc": 0.6,
      "acc_stderr": 0.010957190790298964
    },
    "pawsx-mt_nllb-200-distilled-1.3B_es": {
      "acc": 0.588,
      "acc_stderr": 0.011008569130325186
    },
    "pawsx-mt_nllb-200-distilled-1.3B_fr": {
      "acc": 0.593,
      "acc_stderr": 0.010987987437832506
    },
    "pawsx-mt_nllb-200-distilled-1.3B_ja": {
      "acc": 0.542,
      "acc_stderr": 0.011143612073516636
    },
    "pawsx-mt_nllb-200-distilled-1.3B_ko": {
      "acc": 0.5435,
      "acc_stderr": 0.011140733053371413
    },
    "pawsx-mt_nllb-200-distilled-1.3B_zh": {
      "acc": 0.5655,
      "acc_stderr": 0.011086763872590779
    },
    "pawsx-mt_nllb-200-distilled-600M_de": {
      "acc": 0.577,
      "acc_stderr": 0.0110497306878554
    },
    "pawsx-mt_nllb-200-distilled-600M_es": {
      "acc": 0.5795,
      "acc_stderr": 0.011040870681821413
    },
    "pawsx-mt_nllb-200-distilled-600M_fr": {
      "acc": 0.585,
      "acc_stderr": 0.011020354990292209
    },
    "pawsx-mt_nllb-200-distilled-600M_ja": {
      "acc": 0.546,
      "acc_stderr": 0.0111357084193598
    },
    "pawsx-mt_nllb-200-distilled-600M_ko": {
      "acc": 0.5475,
      "acc_stderr": 0.011132557743886095
    },
    "pawsx-mt_nllb-200-distilled-600M_zh": {
      "acc": 0.559,
      "acc_stderr": 0.011105006104468736
    }
  },
  "versions": {
    "pawsx-mt_nllb-200-1.3B_de": 0,
    "pawsx-mt_nllb-200-1.3B_es": 0,
    "pawsx-mt_nllb-200-1.3B_fr": 0,
    "pawsx-mt_nllb-200-1.3B_ja": 0,
    "pawsx-mt_nllb-200-1.3B_ko": 0,
    "pawsx-mt_nllb-200-1.3B_zh": 0,
    "pawsx-mt_nllb-200-3.3B_de": 0,
    "pawsx-mt_nllb-200-3.3B_es": 0,
    "pawsx-mt_nllb-200-3.3B_fr": 0,
    "pawsx-mt_nllb-200-3.3B_ja": 0,
    "pawsx-mt_nllb-200-3.3B_ko": 0,
    "pawsx-mt_nllb-200-3.3B_zh": 0,
    "pawsx-mt_nllb-200-distilled-1.3B_de": 0,
    "pawsx-mt_nllb-200-distilled-1.3B_es": 0,
    "pawsx-mt_nllb-200-distilled-1.3B_fr": 0,
    "pawsx-mt_nllb-200-distilled-1.3B_ja": 0,
    "pawsx-mt_nllb-200-distilled-1.3B_ko": 0,
    "pawsx-mt_nllb-200-distilled-1.3B_zh": 0,
    "pawsx-mt_nllb-200-distilled-600M_de": 0,
    "pawsx-mt_nllb-200-distilled-600M_es": 0,
    "pawsx-mt_nllb-200-distilled-600M_fr": 0,
    "pawsx-mt_nllb-200-distilled-600M_ja": 0,
    "pawsx-mt_nllb-200-distilled-600M_ko": 0,
    "pawsx-mt_nllb-200-distilled-600M_zh": 0
  },
  "config": {
    "model": "hf-causal-experimental",
    "model_args": "pretrained=facebook/xglm-7.5B,use_accelerate=True",
    "num_fewshot": 0,
    "batch_size": "auto",
    "device": "cuda",
    "no_cache": true,
    "limit": null,
    "bootstrap_iters": 100000,
    "description_dict": {}
  }
}