{
  "results": {
    "pawsx-mt_bloom-1b7_de": {
      "acc": 0.522,
      "acc_stderr": 0.01117230550088488
    },
    "pawsx-mt_bloom-1b7_es": {
      "acc": 0.5735,
      "acc_stderr": 0.011061647934531037
    },
    "pawsx-mt_bloom-1b7_fr": {
      "acc": 0.59,
      "acc_stderr": 0.01100047750111888
    },
    "pawsx-mt_bloom-1b7_ja": {
      "acc": 0.489,
      "acc_stderr": 0.011180429374603775
    },
    "pawsx-mt_bloom-1b7_ko": {
      "acc": 0.4845,
      "acc_stderr": 0.011177761232603322
    },
    "pawsx-mt_bloom-1b7_zh": {
      "acc": 0.535,
      "acc_stderr": 0.01115570369194311
    },
    "pawsx-mt_bloom-3b_de": {
      "acc": 0.538,
      "acc_stderr": 0.011150792352341666
    },
    "pawsx-mt_bloom-3b_es": {
      "acc": 0.5875,
      "acc_stderr": 0.011010562712487562
    },
    "pawsx-mt_bloom-3b_fr": {
      "acc": 0.5805,
      "acc_stderr": 0.011037245371590673
    },
    "pawsx-mt_bloom-3b_ja": {
      "acc": 0.4815,
      "acc_stderr": 0.011175478542788584
    },
    "pawsx-mt_bloom-3b_ko": {
      "acc": 0.4895,
      "acc_stderr": 0.011180669867648657
    },
    "pawsx-mt_bloom-3b_zh": {
      "acc": 0.547,
      "acc_stderr": 0.011133619300989868
    },
    "pawsx-mt_bloom-560m_de": {
      "acc": 0.5025,
      "acc_stderr": 0.01118299623099078
    },
    "pawsx-mt_bloom-560m_es": {
      "acc": 0.551,
      "acc_stderr": 0.011124809242874427
    },
    "pawsx-mt_bloom-560m_fr": {
      "acc": 0.5555,
      "acc_stderr": 0.011114028784284498
    },
    "pawsx-mt_bloom-560m_ja": {
      "acc": 0.4915,
      "acc_stderr": 0.011181519941139164
    },
    "pawsx-mt_bloom-560m_ko": {
      "acc": 0.5065,
      "acc_stderr": 0.011182191006142296
    },
    "pawsx-mt_bloom-560m_zh": {
      "acc": 0.5155,
      "acc_stderr": 0.011177761232603322
    },
    "pawsx-mt_bloom-7b1_de": {
      "acc": 0.56,
      "acc_stderr": 0.011102325468811012
    },
    "pawsx-mt_bloom-7b1_es": {
      "acc": 0.5815,
      "acc_stderr": 0.01103357353138304
    },
    "pawsx-mt_bloom-7b1_fr": {
      "acc": 0.5755,
      "acc_stderr": 0.011054907529701145
    },
    "pawsx-mt_bloom-7b1_ja": {
      "acc": 0.5055,
      "acc_stderr": 0.011182459420867628
    },
    "pawsx-mt_bloom-7b1_ko": {
      "acc": 0.485,
      "acc_stderr": 0.011178102477052806
    },
    "pawsx-mt_bloom-7b1_zh": {
      "acc": 0.558,
      "acc_stderr": 0.011107641056719639
    }
  },
  "versions": {
    "pawsx-mt_bloom-1b7_de": 0,
    "pawsx-mt_bloom-1b7_es": 0,
    "pawsx-mt_bloom-1b7_fr": 0,
    "pawsx-mt_bloom-1b7_ja": 0,
    "pawsx-mt_bloom-1b7_ko": 0,
    "pawsx-mt_bloom-1b7_zh": 0,
    "pawsx-mt_bloom-3b_de": 0,
    "pawsx-mt_bloom-3b_es": 0,
    "pawsx-mt_bloom-3b_fr": 0,
    "pawsx-mt_bloom-3b_ja": 0,
    "pawsx-mt_bloom-3b_ko": 0,
    "pawsx-mt_bloom-3b_zh": 0,
    "pawsx-mt_bloom-560m_de": 0,
    "pawsx-mt_bloom-560m_es": 0,
    "pawsx-mt_bloom-560m_fr": 0,
    "pawsx-mt_bloom-560m_ja": 0,
    "pawsx-mt_bloom-560m_ko": 0,
    "pawsx-mt_bloom-560m_zh": 0,
    "pawsx-mt_bloom-7b1_de": 0,
    "pawsx-mt_bloom-7b1_es": 0,
    "pawsx-mt_bloom-7b1_fr": 0,
    "pawsx-mt_bloom-7b1_ja": 0,
    "pawsx-mt_bloom-7b1_ko": 0,
    "pawsx-mt_bloom-7b1_zh": 0
  },
  "config": {
    "model": "hf-causal-experimental",
    "model_args": "pretrained=bigscience/bloom-7b1,dtype=float16",
    "num_fewshot": 0,
    "batch_size": "auto",
    "device": "cuda",
    "no_cache": true,
    "limit": null,
    "bootstrap_iters": 100000,
    "description_dict": {}
  }
}