{
  "results": {
    "xcopa-mt_nllb-200-1.3B_et": {
      "acc": 0.704,
      "acc_stderr": 0.020435342091896135
    },
    "xcopa-mt_nllb-200-1.3B_ht": {
      "acc": 0.676,
      "acc_stderr": 0.020950557312477445
    },
    "xcopa-mt_nllb-200-1.3B_id": {
      "acc": 0.694,
      "acc_stderr": 0.02062956999834539
    },
    "xcopa-mt_nllb-200-1.3B_it": {
      "acc": 0.694,
      "acc_stderr": 0.0206295699983454
    },
    "xcopa-mt_nllb-200-1.3B_qu": {
      "acc": 0.496,
      "acc_stderr": 0.02238235778196213
    },
    "xcopa-mt_nllb-200-1.3B_sw": {
      "acc": 0.654,
      "acc_stderr": 0.021294951277234637
    },
    "xcopa-mt_nllb-200-1.3B_ta": {
      "acc": 0.654,
      "acc_stderr": 0.021294951277234637
    },
    "xcopa-mt_nllb-200-1.3B_th": {
      "acc": 0.608,
      "acc_stderr": 0.021854684955611256
    },
    "xcopa-mt_nllb-200-1.3B_tr": {
      "acc": 0.71,
      "acc_stderr": 0.020313179231745172
    },
    "xcopa-mt_nllb-200-1.3B_vi": {
      "acc": 0.708,
      "acc_stderr": 0.02035437548053008
    },
    "xcopa-mt_nllb-200-1.3B_zh": {
      "acc": 0.682,
      "acc_stderr": 0.020847571620814014
    },
    "xcopa-mt_nllb-200-3.3B_et": {
      "acc": 0.712,
      "acc_stderr": 0.02027150383507522
    },
    "xcopa-mt_nllb-200-3.3B_ht": {
      "acc": 0.656,
      "acc_stderr": 0.02126575803797874
    },
    "xcopa-mt_nllb-200-3.3B_id": {
      "acc": 0.698,
      "acc_stderr": 0.020553269174209188
    },
    "xcopa-mt_nllb-200-3.3B_it": {
      "acc": 0.714,
      "acc_stderr": 0.020229346329177528
    },
    "xcopa-mt_nllb-200-3.3B_qu": {
      "acc": 0.52,
      "acc_stderr": 0.022365160424231333
    },
    "xcopa-mt_nllb-200-3.3B_sw": {
      "acc": 0.664,
      "acc_stderr": 0.02114479142504885
    },
    "xcopa-mt_nllb-200-3.3B_ta": {
      "acc": 0.68,
      "acc_stderr": 0.020882340488761805
    },
    "xcopa-mt_nllb-200-3.3B_th": {
      "acc": 0.638,
      "acc_stderr": 0.021513662527582397
    },
    "xcopa-mt_nllb-200-3.3B_tr": {
      "acc": 0.688,
      "acc_stderr": 0.020740596536488062
    },
    "xcopa-mt_nllb-200-3.3B_vi": {
      "acc": 0.704,
      "acc_stderr": 0.02043534209189615
    },
    "xcopa-mt_nllb-200-3.3B_zh": {
      "acc": 0.706,
      "acc_stderr": 0.0203950954849366
    },
    "xcopa-mt_nllb-200-distilled-1.3B_et": {
      "acc": 0.71,
      "acc_stderr": 0.020313179231745183
    },
    "xcopa-mt_nllb-200-distilled-1.3B_ht": {
      "acc": 0.672,
      "acc_stderr": 0.02101702716517549
    },
    "xcopa-mt_nllb-200-distilled-1.3B_id": {
      "acc": 0.668,
      "acc_stderr": 0.021081766571222852
    },
    "xcopa-mt_nllb-200-distilled-1.3B_it": {
      "acc": 0.712,
      "acc_stderr": 0.020271503835075227
    },
    "xcopa-mt_nllb-200-distilled-1.3B_qu": {
      "acc": 0.576,
      "acc_stderr": 0.0221229937781354
    },
    "xcopa-mt_nllb-200-distilled-1.3B_sw": {
      "acc": 0.658,
      "acc_stderr": 0.021236147199899257
    },
    "xcopa-mt_nllb-200-distilled-1.3B_ta": {
      "acc": 0.658,
      "acc_stderr": 0.02123614719989927
    },
    "xcopa-mt_nllb-200-distilled-1.3B_th": {
      "acc": 0.628,
      "acc_stderr": 0.0216371979857224
    },
    "xcopa-mt_nllb-200-distilled-1.3B_tr": {
      "acc": 0.692,
      "acc_stderr": 0.020667032987466104
    },
    "xcopa-mt_nllb-200-distilled-1.3B_vi": {
      "acc": 0.684,
      "acc_stderr": 0.020812359515855854
    },
    "xcopa-mt_nllb-200-distilled-1.3B_zh": {
      "acc": 0.714,
      "acc_stderr": 0.02022934632917753
    },
    "xcopa-mt_nllb-200-distilled-600M_et": {
      "acc": 0.668,
      "acc_stderr": 0.021081766571222852
    },
    "xcopa-mt_nllb-200-distilled-600M_ht": {
      "acc": 0.624,
      "acc_stderr": 0.021683827539286115
    },
    "xcopa-mt_nllb-200-distilled-600M_id": {
      "acc": 0.664,
      "acc_stderr": 0.02114479142504884
    },
    "xcopa-mt_nllb-200-distilled-600M_it": {
      "acc": 0.676,
      "acc_stderr": 0.02095055731247747
    },
    "xcopa-mt_nllb-200-distilled-600M_qu": {
      "acc": 0.532,
      "acc_stderr": 0.02233718647904429
    },
    "xcopa-mt_nllb-200-distilled-600M_sw": {
      "acc": 0.612,
      "acc_stderr": 0.021814300984787635
    },
    "xcopa-mt_nllb-200-distilled-600M_ta": {
      "acc": 0.624,
      "acc_stderr": 0.021683827539286132
    },
    "xcopa-mt_nllb-200-distilled-600M_th": {
      "acc": 0.634,
      "acc_stderr": 0.021564276850201618
    },
    "xcopa-mt_nllb-200-distilled-600M_tr": {
      "acc": 0.672,
      "acc_stderr": 0.02101702716517548
    },
    "xcopa-mt_nllb-200-distilled-600M_vi": {
      "acc": 0.664,
      "acc_stderr": 0.021144791425048857
    },
    "xcopa-mt_nllb-200-distilled-600M_zh": {
      "acc": 0.66,
      "acc_stderr": 0.021206117013673066
    }
  },
  "versions": {
    "xcopa-mt_nllb-200-1.3B_et": 0,
    "xcopa-mt_nllb-200-1.3B_ht": 0,
    "xcopa-mt_nllb-200-1.3B_id": 0,
    "xcopa-mt_nllb-200-1.3B_it": 0,
    "xcopa-mt_nllb-200-1.3B_qu": 0,
    "xcopa-mt_nllb-200-1.3B_sw": 0,
    "xcopa-mt_nllb-200-1.3B_ta": 0,
    "xcopa-mt_nllb-200-1.3B_th": 0,
    "xcopa-mt_nllb-200-1.3B_tr": 0,
    "xcopa-mt_nllb-200-1.3B_vi": 0,
    "xcopa-mt_nllb-200-1.3B_zh": 0,
    "xcopa-mt_nllb-200-3.3B_et": 0,
    "xcopa-mt_nllb-200-3.3B_ht": 0,
    "xcopa-mt_nllb-200-3.3B_id": 0,
    "xcopa-mt_nllb-200-3.3B_it": 0,
    "xcopa-mt_nllb-200-3.3B_qu": 0,
    "xcopa-mt_nllb-200-3.3B_sw": 0,
    "xcopa-mt_nllb-200-3.3B_ta": 0,
    "xcopa-mt_nllb-200-3.3B_th": 0,
    "xcopa-mt_nllb-200-3.3B_tr": 0,
    "xcopa-mt_nllb-200-3.3B_vi": 0,
    "xcopa-mt_nllb-200-3.3B_zh": 0,
    "xcopa-mt_nllb-200-distilled-1.3B_et": 0,
    "xcopa-mt_nllb-200-distilled-1.3B_ht": 0,
    "xcopa-mt_nllb-200-distilled-1.3B_id": 0,
    "xcopa-mt_nllb-200-distilled-1.3B_it": 0,
    "xcopa-mt_nllb-200-distilled-1.3B_qu": 0,
    "xcopa-mt_nllb-200-distilled-1.3B_sw": 0,
    "xcopa-mt_nllb-200-distilled-1.3B_ta": 0,
    "xcopa-mt_nllb-200-distilled-1.3B_th": 0,
    "xcopa-mt_nllb-200-distilled-1.3B_tr": 0,
    "xcopa-mt_nllb-200-distilled-1.3B_vi": 0,
    "xcopa-mt_nllb-200-distilled-1.3B_zh": 0,
    "xcopa-mt_nllb-200-distilled-600M_et": 0,
    "xcopa-mt_nllb-200-distilled-600M_ht": 0,
    "xcopa-mt_nllb-200-distilled-600M_id": 0,
    "xcopa-mt_nllb-200-distilled-600M_it": 0,
    "xcopa-mt_nllb-200-distilled-600M_qu": 0,
    "xcopa-mt_nllb-200-distilled-600M_sw": 0,
    "xcopa-mt_nllb-200-distilled-600M_ta": 0,
    "xcopa-mt_nllb-200-distilled-600M_th": 0,
    "xcopa-mt_nllb-200-distilled-600M_tr": 0,
    "xcopa-mt_nllb-200-distilled-600M_vi": 0,
    "xcopa-mt_nllb-200-distilled-600M_zh": 0
  },
  "config": {
    "model": "hf-causal-experimental",
    "model_args": "pretrained=bigscience/bloom-7b1",
    "num_fewshot": 0,
    "batch_size": "auto",
    "device": "cuda",
    "no_cache": true,
    "limit": null,
    "bootstrap_iters": 100000,
    "description_dict": {}
  }
}