{
  "results": {
    "pawsx-mt_xglm-1.7B_de": {
      "acc": 0.5645,
      "acc_stderr": 0.011089696374691115
    },
    "pawsx-mt_xglm-1.7B_es": {
      "acc": 0.544,
      "acc_stderr": 0.011139750761283315
    },
    "pawsx-mt_xglm-1.7B_fr": {
      "acc": 0.556,
      "acc_stderr": 0.01111277404042028
    },
    "pawsx-mt_xglm-1.7B_ja": {
      "acc": 0.524,
      "acc_stderr": 0.011170245619215436
    },
    "pawsx-mt_xglm-1.7B_ko": {
      "acc": 0.5045,
      "acc_stderr": 0.011182683094883898
    },
    "pawsx-mt_xglm-1.7B_zh": {
      "acc": 0.5335,
      "acc_stderr": 0.011158007239770805
    },
    "pawsx-mt_xglm-2.9B_de": {
      "acc": 0.5665,
      "acc_stderr": 0.01108378546120757
    },
    "pawsx-mt_xglm-2.9B_es": {
      "acc": 0.5685,
      "acc_stderr": 0.011077690761900853
    },
    "pawsx-mt_xglm-2.9B_fr": {
      "acc": 0.569,
      "acc_stderr": 0.011076138335187558
    },
    "pawsx-mt_xglm-2.9B_ja": {
      "acc": 0.5225,
      "acc_stderr": 0.011171807357801173
    },
    "pawsx-mt_xglm-2.9B_ko": {
      "acc": 0.522,
      "acc_stderr": 0.011172305500884881
    },
    "pawsx-mt_xglm-2.9B_zh": {
      "acc": 0.5355,
      "acc_stderr": 0.011154913314119556
    },
    "pawsx-mt_xglm-564M_de": {
      "acc": 0.531,
      "acc_stderr": 0.011161621338114477
    },
    "pawsx-mt_xglm-564M_es": {
      "acc": 0.538,
      "acc_stderr": 0.01115079235234166
    },
    "pawsx-mt_xglm-564M_fr": {
      "acc": 0.5635,
      "acc_stderr": 0.011092583003919658
    },
    "pawsx-mt_xglm-564M_ja": {
      "acc": 0.505,
      "acc_stderr": 0.011182576850283833
    },
    "pawsx-mt_xglm-564M_ko": {
      "acc": 0.4755,
      "acc_stderr": 0.011169702598013186
    },
    "pawsx-mt_xglm-564M_zh": {
      "acc": 0.511,
      "acc_stderr": 0.011180429374603775
    },
    "pawsx-mt_xglm-7.5B_de": {
      "acc": 0.564,
      "acc_stderr": 0.011091145421162659
    },
    "pawsx-mt_xglm-7.5B_es": {
      "acc": 0.5715,
      "acc_stderr": 0.011068203447885413
    },
    "pawsx-mt_xglm-7.5B_fr": {
      "acc": 0.573,
      "acc_stderr": 0.0110633041334482
    },
    "pawsx-mt_xglm-7.5B_ja": {
      "acc": 0.5185,
      "acc_stderr": 0.011175478542788572
    },
    "pawsx-mt_xglm-7.5B_ko": {
      "acc": 0.511,
      "acc_stderr": 0.01118042937460377
    },
    "pawsx-mt_xglm-7.5B_zh": {
      "acc": 0.5255,
      "acc_stderr": 0.011168582883330072
    }
  },
  "versions": {
    "pawsx-mt_xglm-1.7B_de": 0,
    "pawsx-mt_xglm-1.7B_es": 0,
    "pawsx-mt_xglm-1.7B_fr": 0,
    "pawsx-mt_xglm-1.7B_ja": 0,
    "pawsx-mt_xglm-1.7B_ko": 0,
    "pawsx-mt_xglm-1.7B_zh": 0,
    "pawsx-mt_xglm-2.9B_de": 0,
    "pawsx-mt_xglm-2.9B_es": 0,
    "pawsx-mt_xglm-2.9B_fr": 0,
    "pawsx-mt_xglm-2.9B_ja": 0,
    "pawsx-mt_xglm-2.9B_ko": 0,
    "pawsx-mt_xglm-2.9B_zh": 0,
    "pawsx-mt_xglm-564M_de": 0,
    "pawsx-mt_xglm-564M_es": 0,
    "pawsx-mt_xglm-564M_fr": 0,
    "pawsx-mt_xglm-564M_ja": 0,
    "pawsx-mt_xglm-564M_ko": 0,
    "pawsx-mt_xglm-564M_zh": 0,
    "pawsx-mt_xglm-7.5B_de": 0,
    "pawsx-mt_xglm-7.5B_es": 0,
    "pawsx-mt_xglm-7.5B_fr": 0,
    "pawsx-mt_xglm-7.5B_ja": 0,
    "pawsx-mt_xglm-7.5B_ko": 0,
    "pawsx-mt_xglm-7.5B_zh": 0
  },
  "config": {
    "model": "hf-causal-experimental",
    "model_args": "pretrained=bigscience/bloom-7b1,dtype=float16",
    "num_fewshot": 0,
    "batch_size": "auto",
    "device": "cuda",
    "no_cache": true,
    "limit": null,
    "bootstrap_iters": 100000,
    "description_dict": {}
  }
}