{
  "results": {
    "xcopa-mt_bloom-1b7_et": {
      "acc": 0.49,
      "acc_stderr": 0.022378596989230788
    },
    "xcopa-mt_bloom-1b7_ht": {
      "acc": 0.444,
      "acc_stderr": 0.02224224437573102
    },
    "xcopa-mt_bloom-1b7_id": {
      "acc": 0.634,
      "acc_stderr": 0.02156427685020162
    },
    "xcopa-mt_bloom-1b7_it": {
      "acc": 0.6,
      "acc_stderr": 0.021930844120728505
    },
    "xcopa-mt_bloom-1b7_qu": {
      "acc": 0.47,
      "acc_stderr": 0.022342748192502846
    },
    "xcopa-mt_bloom-1b7_sw": {
      "acc": 0.498,
      "acc_stderr": 0.022382894986483524
    },
    "xcopa-mt_bloom-1b7_ta": {
      "acc": 0.594,
      "acc_stderr": 0.021983962090086337
    },
    "xcopa-mt_bloom-1b7_th": {
      "acc": 0.486,
      "acc_stderr": 0.02237429816635319
    },
    "xcopa-mt_bloom-1b7_tr": {
      "acc": 0.522,
      "acc_stderr": 0.02236139673920787
    },
    "xcopa-mt_bloom-1b7_vi": {
      "acc": 0.644,
      "acc_stderr": 0.02143471235607264
    },
    "xcopa-mt_bloom-1b7_zh": {
      "acc": 0.684,
      "acc_stderr": 0.020812359515855854
    },
    "xcopa-mt_bloom-3b_et": {
      "acc": 0.494,
      "acc_stderr": 0.022381462412439324
    },
    "xcopa-mt_bloom-3b_ht": {
      "acc": 0.494,
      "acc_stderr": 0.022381462412439324
    },
    "xcopa-mt_bloom-3b_id": {
      "acc": 0.638,
      "acc_stderr": 0.021513662527582404
    },
    "xcopa-mt_bloom-3b_it": {
      "acc": 0.596,
      "acc_stderr": 0.021966635293832918
    },
    "xcopa-mt_bloom-3b_qu": {
      "acc": 0.496,
      "acc_stderr": 0.022382357781962143
    },
    "xcopa-mt_bloom-3b_sw": {
      "acc": 0.574,
      "acc_stderr": 0.022136577335085637
    },
    "xcopa-mt_bloom-3b_ta": {
      "acc": 0.616,
      "acc_stderr": 0.021772369465547194
    },
    "xcopa-mt_bloom-3b_th": {
      "acc": 0.496,
      "acc_stderr": 0.02238235778196214
    },
    "xcopa-mt_bloom-3b_tr": {
      "acc": 0.49,
      "acc_stderr": 0.02237859698923078
    },
    "xcopa-mt_bloom-3b_vi": {
      "acc": 0.682,
      "acc_stderr": 0.020847571620814007
    },
    "xcopa-mt_bloom-3b_zh": {
      "acc": 0.718,
      "acc_stderr": 0.020143572847290778
    },
    "xcopa-mt_bloom-560m_et": {
      "acc": 0.464,
      "acc_stderr": 0.022324981738385246
    },
    "xcopa-mt_bloom-560m_ht": {
      "acc": 0.514,
      "acc_stderr": 0.02237429816635318
    },
    "xcopa-mt_bloom-560m_id": {
      "acc": 0.588,
      "acc_stderr": 0.02203367799374087
    },
    "xcopa-mt_bloom-560m_it": {
      "acc": 0.456,
      "acc_stderr": 0.022296238348407056
    },
    "xcopa-mt_bloom-560m_qu": {
      "acc": 0.456,
      "acc_stderr": 0.022296238348407056
    },
    "xcopa-mt_bloom-560m_sw": {
      "acc": 0.47,
      "acc_stderr": 0.022342748192502843
    },
    "xcopa-mt_bloom-560m_ta": {
      "acc": 0.518,
      "acc_stderr": 0.02236856511738799
    },
    "xcopa-mt_bloom-560m_th": {
      "acc": 0.476,
      "acc_stderr": 0.0223572738810164
    },
    "xcopa-mt_bloom-560m_tr": {
      "acc": 0.522,
      "acc_stderr": 0.02236139673920788
    },
    "xcopa-mt_bloom-560m_vi": {
      "acc": 0.566,
      "acc_stderr": 0.022187215803029008
    },
    "xcopa-mt_bloom-560m_zh": {
      "acc": 0.59,
      "acc_stderr": 0.022017482578127676
    },
    "xcopa-mt_bloom-7b1_et": {
      "acc": 0.506,
      "acc_stderr": 0.022381462412439324
    },
    "xcopa-mt_bloom-7b1_ht": {
      "acc": 0.542,
      "acc_stderr": 0.022303966774269945
    },
    "xcopa-mt_bloom-7b1_id": {
      "acc": 0.716,
      "acc_stderr": 0.020186703693570843
    },
    "xcopa-mt_bloom-7b1_it": {
      "acc": 0.66,
      "acc_stderr": 0.02120611701367307
    },
    "xcopa-mt_bloom-7b1_qu": {
      "acc": 0.502,
      "acc_stderr": 0.022382894986483524
    },
    "xcopa-mt_bloom-7b1_sw": {
      "acc": 0.602,
      "acc_stderr": 0.021912377885779977
    },
    "xcopa-mt_bloom-7b1_ta": {
      "acc": 0.646,
      "acc_stderr": 0.021407582047916453
    },
    "xcopa-mt_bloom-7b1_th": {
      "acc": 0.524,
      "acc_stderr": 0.022357273881016403
    },
    "xcopa-mt_bloom-7b1_tr": {
      "acc": 0.482,
      "acc_stderr": 0.02236856511738799
    },
    "xcopa-mt_bloom-7b1_vi": {
      "acc": 0.68,
      "acc_stderr": 0.0208823404887618
    },
    "xcopa-mt_bloom-7b1_zh": {
      "acc": 0.702,
      "acc_stderr": 0.020475118092988975
    }
  },
  "versions": {
    "xcopa-mt_bloom-1b7_et": 0,
    "xcopa-mt_bloom-1b7_ht": 0,
    "xcopa-mt_bloom-1b7_id": 0,
    "xcopa-mt_bloom-1b7_it": 0,
    "xcopa-mt_bloom-1b7_qu": 0,
    "xcopa-mt_bloom-1b7_sw": 0,
    "xcopa-mt_bloom-1b7_ta": 0,
    "xcopa-mt_bloom-1b7_th": 0,
    "xcopa-mt_bloom-1b7_tr": 0,
    "xcopa-mt_bloom-1b7_vi": 0,
    "xcopa-mt_bloom-1b7_zh": 0,
    "xcopa-mt_bloom-3b_et": 0,
    "xcopa-mt_bloom-3b_ht": 0,
    "xcopa-mt_bloom-3b_id": 0,
    "xcopa-mt_bloom-3b_it": 0,
    "xcopa-mt_bloom-3b_qu": 0,
    "xcopa-mt_bloom-3b_sw": 0,
    "xcopa-mt_bloom-3b_ta": 0,
    "xcopa-mt_bloom-3b_th": 0,
    "xcopa-mt_bloom-3b_tr": 0,
    "xcopa-mt_bloom-3b_vi": 0,
    "xcopa-mt_bloom-3b_zh": 0,
    "xcopa-mt_bloom-560m_et": 0,
    "xcopa-mt_bloom-560m_ht": 0,
    "xcopa-mt_bloom-560m_id": 0,
    "xcopa-mt_bloom-560m_it": 0,
    "xcopa-mt_bloom-560m_qu": 0,
    "xcopa-mt_bloom-560m_sw": 0,
    "xcopa-mt_bloom-560m_ta": 0,
    "xcopa-mt_bloom-560m_th": 0,
    "xcopa-mt_bloom-560m_tr": 0,
    "xcopa-mt_bloom-560m_vi": 0,
    "xcopa-mt_bloom-560m_zh": 0,
    "xcopa-mt_bloom-7b1_et": 0,
    "xcopa-mt_bloom-7b1_ht": 0,
    "xcopa-mt_bloom-7b1_id": 0,
    "xcopa-mt_bloom-7b1_it": 0,
    "xcopa-mt_bloom-7b1_qu": 0,
    "xcopa-mt_bloom-7b1_sw": 0,
    "xcopa-mt_bloom-7b1_ta": 0,
    "xcopa-mt_bloom-7b1_th": 0,
    "xcopa-mt_bloom-7b1_tr": 0,
    "xcopa-mt_bloom-7b1_vi": 0,
    "xcopa-mt_bloom-7b1_zh": 0
  },
  "config": {
    "model": "hf-causal-experimental",
    "model_args": "pretrained=bigscience/bloom-7b1,dtype=float16",
    "num_fewshot": 0,
    "batch_size": "auto",
    "device": "cuda",
    "no_cache": true,
    "limit": null,
    "bootstrap_iters": 100000,
    "description_dict": {}
  }
}