{
  "results": {
    "mgsm_bn": {
      "acc": 0.048,
      "acc_stderr": 0.013546884228085719
    },
    "mgsm_de": {
      "acc": 0.004,
      "acc_stderr": 0.004000000000000008
    },
    "mgsm_en": {
      "acc": 0.052,
      "acc_stderr": 0.014070391025641655
    },
    "mgsm_es": {
      "acc": 0.052,
      "acc_stderr": 0.014070391025641655
    },
    "mgsm_fr": {
      "acc": 0.04,
      "acc_stderr": 0.012418408411301303
    },
    "mgsm_ja": {
      "acc": 0.012,
      "acc_stderr": 0.006900323023694293
    },
    "mgsm_ru": {
      "acc": 0.04,
      "acc_stderr": 0.012418408411301308
    },
    "mgsm_sw": {
      "acc": 0.028,
      "acc_stderr": 0.010454721651927299
    },
    "mgsm_te": {
      "acc": 0.044,
      "acc_stderr": 0.012997373846574956
    },
    "mgsm_th": {
      "acc": 0.0,
      "acc_stderr": 0.0
    },
    "mgsm_zh": {
      "acc": 0.048,
      "acc_stderr": 0.013546884228085695
    }
  },
  "versions": {
    "mgsm_bn": 0,
    "mgsm_de": 0,
    "mgsm_en": 0,
    "mgsm_es": 0,
    "mgsm_fr": 0,
    "mgsm_ja": 0,
    "mgsm_ru": 0,
    "mgsm_sw": 0,
    "mgsm_te": 0,
    "mgsm_th": 0,
    "mgsm_zh": 0
  },
  "config": {
    "model": "hf-causal-experimental",
    "model_args": "pretrained=bigscience/bloom-7b1",
    "num_fewshot": 8,
    "batch_size": "auto",
    "device": "cuda",
    "no_cache": true,
    "limit": null,
    "bootstrap_iters": 100000,
    "description_dict": {}
  }
}