{
  "results": {
    "xnli-mt_nllb-200-1.3B_ar": {
      "acc": 0.501996007984032,
      "acc_stderr": 0.007064656136786087
    },
    "xnli-mt_nllb-200-1.3B_bg": {
      "acc": 0.5225548902195609,
      "acc_stderr": 0.007057520804475595
    },
    "xnli-mt_nllb-200-1.3B_de": {
      "acc": 0.5175648702594811,
      "acc_stderr": 0.007060351807437974
    },
    "xnli-mt_nllb-200-1.3B_el": {
      "acc": 0.5181636726546907,
      "acc_stderr": 0.00706004932457987
    },
    "xnli-mt_nllb-200-1.3B_es": {
      "acc": 0.5241516966067864,
      "acc_stderr": 0.007056465859863786
    },
    "xnli-mt_nllb-200-1.3B_fr": {
      "acc": 0.5211576846307385,
      "acc_stderr": 0.007058384592010181
    },
    "xnli-mt_nllb-200-1.3B_hi": {
      "acc": 0.5027944111776447,
      "acc_stderr": 0.007064602095535848
    },
    "xnli-mt_nllb-200-1.3B_ru": {
      "acc": 0.5111776447105788,
      "acc_stderr": 0.007062946882014579
    },
    "xnli-mt_nllb-200-1.3B_sw": {
      "acc": 0.4906187624750499,
      "acc_stderr": 0.00706346882284063
    },
    "xnli-mt_nllb-200-1.3B_th": {
      "acc": 0.48243512974051894,
      "acc_stderr": 0.007060351807437983
    },
    "xnli-mt_nllb-200-1.3B_tr": {
      "acc": 0.5081836327345309,
      "acc_stderr": 0.007063766092285599
    },
    "xnli-mt_nllb-200-1.3B_ur": {
      "acc": 0.475249500998004,
      "acc_stderr": 0.007056051615733839
    },
    "xnli-mt_nllb-200-1.3B_vi": {
      "acc": 0.5107784431137724,
      "acc_stderr": 0.007063070754956928
    },
    "xnli-mt_nllb-200-1.3B_zh": {
      "acc": 0.49800399201596807,
      "acc_stderr": 0.007064656136786098
    },
    "xnli-mt_nllb-200-distilled-1.3B_ar": {
      "acc": 0.5099800399201597,
      "acc_stderr": 0.00706330498149191
    },
    "xnli-mt_nllb-200-distilled-1.3B_bg": {
      "acc": 0.5207584830339321,
      "acc_stderr": 0.007058621227682132
    },
    "xnli-mt_nllb-200-distilled-1.3B_de": {
      "acc": 0.5159680638722555,
      "acc_stderr": 0.007061108802708892
    },
    "xnli-mt_nllb-200-distilled-1.3B_el": {
      "acc": 0.5227544910179641,
      "acc_stderr": 0.007057392889571969
    },
    "xnli-mt_nllb-200-distilled-1.3B_es": {
      "acc": 0.5269461077844312,
      "acc_stderr": 0.007054445696700666
    },
    "xnli-mt_nllb-200-distilled-1.3B_fr": {
      "acc": 0.5195608782435129,
      "acc_stderr": 0.007059304046147469
    },
    "xnli-mt_nllb-200-distilled-1.3B_hi": {
      "acc": 0.512375249500998,
      "acc_stderr": 0.007062548221617226
    },
    "xnli-mt_nllb-200-distilled-1.3B_ru": {
      "acc": 0.5145708582834332,
      "acc_stderr": 0.007061711975218011
    },
    "xnli-mt_nllb-200-distilled-1.3B_sw": {
      "acc": 0.49720558882235527,
      "acc_stderr": 0.00706460209553585
    },
    "xnli-mt_nllb-200-distilled-1.3B_th": {
      "acc": 0.48862275449101794,
      "acc_stderr": 0.007062883255522481
    },
    "xnli-mt_nllb-200-distilled-1.3B_tr": {
      "acc": 0.5065868263473053,
      "acc_stderr": 0.007064099379513963
    },
    "xnli-mt_nllb-200-distilled-1.3B_ur": {
      "acc": 0.4784431137724551,
      "acc_stderr": 0.0070581434408304835
    },
    "xnli-mt_nllb-200-distilled-1.3B_vi": {
      "acc": 0.5039920159680639,
      "acc_stderr": 0.007064487256507019
    },
    "xnli-mt_nllb-200-distilled-1.3B_zh": {
      "acc": 0.4996007984031936,
      "acc_stderr": 0.007064710177622649
    },
    "xnli-mt_nllb-200-distilled-600M_ar": {
      "acc": 0.5119760479041916,
      "acc_stderr": 0.007062685615595012
    },
    "xnli-mt_nllb-200-distilled-600M_bg": {
      "acc": 0.5189620758483033,
      "acc_stderr": 0.007059630220767035
    },
    "xnli-mt_nllb-200-distilled-600M_de": {
      "acc": 0.5201596806387225,
      "acc_stderr": 0.0070589677156034335
    },
    "xnli-mt_nllb-200-distilled-600M_el": {
      "acc": 0.5155688622754491,
      "acc_stderr": 0.007061286774932438
    },
    "xnli-mt_nllb-200-distilled-600M_es": {
      "acc": 0.5271457085828344,
      "acc_stderr": 0.007054292920881751
    },
    "xnli-mt_nllb-200-distilled-600M_fr": {
      "acc": 0.5167664670658683,
      "acc_stderr": 0.0070607393270608445
    },
    "xnli-mt_nllb-200-distilled-600M_hi": {
      "acc": 0.49740518962075847,
      "acc_stderr": 0.0070646172946793005
    },
    "xnli-mt_nllb-200-distilled-600M_ru": {
      "acc": 0.5075848303393213,
      "acc_stderr": 0.007063899521661468
    },
    "xnli-mt_nllb-200-distilled-600M_sw": {
      "acc": 0.49021956087824353,
      "acc_stderr": 0.007063360721758489
    },
    "xnli-mt_nllb-200-distilled-600M_th": {
      "acc": 0.4874251497005988,
      "acc_stderr": 0.0070624778343224785
    },
    "xnli-mt_nllb-200-distilled-600M_tr": {
      "acc": 0.5063872255489021,
      "acc_stderr": 0.007064135972593049
    },
    "xnli-mt_nllb-200-distilled-600M_ur": {
      "acc": 0.46966067864271455,
      "acc_stderr": 0.007051694661585687
    },
    "xnli-mt_nllb-200-distilled-600M_vi": {
      "acc": 0.511377245508982,
      "acc_stderr": 0.007062883255522473
    },
    "xnli-mt_nllb-200-distilled-600M_zh": {
      "acc": 0.49481037924151694,
      "acc_stderr": 0.007064331883083992
    }
  },
  "versions": {
    "xnli-mt_nllb-200-1.3B_ar": 0,
    "xnli-mt_nllb-200-1.3B_bg": 0,
    "xnli-mt_nllb-200-1.3B_de": 0,
    "xnli-mt_nllb-200-1.3B_el": 0,
    "xnli-mt_nllb-200-1.3B_es": 0,
    "xnli-mt_nllb-200-1.3B_fr": 0,
    "xnli-mt_nllb-200-1.3B_hi": 0,
    "xnli-mt_nllb-200-1.3B_ru": 0,
    "xnli-mt_nllb-200-1.3B_sw": 0,
    "xnli-mt_nllb-200-1.3B_th": 0,
    "xnli-mt_nllb-200-1.3B_tr": 0,
    "xnli-mt_nllb-200-1.3B_ur": 0,
    "xnli-mt_nllb-200-1.3B_vi": 0,
    "xnli-mt_nllb-200-1.3B_zh": 0,
    "xnli-mt_nllb-200-distilled-1.3B_ar": 0,
    "xnli-mt_nllb-200-distilled-1.3B_bg": 0,
    "xnli-mt_nllb-200-distilled-1.3B_de": 0,
    "xnli-mt_nllb-200-distilled-1.3B_el": 0,
    "xnli-mt_nllb-200-distilled-1.3B_es": 0,
    "xnli-mt_nllb-200-distilled-1.3B_fr": 0,
    "xnli-mt_nllb-200-distilled-1.3B_hi": 0,
    "xnli-mt_nllb-200-distilled-1.3B_ru": 0,
    "xnli-mt_nllb-200-distilled-1.3B_sw": 0,
    "xnli-mt_nllb-200-distilled-1.3B_th": 0,
    "xnli-mt_nllb-200-distilled-1.3B_tr": 0,
    "xnli-mt_nllb-200-distilled-1.3B_ur": 0,
    "xnli-mt_nllb-200-distilled-1.3B_vi": 0,
    "xnli-mt_nllb-200-distilled-1.3B_zh": 0,
    "xnli-mt_nllb-200-distilled-600M_ar": 0,
    "xnli-mt_nllb-200-distilled-600M_bg": 0,
    "xnli-mt_nllb-200-distilled-600M_de": 0,
    "xnli-mt_nllb-200-distilled-600M_el": 0,
    "xnli-mt_nllb-200-distilled-600M_es": 0,
    "xnli-mt_nllb-200-distilled-600M_fr": 0,
    "xnli-mt_nllb-200-distilled-600M_hi": 0,
    "xnli-mt_nllb-200-distilled-600M_ru": 0,
    "xnli-mt_nllb-200-distilled-600M_sw": 0,
    "xnli-mt_nllb-200-distilled-600M_th": 0,
    "xnli-mt_nllb-200-distilled-600M_tr": 0,
    "xnli-mt_nllb-200-distilled-600M_ur": 0,
    "xnli-mt_nllb-200-distilled-600M_vi": 0,
    "xnli-mt_nllb-200-distilled-600M_zh": 0
  },
  "config": {
    "model": "hf-causal-experimental",
    "model_args": "pretrained=bigscience/bloom-7b1",
    "num_fewshot": 0,
    "batch_size": "auto",
    "device": "cuda",
    "no_cache": true,
    "limit": null,
    "bootstrap_iters": 100000,
    "description_dict": {}
  }
}