{
  "results": {
    "xcopa-mt_bloom-1b7_et": {
      "acc": 0.496,
      "acc_stderr": 0.022382357781962126
    },
    "xcopa-mt_bloom-1b7_ht": {
      "acc": 0.474,
      "acc_stderr": 0.022352791650914167
    },
    "xcopa-mt_bloom-1b7_id": {
      "acc": 0.574,
      "acc_stderr": 0.022136577335085637
    },
    "xcopa-mt_bloom-1b7_it": {
      "acc": 0.576,
      "acc_stderr": 0.022122993778135404
    },
    "xcopa-mt_bloom-1b7_qu": {
      "acc": 0.482,
      "acc_stderr": 0.02236856511738799
    },
    "xcopa-mt_bloom-1b7_sw": {
      "acc": 0.472,
      "acc_stderr": 0.02234794983266809
    },
    "xcopa-mt_bloom-1b7_ta": {
      "acc": 0.552,
      "acc_stderr": 0.022261697292270132
    },
    "xcopa-mt_bloom-1b7_th": {
      "acc": 0.486,
      "acc_stderr": 0.02237429816635319
    },
    "xcopa-mt_bloom-1b7_tr": {
      "acc": 0.52,
      "acc_stderr": 0.022365160424231336
    },
    "xcopa-mt_bloom-1b7_vi": {
      "acc": 0.592,
      "acc_stderr": 0.022000910893877196
    },
    "xcopa-mt_bloom-1b7_zh": {
      "acc": 0.616,
      "acc_stderr": 0.021772369465547194
    },
    "xcopa-mt_bloom-3b_et": {
      "acc": 0.492,
      "acc_stderr": 0.022380208834928028
    },
    "xcopa-mt_bloom-3b_ht": {
      "acc": 0.494,
      "acc_stderr": 0.022381462412439324
    },
    "xcopa-mt_bloom-3b_id": {
      "acc": 0.568,
      "acc_stderr": 0.02217510926561317
    },
    "xcopa-mt_bloom-3b_it": {
      "acc": 0.562,
      "acc_stderr": 0.022210326363977413
    },
    "xcopa-mt_bloom-3b_qu": {
      "acc": 0.49,
      "acc_stderr": 0.022378596989230774
    },
    "xcopa-mt_bloom-3b_sw": {
      "acc": 0.56,
      "acc_stderr": 0.022221331534143032
    },
    "xcopa-mt_bloom-3b_ta": {
      "acc": 0.566,
      "acc_stderr": 0.02218721580302901
    },
    "xcopa-mt_bloom-3b_th": {
      "acc": 0.496,
      "acc_stderr": 0.022382357781962143
    },
    "xcopa-mt_bloom-3b_tr": {
      "acc": 0.494,
      "acc_stderr": 0.022381462412439324
    },
    "xcopa-mt_bloom-3b_vi": {
      "acc": 0.612,
      "acc_stderr": 0.02181430098478764
    },
    "xcopa-mt_bloom-3b_zh": {
      "acc": 0.63,
      "acc_stderr": 0.02161328916516579
    },
    "xcopa-mt_bloom-560m_et": {
      "acc": 0.476,
      "acc_stderr": 0.0223572738810164
    },
    "xcopa-mt_bloom-560m_ht": {
      "acc": 0.54,
      "acc_stderr": 0.02231133324528967
    },
    "xcopa-mt_bloom-560m_id": {
      "acc": 0.522,
      "acc_stderr": 0.022361396739207878
    },
    "xcopa-mt_bloom-560m_it": {
      "acc": 0.464,
      "acc_stderr": 0.02232498173838525
    },
    "xcopa-mt_bloom-560m_qu": {
      "acc": 0.482,
      "acc_stderr": 0.02236856511738799
    },
    "xcopa-mt_bloom-560m_sw": {
      "acc": 0.484,
      "acc_stderr": 0.0223716109825804
    },
    "xcopa-mt_bloom-560m_ta": {
      "acc": 0.524,
      "acc_stderr": 0.022357273881016403
    },
    "xcopa-mt_bloom-560m_th": {
      "acc": 0.474,
      "acc_stderr": 0.022352791650914167
    },
    "xcopa-mt_bloom-560m_tr": {
      "acc": 0.528,
      "acc_stderr": 0.022347949832668093
    },
    "xcopa-mt_bloom-560m_vi": {
      "acc": 0.522,
      "acc_stderr": 0.02236139673920787
    },
    "xcopa-mt_bloom-560m_zh": {
      "acc": 0.55,
      "acc_stderr": 0.022270877485360437
    },
    "xcopa-mt_bloom-7b1_et": {
      "acc": 0.504,
      "acc_stderr": 0.022382357781962132
    },
    "xcopa-mt_bloom-7b1_ht": {
      "acc": 0.556,
      "acc_stderr": 0.02224224437573102
    },
    "xcopa-mt_bloom-7b1_id": {
      "acc": 0.598,
      "acc_stderr": 0.021948929609938612
    },
    "xcopa-mt_bloom-7b1_it": {
      "acc": 0.61,
      "acc_stderr": 0.02183468586936922
    },
    "xcopa-mt_bloom-7b1_qu": {
      "acc": 0.506,
      "acc_stderr": 0.022381462412439324
    },
    "xcopa-mt_bloom-7b1_sw": {
      "acc": 0.556,
      "acc_stderr": 0.02224224437573102
    },
    "xcopa-mt_bloom-7b1_ta": {
      "acc": 0.554,
      "acc_stderr": 0.0222521530785959
    },
    "xcopa-mt_bloom-7b1_th": {
      "acc": 0.52,
      "acc_stderr": 0.022365160424231333
    },
    "xcopa-mt_bloom-7b1_tr": {
      "acc": 0.518,
      "acc_stderr": 0.02236856511738799
    },
    "xcopa-mt_bloom-7b1_vi": {
      "acc": 0.596,
      "acc_stderr": 0.021966635293832915
    },
    "xcopa-mt_bloom-7b1_zh": {
      "acc": 0.634,
      "acc_stderr": 0.021564276850201625
    }
  },
  "versions": {
    "xcopa-mt_bloom-1b7_et": 0,
    "xcopa-mt_bloom-1b7_ht": 0,
    "xcopa-mt_bloom-1b7_id": 0,
    "xcopa-mt_bloom-1b7_it": 0,
    "xcopa-mt_bloom-1b7_qu": 0,
    "xcopa-mt_bloom-1b7_sw": 0,
    "xcopa-mt_bloom-1b7_ta": 0,
    "xcopa-mt_bloom-1b7_th": 0,
    "xcopa-mt_bloom-1b7_tr": 0,
    "xcopa-mt_bloom-1b7_vi": 0,
    "xcopa-mt_bloom-1b7_zh": 0,
    "xcopa-mt_bloom-3b_et": 0,
    "xcopa-mt_bloom-3b_ht": 0,
    "xcopa-mt_bloom-3b_id": 0,
    "xcopa-mt_bloom-3b_it": 0,
    "xcopa-mt_bloom-3b_qu": 0,
    "xcopa-mt_bloom-3b_sw": 0,
    "xcopa-mt_bloom-3b_ta": 0,
    "xcopa-mt_bloom-3b_th": 0,
    "xcopa-mt_bloom-3b_tr": 0,
    "xcopa-mt_bloom-3b_vi": 0,
    "xcopa-mt_bloom-3b_zh": 0,
    "xcopa-mt_bloom-560m_et": 0,
    "xcopa-mt_bloom-560m_ht": 0,
    "xcopa-mt_bloom-560m_id": 0,
    "xcopa-mt_bloom-560m_it": 0,
    "xcopa-mt_bloom-560m_qu": 0,
    "xcopa-mt_bloom-560m_sw": 0,
    "xcopa-mt_bloom-560m_ta": 0,
    "xcopa-mt_bloom-560m_th": 0,
    "xcopa-mt_bloom-560m_tr": 0,
    "xcopa-mt_bloom-560m_vi": 0,
    "xcopa-mt_bloom-560m_zh": 0,
    "xcopa-mt_bloom-7b1_et": 0,
    "xcopa-mt_bloom-7b1_ht": 0,
    "xcopa-mt_bloom-7b1_id": 0,
    "xcopa-mt_bloom-7b1_it": 0,
    "xcopa-mt_bloom-7b1_qu": 0,
    "xcopa-mt_bloom-7b1_sw": 0,
    "xcopa-mt_bloom-7b1_ta": 0,
    "xcopa-mt_bloom-7b1_th": 0,
    "xcopa-mt_bloom-7b1_tr": 0,
    "xcopa-mt_bloom-7b1_vi": 0,
    "xcopa-mt_bloom-7b1_zh": 0
  },
  "config": {
    "model": "hf-causal-experimental",
    "model_args": "pretrained=facebook/xglm-564M,dtype=float16",
    "num_fewshot": 0,
    "batch_size": "auto",
    "device": "cuda",
    "no_cache": true,
    "limit": null,
    "bootstrap_iters": 100000,
    "description_dict": {}
  }
}