{
  "results": {
    "xcopa-mt_nllb-200-1.3B_et": {
      "acc": 0.606,
      "acc_stderr": 0.02187429930168925
    },
    "xcopa-mt_nllb-200-1.3B_ht": {
      "acc": 0.58,
      "acc_stderr": 0.022094713229761784
    },
    "xcopa-mt_nllb-200-1.3B_id": {
      "acc": 0.594,
      "acc_stderr": 0.02198396209008634
    },
    "xcopa-mt_nllb-200-1.3B_it": {
      "acc": 0.6,
      "acc_stderr": 0.021930844120728505
    },
    "xcopa-mt_nllb-200-1.3B_qu": {
      "acc": 0.486,
      "acc_stderr": 0.02237429816635319
    },
    "xcopa-mt_nllb-200-1.3B_sw": {
      "acc": 0.6,
      "acc_stderr": 0.021930844120728505
    },
    "xcopa-mt_nllb-200-1.3B_ta": {
      "acc": 0.584,
      "acc_stderr": 0.02206494331392886
    },
    "xcopa-mt_nllb-200-1.3B_th": {
      "acc": 0.56,
      "acc_stderr": 0.02222133153414302
    },
    "xcopa-mt_nllb-200-1.3B_tr": {
      "acc": 0.614,
      "acc_stderr": 0.021793529219281172
    },
    "xcopa-mt_nllb-200-1.3B_vi": {
      "acc": 0.624,
      "acc_stderr": 0.02168382753928613
    },
    "xcopa-mt_nllb-200-1.3B_zh": {
      "acc": 0.606,
      "acc_stderr": 0.02187429930168925
    },
    "xcopa-mt_nllb-200-3.3B_et": {
      "acc": 0.6,
      "acc_stderr": 0.021930844120728505
    },
    "xcopa-mt_nllb-200-3.3B_ht": {
      "acc": 0.61,
      "acc_stderr": 0.021834685869369205
    },
    "xcopa-mt_nllb-200-3.3B_id": {
      "acc": 0.604,
      "acc_stderr": 0.021893529941665806
    },
    "xcopa-mt_nllb-200-3.3B_it": {
      "acc": 0.618,
      "acc_stderr": 0.021750820591250847
    },
    "xcopa-mt_nllb-200-3.3B_qu": {
      "acc": 0.504,
      "acc_stderr": 0.02238235778196214
    },
    "xcopa-mt_nllb-200-3.3B_sw": {
      "acc": 0.594,
      "acc_stderr": 0.021983962090086333
    },
    "xcopa-mt_nllb-200-3.3B_ta": {
      "acc": 0.616,
      "acc_stderr": 0.02177236946554719
    },
    "xcopa-mt_nllb-200-3.3B_th": {
      "acc": 0.588,
      "acc_stderr": 0.02203367799374087
    },
    "xcopa-mt_nllb-200-3.3B_tr": {
      "acc": 0.624,
      "acc_stderr": 0.02168382753928613
    },
    "xcopa-mt_nllb-200-3.3B_vi": {
      "acc": 0.618,
      "acc_stderr": 0.02175082059125084
    },
    "xcopa-mt_nllb-200-3.3B_zh": {
      "acc": 0.602,
      "acc_stderr": 0.02191237788577997
    },
    "xcopa-mt_nllb-200-distilled-1.3B_et": {
      "acc": 0.592,
      "acc_stderr": 0.022000910893877186
    },
    "xcopa-mt_nllb-200-distilled-1.3B_ht": {
      "acc": 0.606,
      "acc_stderr": 0.021874299301689253
    },
    "xcopa-mt_nllb-200-distilled-1.3B_id": {
      "acc": 0.59,
      "acc_stderr": 0.022017482578127683
    },
    "xcopa-mt_nllb-200-distilled-1.3B_it": {
      "acc": 0.624,
      "acc_stderr": 0.02168382753928613
    },
    "xcopa-mt_nllb-200-distilled-1.3B_qu": {
      "acc": 0.548,
      "acc_stderr": 0.02227969410784342
    },
    "xcopa-mt_nllb-200-distilled-1.3B_sw": {
      "acc": 0.61,
      "acc_stderr": 0.021834685869369215
    },
    "xcopa-mt_nllb-200-distilled-1.3B_ta": {
      "acc": 0.578,
      "acc_stderr": 0.022109039310618552
    },
    "xcopa-mt_nllb-200-distilled-1.3B_th": {
      "acc": 0.6,
      "acc_stderr": 0.021930844120728505
    },
    "xcopa-mt_nllb-200-distilled-1.3B_tr": {
      "acc": 0.62,
      "acc_stderr": 0.02172888143870171
    },
    "xcopa-mt_nllb-200-distilled-1.3B_vi": {
      "acc": 0.622,
      "acc_stderr": 0.021706550824518184
    },
    "xcopa-mt_nllb-200-distilled-1.3B_zh": {
      "acc": 0.622,
      "acc_stderr": 0.021706550824518184
    },
    "xcopa-mt_nllb-200-distilled-600M_et": {
      "acc": 0.596,
      "acc_stderr": 0.02196663529383291
    },
    "xcopa-mt_nllb-200-distilled-600M_ht": {
      "acc": 0.572,
      "acc_stderr": 0.022149790663861923
    },
    "xcopa-mt_nllb-200-distilled-600M_id": {
      "acc": 0.574,
      "acc_stderr": 0.022136577335085627
    },
    "xcopa-mt_nllb-200-distilled-600M_it": {
      "acc": 0.598,
      "acc_stderr": 0.021948929609938612
    },
    "xcopa-mt_nllb-200-distilled-600M_qu": {
      "acc": 0.532,
      "acc_stderr": 0.022337186479044296
    },
    "xcopa-mt_nllb-200-distilled-600M_sw": {
      "acc": 0.558,
      "acc_stderr": 0.022231970696321122
    },
    "xcopa-mt_nllb-200-distilled-600M_ta": {
      "acc": 0.572,
      "acc_stderr": 0.022149790663861923
    },
    "xcopa-mt_nllb-200-distilled-600M_th": {
      "acc": 0.568,
      "acc_stderr": 0.02217510926561316
    },
    "xcopa-mt_nllb-200-distilled-600M_tr": {
      "acc": 0.614,
      "acc_stderr": 0.021793529219281176
    },
    "xcopa-mt_nllb-200-distilled-600M_vi": {
      "acc": 0.598,
      "acc_stderr": 0.021948929609938612
    },
    "xcopa-mt_nllb-200-distilled-600M_zh": {
      "acc": 0.604,
      "acc_stderr": 0.021893529941665813
    }
  },
  "versions": {
    "xcopa-mt_nllb-200-1.3B_et": 0,
    "xcopa-mt_nllb-200-1.3B_ht": 0,
    "xcopa-mt_nllb-200-1.3B_id": 0,
    "xcopa-mt_nllb-200-1.3B_it": 0,
    "xcopa-mt_nllb-200-1.3B_qu": 0,
    "xcopa-mt_nllb-200-1.3B_sw": 0,
    "xcopa-mt_nllb-200-1.3B_ta": 0,
    "xcopa-mt_nllb-200-1.3B_th": 0,
    "xcopa-mt_nllb-200-1.3B_tr": 0,
    "xcopa-mt_nllb-200-1.3B_vi": 0,
    "xcopa-mt_nllb-200-1.3B_zh": 0,
    "xcopa-mt_nllb-200-3.3B_et": 0,
    "xcopa-mt_nllb-200-3.3B_ht": 0,
    "xcopa-mt_nllb-200-3.3B_id": 0,
    "xcopa-mt_nllb-200-3.3B_it": 0,
    "xcopa-mt_nllb-200-3.3B_qu": 0,
    "xcopa-mt_nllb-200-3.3B_sw": 0,
    "xcopa-mt_nllb-200-3.3B_ta": 0,
    "xcopa-mt_nllb-200-3.3B_th": 0,
    "xcopa-mt_nllb-200-3.3B_tr": 0,
    "xcopa-mt_nllb-200-3.3B_vi": 0,
    "xcopa-mt_nllb-200-3.3B_zh": 0,
    "xcopa-mt_nllb-200-distilled-1.3B_et": 0,
    "xcopa-mt_nllb-200-distilled-1.3B_ht": 0,
    "xcopa-mt_nllb-200-distilled-1.3B_id": 0,
    "xcopa-mt_nllb-200-distilled-1.3B_it": 0,
    "xcopa-mt_nllb-200-distilled-1.3B_qu": 0,
    "xcopa-mt_nllb-200-distilled-1.3B_sw": 0,
    "xcopa-mt_nllb-200-distilled-1.3B_ta": 0,
    "xcopa-mt_nllb-200-distilled-1.3B_th": 0,
    "xcopa-mt_nllb-200-distilled-1.3B_tr": 0,
    "xcopa-mt_nllb-200-distilled-1.3B_vi": 0,
    "xcopa-mt_nllb-200-distilled-1.3B_zh": 0,
    "xcopa-mt_nllb-200-distilled-600M_et": 0,
    "xcopa-mt_nllb-200-distilled-600M_ht": 0,
    "xcopa-mt_nllb-200-distilled-600M_id": 0,
    "xcopa-mt_nllb-200-distilled-600M_it": 0,
    "xcopa-mt_nllb-200-distilled-600M_qu": 0,
    "xcopa-mt_nllb-200-distilled-600M_sw": 0,
    "xcopa-mt_nllb-200-distilled-600M_ta": 0,
    "xcopa-mt_nllb-200-distilled-600M_th": 0,
    "xcopa-mt_nllb-200-distilled-600M_tr": 0,
    "xcopa-mt_nllb-200-distilled-600M_vi": 0,
    "xcopa-mt_nllb-200-distilled-600M_zh": 0
  },
  "config": {
    "model": "hf-causal-experimental",
    "model_args": "pretrained=facebook/xglm-564M,use_accelerate=True",
    "num_fewshot": 0,
    "batch_size": "auto",
    "device": "cuda",
    "no_cache": true,
    "limit": null,
    "bootstrap_iters": 100000,
    "description_dict": {}
  }
}