{
  "results": {
    "pawsx-mt_bloom-1b7_de": {
      "acc": 0.511,
      "acc_stderr": 0.011180429374603772
    },
    "pawsx-mt_bloom-1b7_es": {
      "acc": 0.5275,
      "acc_stderr": 0.01116620871686354
    },
    "pawsx-mt_bloom-1b7_fr": {
      "acc": 0.5265,
      "acc_stderr": 0.011167418260963935
    },
    "pawsx-mt_bloom-1b7_ja": {
      "acc": 0.5125,
      "acc_stderr": 0.011179640744835736
    },
    "pawsx-mt_bloom-1b7_ko": {
      "acc": 0.5005,
      "acc_stderr": 0.011183130429495192
    },
    "pawsx-mt_bloom-1b7_zh": {
      "acc": 0.5435,
      "acc_stderr": 0.011140733053371401
    },
    "pawsx-mt_bloom-3b_de": {
      "acc": 0.5125,
      "acc_stderr": 0.011179640744835741
    },
    "pawsx-mt_bloom-3b_es": {
      "acc": 0.527,
      "acc_stderr": 0.011166819105029991
    },
    "pawsx-mt_bloom-3b_fr": {
      "acc": 0.509,
      "acc_stderr": 0.011181324206260283
    },
    "pawsx-mt_bloom-3b_ja": {
      "acc": 0.519,
      "acc_stderr": 0.01117505887995606
    },
    "pawsx-mt_bloom-3b_ko": {
      "acc": 0.5165,
      "acc_stderr": 0.011177045144808308
    },
    "pawsx-mt_bloom-3b_zh": {
      "acc": 0.5225,
      "acc_stderr": 0.011171807357801178
    },
    "pawsx-mt_bloom-560m_de": {
      "acc": 0.491,
      "acc_stderr": 0.011181324206260293
    },
    "pawsx-mt_bloom-560m_es": {
      "acc": 0.514,
      "acc_stderr": 0.011178751372184869
    },
    "pawsx-mt_bloom-560m_fr": {
      "acc": 0.5235,
      "acc_stderr": 0.011170777418517836
    },
    "pawsx-mt_bloom-560m_ja": {
      "acc": 0.474,
      "acc_stderr": 0.011168006186472578
    },
    "pawsx-mt_bloom-560m_ko": {
      "acc": 0.554,
      "acc_stderr": 0.011117724672834362
    },
    "pawsx-mt_bloom-560m_zh": {
      "acc": 0.529,
      "acc_stderr": 0.01116431014037372
    },
    "pawsx-mt_bloom-7b1_de": {
      "acc": 0.514,
      "acc_stderr": 0.011178751372184869
    },
    "pawsx-mt_bloom-7b1_es": {
      "acc": 0.513,
      "acc_stderr": 0.011179355482070379
    },
    "pawsx-mt_bloom-7b1_fr": {
      "acc": 0.517,
      "acc_stderr": 0.011176670299310673
    },
    "pawsx-mt_bloom-7b1_ja": {
      "acc": 0.5205,
      "acc_stderr": 0.011173732641806813
    },
    "pawsx-mt_bloom-7b1_ko": {
      "acc": 0.5235,
      "acc_stderr": 0.011170777418517835
    },
    "pawsx-mt_bloom-7b1_zh": {
      "acc": 0.516,
      "acc_stderr": 0.011177408788874892
    }
  },
  "versions": {
    "pawsx-mt_bloom-1b7_de": 0,
    "pawsx-mt_bloom-1b7_es": 0,
    "pawsx-mt_bloom-1b7_fr": 0,
    "pawsx-mt_bloom-1b7_ja": 0,
    "pawsx-mt_bloom-1b7_ko": 0,
    "pawsx-mt_bloom-1b7_zh": 0,
    "pawsx-mt_bloom-3b_de": 0,
    "pawsx-mt_bloom-3b_es": 0,
    "pawsx-mt_bloom-3b_fr": 0,
    "pawsx-mt_bloom-3b_ja": 0,
    "pawsx-mt_bloom-3b_ko": 0,
    "pawsx-mt_bloom-3b_zh": 0,
    "pawsx-mt_bloom-560m_de": 0,
    "pawsx-mt_bloom-560m_es": 0,
    "pawsx-mt_bloom-560m_fr": 0,
    "pawsx-mt_bloom-560m_ja": 0,
    "pawsx-mt_bloom-560m_ko": 0,
    "pawsx-mt_bloom-560m_zh": 0,
    "pawsx-mt_bloom-7b1_de": 0,
    "pawsx-mt_bloom-7b1_es": 0,
    "pawsx-mt_bloom-7b1_fr": 0,
    "pawsx-mt_bloom-7b1_ja": 0,
    "pawsx-mt_bloom-7b1_ko": 0,
    "pawsx-mt_bloom-7b1_zh": 0
  },
  "config": {
    "model": "hf-causal-experimental",
    "model_args": "pretrained=facebook/xglm-564M,dtype=float16",
    "num_fewshot": 0,
    "batch_size": "auto",
    "device": "cuda",
    "no_cache": true,
    "limit": null,
    "bootstrap_iters": 100000,
    "description_dict": {}
  }
}