{
  "results": {
    "xcopa-mt_bloom-1b7_et": {
      "acc": 0.496,
      "acc_stderr": 0.02238235778196213
    },
    "xcopa-mt_bloom-1b7_ht": {
      "acc": 0.458,
      "acc_stderr": 0.022303966774269948
    },
    "xcopa-mt_bloom-1b7_id": {
      "acc": 0.612,
      "acc_stderr": 0.02181430098478764
    },
    "xcopa-mt_bloom-1b7_it": {
      "acc": 0.572,
      "acc_stderr": 0.022149790663861926
    },
    "xcopa-mt_bloom-1b7_qu": {
      "acc": 0.47,
      "acc_stderr": 0.022342748192502846
    },
    "xcopa-mt_bloom-1b7_sw": {
      "acc": 0.494,
      "acc_stderr": 0.022381462412439324
    },
    "xcopa-mt_bloom-1b7_ta": {
      "acc": 0.576,
      "acc_stderr": 0.022122993778135404
    },
    "xcopa-mt_bloom-1b7_th": {
      "acc": 0.504,
      "acc_stderr": 0.022382357781962143
    },
    "xcopa-mt_bloom-1b7_tr": {
      "acc": 0.526,
      "acc_stderr": 0.022352791650914163
    },
    "xcopa-mt_bloom-1b7_vi": {
      "acc": 0.608,
      "acc_stderr": 0.021854684955611263
    },
    "xcopa-mt_bloom-1b7_zh": {
      "acc": 0.65,
      "acc_stderr": 0.021352091786223104
    },
    "xcopa-mt_bloom-3b_et": {
      "acc": 0.488,
      "acc_stderr": 0.02237662679792717
    },
    "xcopa-mt_bloom-3b_ht": {
      "acc": 0.496,
      "acc_stderr": 0.022382357781962132
    },
    "xcopa-mt_bloom-3b_id": {
      "acc": 0.604,
      "acc_stderr": 0.021893529941665813
    },
    "xcopa-mt_bloom-3b_it": {
      "acc": 0.566,
      "acc_stderr": 0.022187215803029008
    },
    "xcopa-mt_bloom-3b_qu": {
      "acc": 0.494,
      "acc_stderr": 0.022381462412439324
    },
    "xcopa-mt_bloom-3b_sw": {
      "acc": 0.556,
      "acc_stderr": 0.022242244375731024
    },
    "xcopa-mt_bloom-3b_ta": {
      "acc": 0.594,
      "acc_stderr": 0.02198396209008634
    },
    "xcopa-mt_bloom-3b_th": {
      "acc": 0.498,
      "acc_stderr": 0.02238289498648353
    },
    "xcopa-mt_bloom-3b_tr": {
      "acc": 0.494,
      "acc_stderr": 0.022381462412439324
    },
    "xcopa-mt_bloom-3b_vi": {
      "acc": 0.64,
      "acc_stderr": 0.021487751089720522
    },
    "xcopa-mt_bloom-3b_zh": {
      "acc": 0.658,
      "acc_stderr": 0.021236147199899268
    },
    "xcopa-mt_bloom-560m_et": {
      "acc": 0.486,
      "acc_stderr": 0.02237429816635319
    },
    "xcopa-mt_bloom-560m_ht": {
      "acc": 0.544,
      "acc_stderr": 0.02229623834840706
    },
    "xcopa-mt_bloom-560m_id": {
      "acc": 0.532,
      "acc_stderr": 0.022337186479044292
    },
    "xcopa-mt_bloom-560m_it": {
      "acc": 0.446,
      "acc_stderr": 0.022252153078595897
    },
    "xcopa-mt_bloom-560m_qu": {
      "acc": 0.478,
      "acc_stderr": 0.02236139673920787
    },
    "xcopa-mt_bloom-560m_sw": {
      "acc": 0.492,
      "acc_stderr": 0.022380208834928035
    },
    "xcopa-mt_bloom-560m_ta": {
      "acc": 0.532,
      "acc_stderr": 0.022337186479044296
    },
    "xcopa-mt_bloom-560m_th": {
      "acc": 0.478,
      "acc_stderr": 0.02236139673920786
    },
    "xcopa-mt_bloom-560m_tr": {
      "acc": 0.51,
      "acc_stderr": 0.02237859698923078
    },
    "xcopa-mt_bloom-560m_vi": {
      "acc": 0.546,
      "acc_stderr": 0.02228814759117695
    },
    "xcopa-mt_bloom-560m_zh": {
      "acc": 0.564,
      "acc_stderr": 0.0221989546414768
    },
    "xcopa-mt_bloom-7b1_et": {
      "acc": 0.506,
      "acc_stderr": 0.022381462412439324
    },
    "xcopa-mt_bloom-7b1_ht": {
      "acc": 0.526,
      "acc_stderr": 0.022352791650914163
    },
    "xcopa-mt_bloom-7b1_id": {
      "acc": 0.64,
      "acc_stderr": 0.02148775108972053
    },
    "xcopa-mt_bloom-7b1_it": {
      "acc": 0.634,
      "acc_stderr": 0.021564276850201618
    },
    "xcopa-mt_bloom-7b1_qu": {
      "acc": 0.498,
      "acc_stderr": 0.022382894986483524
    },
    "xcopa-mt_bloom-7b1_sw": {
      "acc": 0.592,
      "acc_stderr": 0.02200091089387719
    },
    "xcopa-mt_bloom-7b1_ta": {
      "acc": 0.598,
      "acc_stderr": 0.021948929609938612
    },
    "xcopa-mt_bloom-7b1_th": {
      "acc": 0.526,
      "acc_stderr": 0.02235279165091416
    },
    "xcopa-mt_bloom-7b1_tr": {
      "acc": 0.502,
      "acc_stderr": 0.022382894986483524
    },
    "xcopa-mt_bloom-7b1_vi": {
      "acc": 0.614,
      "acc_stderr": 0.021793529219281176
    },
    "xcopa-mt_bloom-7b1_zh": {
      "acc": 0.654,
      "acc_stderr": 0.021294951277234648
    }
  },
  "versions": {
    "xcopa-mt_bloom-1b7_et": 0,
    "xcopa-mt_bloom-1b7_ht": 0,
    "xcopa-mt_bloom-1b7_id": 0,
    "xcopa-mt_bloom-1b7_it": 0,
    "xcopa-mt_bloom-1b7_qu": 0,
    "xcopa-mt_bloom-1b7_sw": 0,
    "xcopa-mt_bloom-1b7_ta": 0,
    "xcopa-mt_bloom-1b7_th": 0,
    "xcopa-mt_bloom-1b7_tr": 0,
    "xcopa-mt_bloom-1b7_vi": 0,
    "xcopa-mt_bloom-1b7_zh": 0,
    "xcopa-mt_bloom-3b_et": 0,
    "xcopa-mt_bloom-3b_ht": 0,
    "xcopa-mt_bloom-3b_id": 0,
    "xcopa-mt_bloom-3b_it": 0,
    "xcopa-mt_bloom-3b_qu": 0,
    "xcopa-mt_bloom-3b_sw": 0,
    "xcopa-mt_bloom-3b_ta": 0,
    "xcopa-mt_bloom-3b_th": 0,
    "xcopa-mt_bloom-3b_tr": 0,
    "xcopa-mt_bloom-3b_vi": 0,
    "xcopa-mt_bloom-3b_zh": 0,
    "xcopa-mt_bloom-560m_et": 0,
    "xcopa-mt_bloom-560m_ht": 0,
    "xcopa-mt_bloom-560m_id": 0,
    "xcopa-mt_bloom-560m_it": 0,
    "xcopa-mt_bloom-560m_qu": 0,
    "xcopa-mt_bloom-560m_sw": 0,
    "xcopa-mt_bloom-560m_ta": 0,
    "xcopa-mt_bloom-560m_th": 0,
    "xcopa-mt_bloom-560m_tr": 0,
    "xcopa-mt_bloom-560m_vi": 0,
    "xcopa-mt_bloom-560m_zh": 0,
    "xcopa-mt_bloom-7b1_et": 0,
    "xcopa-mt_bloom-7b1_ht": 0,
    "xcopa-mt_bloom-7b1_id": 0,
    "xcopa-mt_bloom-7b1_it": 0,
    "xcopa-mt_bloom-7b1_qu": 0,
    "xcopa-mt_bloom-7b1_sw": 0,
    "xcopa-mt_bloom-7b1_ta": 0,
    "xcopa-mt_bloom-7b1_th": 0,
    "xcopa-mt_bloom-7b1_tr": 0,
    "xcopa-mt_bloom-7b1_vi": 0,
    "xcopa-mt_bloom-7b1_zh": 0
  },
  "config": {
    "model": "hf-causal-experimental",
    "model_args": "pretrained=facebook/xglm-1.7B,dtype=float16",
    "num_fewshot": 0,
    "batch_size": "auto",
    "device": "cuda",
    "no_cache": true,
    "limit": null,
    "bootstrap_iters": 100000,
    "description_dict": {}
  }
}