{
  "results": {
    "xcopa_et": {
      "acc": 0.478,
      "acc_stderr": 0.022361396739207878
    },
    "xcopa_ht": {
      "acc": 0.51,
      "acc_stderr": 0.02237859698923078
    },
    "xcopa_id": {
      "acc": 0.66,
      "acc_stderr": 0.021206117013673066
    },
    "xcopa_it": {
      "acc": 0.792,
      "acc_stderr": 0.018169542221229885
    },
    "xcopa_qu": {
      "acc": 0.494,
      "acc_stderr": 0.022381462412439324
    },
    "xcopa_sw": {
      "acc": 0.536,
      "acc_stderr": 0.022324981738385246
    },
    "xcopa_ta": {
      "acc": 0.548,
      "acc_stderr": 0.022279694107843428
    },
    "xcopa_th": {
      "acc": 0.552,
      "acc_stderr": 0.02226169729227013
    },
    "xcopa_tr": {
      "acc": 0.542,
      "acc_stderr": 0.02230396677426994
    },
    "xcopa_vi": {
      "acc": 0.564,
      "acc_stderr": 0.022198954641476802
    },
    "xcopa_zh": {
      "acc": 0.764,
      "acc_stderr": 0.019008699622084724
    }
  },
  "versions": {
    "xcopa_et": 0,
    "xcopa_ht": 0,
    "xcopa_id": 0,
    "xcopa_it": 0,
    "xcopa_qu": 0,
    "xcopa_sw": 0,
    "xcopa_ta": 0,
    "xcopa_th": 0,
    "xcopa_tr": 0,
    "xcopa_vi": 0,
    "xcopa_zh": 0
  },
  "config": {
    "model": "hf-causal-experimental",
    "model_args": "pretrained=tiiuae/falcon-40b,trust_remote_code=True,dtype=bfloat16",
    "num_fewshot": 0,
    "batch_size": "auto",
    "device": "cuda",
    "no_cache": true,
    "limit": null,
    "bootstrap_iters": 100000,
    "description_dict": {}
  }
}