{
  "results": {
    "xcopa-mt_nllb-200-1.3B_et": {
      "acc": 0.714,
      "acc_stderr": 0.02022934632917752
    },
    "xcopa-mt_nllb-200-1.3B_ht": {
      "acc": 0.66,
      "acc_stderr": 0.02120611701367307
    },
    "xcopa-mt_nllb-200-1.3B_id": {
      "acc": 0.73,
      "acc_stderr": 0.019874354831287473
    },
    "xcopa-mt_nllb-200-1.3B_it": {
      "acc": 0.726,
      "acc_stderr": 0.019966103540279466
    },
    "xcopa-mt_nllb-200-1.3B_qu": {
      "acc": 0.482,
      "acc_stderr": 0.02236856511738799
    },
    "xcopa-mt_nllb-200-1.3B_sw": {
      "acc": 0.68,
      "acc_stderr": 0.02088234048876181
    },
    "xcopa-mt_nllb-200-1.3B_ta": {
      "acc": 0.68,
      "acc_stderr": 0.020882340488761805
    },
    "xcopa-mt_nllb-200-1.3B_th": {
      "acc": 0.594,
      "acc_stderr": 0.02198396209008634
    },
    "xcopa-mt_nllb-200-1.3B_tr": {
      "acc": 0.702,
      "acc_stderr": 0.020475118092988978
    },
    "xcopa-mt_nllb-200-1.3B_vi": {
      "acc": 0.696,
      "acc_stderr": 0.020591649571224925
    },
    "xcopa-mt_nllb-200-1.3B_zh": {
      "acc": 0.69,
      "acc_stderr": 0.020704041021724788
    },
    "xcopa-mt_nllb-200-3.3B_et": {
      "acc": 0.736,
      "acc_stderr": 0.019732885585922087
    },
    "xcopa-mt_nllb-200-3.3B_ht": {
      "acc": 0.684,
      "acc_stderr": 0.020812359515855857
    },
    "xcopa-mt_nllb-200-3.3B_id": {
      "acc": 0.702,
      "acc_stderr": 0.02047511809298897
    },
    "xcopa-mt_nllb-200-3.3B_it": {
      "acc": 0.766,
      "acc_stderr": 0.018952741564893686
    },
    "xcopa-mt_nllb-200-3.3B_qu": {
      "acc": 0.518,
      "acc_stderr": 0.02236856511738799
    },
    "xcopa-mt_nllb-200-3.3B_sw": {
      "acc": 0.696,
      "acc_stderr": 0.02059164957122493
    },
    "xcopa-mt_nllb-200-3.3B_ta": {
      "acc": 0.69,
      "acc_stderr": 0.020704041021724788
    },
    "xcopa-mt_nllb-200-3.3B_th": {
      "acc": 0.636,
      "acc_stderr": 0.021539170637317685
    },
    "xcopa-mt_nllb-200-3.3B_tr": {
      "acc": 0.694,
      "acc_stderr": 0.020629569998345393
    },
    "xcopa-mt_nllb-200-3.3B_vi": {
      "acc": 0.698,
      "acc_stderr": 0.020553269174209188
    },
    "xcopa-mt_nllb-200-3.3B_zh": {
      "acc": 0.704,
      "acc_stderr": 0.020435342091896146
    },
    "xcopa-mt_nllb-200-distilled-1.3B_et": {
      "acc": 0.728,
      "acc_stderr": 0.01992048320956607
    },
    "xcopa-mt_nllb-200-distilled-1.3B_ht": {
      "acc": 0.686,
      "acc_stderr": 0.020776701920308997
    },
    "xcopa-mt_nllb-200-distilled-1.3B_id": {
      "acc": 0.7,
      "acc_stderr": 0.020514426225628036
    },
    "xcopa-mt_nllb-200-distilled-1.3B_it": {
      "acc": 0.742,
      "acc_stderr": 0.019586711785215837
    },
    "xcopa-mt_nllb-200-distilled-1.3B_qu": {
      "acc": 0.566,
      "acc_stderr": 0.02218721580302901
    },
    "xcopa-mt_nllb-200-distilled-1.3B_sw": {
      "acc": 0.672,
      "acc_stderr": 0.02101702716517549
    },
    "xcopa-mt_nllb-200-distilled-1.3B_ta": {
      "acc": 0.67,
      "acc_stderr": 0.0210496121661348
    },
    "xcopa-mt_nllb-200-distilled-1.3B_th": {
      "acc": 0.662,
      "acc_stderr": 0.021175665695209407
    },
    "xcopa-mt_nllb-200-distilled-1.3B_tr": {
      "acc": 0.678,
      "acc_stderr": 0.020916668330019882
    },
    "xcopa-mt_nllb-200-distilled-1.3B_vi": {
      "acc": 0.696,
      "acc_stderr": 0.02059164957122493
    },
    "xcopa-mt_nllb-200-distilled-1.3B_zh": {
      "acc": 0.712,
      "acc_stderr": 0.020271503835075227
    },
    "xcopa-mt_nllb-200-distilled-600M_et": {
      "acc": 0.66,
      "acc_stderr": 0.021206117013673063
    },
    "xcopa-mt_nllb-200-distilled-600M_ht": {
      "acc": 0.626,
      "acc_stderr": 0.021660710347204487
    },
    "xcopa-mt_nllb-200-distilled-600M_id": {
      "acc": 0.666,
      "acc_stderr": 0.02111349234774375
    },
    "xcopa-mt_nllb-200-distilled-600M_it": {
      "acc": 0.7,
      "acc_stderr": 0.020514426225628032
    },
    "xcopa-mt_nllb-200-distilled-600M_qu": {
      "acc": 0.542,
      "acc_stderr": 0.02230396677426994
    },
    "xcopa-mt_nllb-200-distilled-600M_sw": {
      "acc": 0.634,
      "acc_stderr": 0.02156427685020162
    },
    "xcopa-mt_nllb-200-distilled-600M_ta": {
      "acc": 0.65,
      "acc_stderr": 0.0213520917862231
    },
    "xcopa-mt_nllb-200-distilled-600M_th": {
      "acc": 0.62,
      "acc_stderr": 0.021728881438701705
    },
    "xcopa-mt_nllb-200-distilled-600M_tr": {
      "acc": 0.672,
      "acc_stderr": 0.021017027165175485
    },
    "xcopa-mt_nllb-200-distilled-600M_vi": {
      "acc": 0.64,
      "acc_stderr": 0.021487751089720515
    },
    "xcopa-mt_nllb-200-distilled-600M_zh": {
      "acc": 0.672,
      "acc_stderr": 0.021017027165175485
    }
  },
  "versions": {
    "xcopa-mt_nllb-200-1.3B_et": 0,
    "xcopa-mt_nllb-200-1.3B_ht": 0,
    "xcopa-mt_nllb-200-1.3B_id": 0,
    "xcopa-mt_nllb-200-1.3B_it": 0,
    "xcopa-mt_nllb-200-1.3B_qu": 0,
    "xcopa-mt_nllb-200-1.3B_sw": 0,
    "xcopa-mt_nllb-200-1.3B_ta": 0,
    "xcopa-mt_nllb-200-1.3B_th": 0,
    "xcopa-mt_nllb-200-1.3B_tr": 0,
    "xcopa-mt_nllb-200-1.3B_vi": 0,
    "xcopa-mt_nllb-200-1.3B_zh": 0,
    "xcopa-mt_nllb-200-3.3B_et": 0,
    "xcopa-mt_nllb-200-3.3B_ht": 0,
    "xcopa-mt_nllb-200-3.3B_id": 0,
    "xcopa-mt_nllb-200-3.3B_it": 0,
    "xcopa-mt_nllb-200-3.3B_qu": 0,
    "xcopa-mt_nllb-200-3.3B_sw": 0,
    "xcopa-mt_nllb-200-3.3B_ta": 0,
    "xcopa-mt_nllb-200-3.3B_th": 0,
    "xcopa-mt_nllb-200-3.3B_tr": 0,
    "xcopa-mt_nllb-200-3.3B_vi": 0,
    "xcopa-mt_nllb-200-3.3B_zh": 0,
    "xcopa-mt_nllb-200-distilled-1.3B_et": 0,
    "xcopa-mt_nllb-200-distilled-1.3B_ht": 0,
    "xcopa-mt_nllb-200-distilled-1.3B_id": 0,
    "xcopa-mt_nllb-200-distilled-1.3B_it": 0,
    "xcopa-mt_nllb-200-distilled-1.3B_qu": 0,
    "xcopa-mt_nllb-200-distilled-1.3B_sw": 0,
    "xcopa-mt_nllb-200-distilled-1.3B_ta": 0,
    "xcopa-mt_nllb-200-distilled-1.3B_th": 0,
    "xcopa-mt_nllb-200-distilled-1.3B_tr": 0,
    "xcopa-mt_nllb-200-distilled-1.3B_vi": 0,
    "xcopa-mt_nllb-200-distilled-1.3B_zh": 0,
    "xcopa-mt_nllb-200-distilled-600M_et": 0,
    "xcopa-mt_nllb-200-distilled-600M_ht": 0,
    "xcopa-mt_nllb-200-distilled-600M_id": 0,
    "xcopa-mt_nllb-200-distilled-600M_it": 0,
    "xcopa-mt_nllb-200-distilled-600M_qu": 0,
    "xcopa-mt_nllb-200-distilled-600M_sw": 0,
    "xcopa-mt_nllb-200-distilled-600M_ta": 0,
    "xcopa-mt_nllb-200-distilled-600M_th": 0,
    "xcopa-mt_nllb-200-distilled-600M_tr": 0,
    "xcopa-mt_nllb-200-distilled-600M_vi": 0,
    "xcopa-mt_nllb-200-distilled-600M_zh": 0
  },
  "config": {
    "model": "hf-causal-experimental",
    "model_args": "pretrained=openlm-research/open_llama_3b_v2",
    "num_fewshot": 0,
    "batch_size": "auto",
    "batch_sizes": [
      512
    ],
    "device": "cuda",
    "no_cache": true,
    "limit": null,
    "bootstrap_iters": 100000,
    "description_dict": {}
  }
}