{
  "results": {
    "pawsx-mt_nllb-200-1.3B_de": {
      "acc": 0.497,
      "acc_stderr": 0.011182934722804556
    },
    "pawsx-mt_nllb-200-1.3B_es": {
      "acc": 0.4965,
      "acc_stderr": 0.011182862030875934
    },
    "pawsx-mt_nllb-200-1.3B_fr": {
      "acc": 0.496,
      "acc_stderr": 0.011182778154985876
    },
    "pawsx-mt_nllb-200-1.3B_ja": {
      "acc": 0.473,
      "acc_stderr": 0.011166819105029984
    },
    "pawsx-mt_nllb-200-1.3B_ko": {
      "acc": 0.48,
      "acc_stderr": 0.011174185930778308
    },
    "pawsx-mt_nllb-200-1.3B_zh": {
      "acc": 0.4905,
      "acc_stderr": 0.011181117282805235
    },
    "pawsx-mt_nllb-200-3.3B_de": {
      "acc": 0.4945,
      "acc_stderr": 0.011182459420867635
    },
    "pawsx-mt_nllb-200-3.3B_es": {
      "acc": 0.493,
      "acc_stderr": 0.011182040020027768
    },
    "pawsx-mt_nllb-200-3.3B_fr": {
      "acc": 0.509,
      "acc_stderr": 0.011181324206260288
    },
    "pawsx-mt_nllb-200-3.3B_ja": {
      "acc": 0.479,
      "acc_stderr": 0.011173268141438299
    },
    "pawsx-mt_nllb-200-3.3B_ko": {
      "acc": 0.489,
      "acc_stderr": 0.011180429374603775
    },
    "pawsx-mt_nllb-200-3.3B_zh": {
      "acc": 0.482,
      "acc_stderr": 0.011175886999478619
    },
    "pawsx-mt_nllb-200-distilled-1.3B_de": {
      "acc": 0.498,
      "acc_stderr": 0.011183046555618487
    },
    "pawsx-mt_nllb-200-distilled-1.3B_es": {
      "acc": 0.495,
      "acc_stderr": 0.011182576850283838
    },
    "pawsx-mt_nllb-200-distilled-1.3B_fr": {
      "acc": 0.4975,
      "acc_stderr": 0.011182996230990781
    },
    "pawsx-mt_nllb-200-distilled-1.3B_ja": {
      "acc": 0.4695,
      "acc_stderr": 0.011162310405413177
    },
    "pawsx-mt_nllb-200-distilled-1.3B_ko": {
      "acc": 0.479,
      "acc_stderr": 0.0111732681414383
    },
    "pawsx-mt_nllb-200-distilled-1.3B_zh": {
      "acc": 0.4865,
      "acc_stderr": 0.01117905902481682
    },
    "pawsx-mt_nllb-200-distilled-600M_de": {
      "acc": 0.4845,
      "acc_stderr": 0.011177761232603318
    },
    "pawsx-mt_nllb-200-distilled-600M_es": {
      "acc": 0.4915,
      "acc_stderr": 0.011181519941139164
    },
    "pawsx-mt_nllb-200-distilled-600M_fr": {
      "acc": 0.505,
      "acc_stderr": 0.011182576850283838
    },
    "pawsx-mt_nllb-200-distilled-600M_ja": {
      "acc": 0.469,
      "acc_stderr": 0.011161621338114474
    },
    "pawsx-mt_nllb-200-distilled-600M_ko": {
      "acc": 0.481,
      "acc_stderr": 0.011175058879956061
    },
    "pawsx-mt_nllb-200-distilled-600M_zh": {
      "acc": 0.4845,
      "acc_stderr": 0.011177761232603318
    }
  },
  "versions": {
    "pawsx-mt_nllb-200-1.3B_de": 0,
    "pawsx-mt_nllb-200-1.3B_es": 0,
    "pawsx-mt_nllb-200-1.3B_fr": 0,
    "pawsx-mt_nllb-200-1.3B_ja": 0,
    "pawsx-mt_nllb-200-1.3B_ko": 0,
    "pawsx-mt_nllb-200-1.3B_zh": 0,
    "pawsx-mt_nllb-200-3.3B_de": 0,
    "pawsx-mt_nllb-200-3.3B_es": 0,
    "pawsx-mt_nllb-200-3.3B_fr": 0,
    "pawsx-mt_nllb-200-3.3B_ja": 0,
    "pawsx-mt_nllb-200-3.3B_ko": 0,
    "pawsx-mt_nllb-200-3.3B_zh": 0,
    "pawsx-mt_nllb-200-distilled-1.3B_de": 0,
    "pawsx-mt_nllb-200-distilled-1.3B_es": 0,
    "pawsx-mt_nllb-200-distilled-1.3B_fr": 0,
    "pawsx-mt_nllb-200-distilled-1.3B_ja": 0,
    "pawsx-mt_nllb-200-distilled-1.3B_ko": 0,
    "pawsx-mt_nllb-200-distilled-1.3B_zh": 0,
    "pawsx-mt_nllb-200-distilled-600M_de": 0,
    "pawsx-mt_nllb-200-distilled-600M_es": 0,
    "pawsx-mt_nllb-200-distilled-600M_fr": 0,
    "pawsx-mt_nllb-200-distilled-600M_ja": 0,
    "pawsx-mt_nllb-200-distilled-600M_ko": 0,
    "pawsx-mt_nllb-200-distilled-600M_zh": 0
  },
  "config": {
    "model": "hf-causal-experimental",
    "model_args": "pretrained=bigscience/bloom-1b7",
    "num_fewshot": 0,
    "batch_size": "auto",
    "device": "cuda",
    "no_cache": true,
    "limit": null,
    "bootstrap_iters": 100000,
    "description_dict": {}
  }
}