{
  "results": {
    "pawsx-mt_xglm-1.7B_de": {
      "acc": 0.4825,
      "acc_stderr": 0.011176284251254186
    },
    "pawsx-mt_xglm-1.7B_es": {
      "acc": 0.484,
      "acc_stderr": 0.011177408788874897
    },
    "pawsx-mt_xglm-1.7B_fr": {
      "acc": 0.4905,
      "acc_stderr": 0.011181117282805235
    },
    "pawsx-mt_xglm-1.7B_ja": {
      "acc": 0.4835,
      "acc_stderr": 0.011177045144808323
    },
    "pawsx-mt_xglm-1.7B_ko": {
      "acc": 0.4795,
      "acc_stderr": 0.011173732641806813
    },
    "pawsx-mt_xglm-1.7B_zh": {
      "acc": 0.491,
      "acc_stderr": 0.01118132420626029
    },
    "pawsx-mt_xglm-2.9B_de": {
      "acc": 0.4935,
      "acc_stderr": 0.0111821910061423
    },
    "pawsx-mt_xglm-2.9B_es": {
      "acc": 0.4885,
      "acc_stderr": 0.011180177690296087
    },
    "pawsx-mt_xglm-2.9B_fr": {
      "acc": 0.487,
      "acc_stderr": 0.011179355482070379
    },
    "pawsx-mt_xglm-2.9B_ja": {
      "acc": 0.49,
      "acc_stderr": 0.01118089917015298
    },
    "pawsx-mt_xglm-2.9B_ko": {
      "acc": 0.478,
      "acc_stderr": 0.011172305500884874
    },
    "pawsx-mt_xglm-2.9B_zh": {
      "acc": 0.49,
      "acc_stderr": 0.011180899170152967
    },
    "pawsx-mt_xglm-564M_de": {
      "acc": 0.49,
      "acc_stderr": 0.011180899170152973
    },
    "pawsx-mt_xglm-564M_es": {
      "acc": 0.494,
      "acc_stderr": 0.01118233080628221
    },
    "pawsx-mt_xglm-564M_fr": {
      "acc": 0.487,
      "acc_stderr": 0.011179355482070379
    },
    "pawsx-mt_xglm-564M_ja": {
      "acc": 0.4915,
      "acc_stderr": 0.011181519941139164
    },
    "pawsx-mt_xglm-564M_ko": {
      "acc": 0.49,
      "acc_stderr": 0.011180899170152983
    },
    "pawsx-mt_xglm-564M_zh": {
      "acc": 0.4655,
      "acc_stderr": 0.011156482803925168
    },
    "pawsx-mt_xglm-7.5B_de": {
      "acc": 0.4935,
      "acc_stderr": 0.011182191006142303
    },
    "pawsx-mt_xglm-7.5B_es": {
      "acc": 0.4955,
      "acc_stderr": 0.01118268309488391
    },
    "pawsx-mt_xglm-7.5B_fr": {
      "acc": 0.493,
      "acc_stderr": 0.011182040020027767
    },
    "pawsx-mt_xglm-7.5B_ja": {
      "acc": 0.487,
      "acc_stderr": 0.011179355482070379
    },
    "pawsx-mt_xglm-7.5B_ko": {
      "acc": 0.4795,
      "acc_stderr": 0.011173732641806813
    },
    "pawsx-mt_xglm-7.5B_zh": {
      "acc": 0.484,
      "acc_stderr": 0.0111774087888749
    }
  },
  "versions": {
    "pawsx-mt_xglm-1.7B_de": 0,
    "pawsx-mt_xglm-1.7B_es": 0,
    "pawsx-mt_xglm-1.7B_fr": 0,
    "pawsx-mt_xglm-1.7B_ja": 0,
    "pawsx-mt_xglm-1.7B_ko": 0,
    "pawsx-mt_xglm-1.7B_zh": 0,
    "pawsx-mt_xglm-2.9B_de": 0,
    "pawsx-mt_xglm-2.9B_es": 0,
    "pawsx-mt_xglm-2.9B_fr": 0,
    "pawsx-mt_xglm-2.9B_ja": 0,
    "pawsx-mt_xglm-2.9B_ko": 0,
    "pawsx-mt_xglm-2.9B_zh": 0,
    "pawsx-mt_xglm-564M_de": 0,
    "pawsx-mt_xglm-564M_es": 0,
    "pawsx-mt_xglm-564M_fr": 0,
    "pawsx-mt_xglm-564M_ja": 0,
    "pawsx-mt_xglm-564M_ko": 0,
    "pawsx-mt_xglm-564M_zh": 0,
    "pawsx-mt_xglm-7.5B_de": 0,
    "pawsx-mt_xglm-7.5B_es": 0,
    "pawsx-mt_xglm-7.5B_fr": 0,
    "pawsx-mt_xglm-7.5B_ja": 0,
    "pawsx-mt_xglm-7.5B_ko": 0,
    "pawsx-mt_xglm-7.5B_zh": 0
  },
  "config": {
    "model": "hf-causal-experimental",
    "model_args": "pretrained=bigscience/bloom-1b7,dtype=float16",
    "num_fewshot": 0,
    "batch_size": "auto",
    "device": "cuda",
    "no_cache": true,
    "limit": null,
    "bootstrap_iters": 100000,
    "description_dict": {}
  }
}