{
  "results": {
    "xcopa-mt_nllb-200-1.3B_et": {
      "acc": 0.646,
      "acc_stderr": 0.021407582047916447
    },
    "xcopa-mt_nllb-200-1.3B_ht": {
      "acc": 0.632,
      "acc_stderr": 0.021588982568353548
    },
    "xcopa-mt_nllb-200-1.3B_id": {
      "acc": 0.644,
      "acc_stderr": 0.021434712356072666
    },
    "xcopa-mt_nllb-200-1.3B_it": {
      "acc": 0.656,
      "acc_stderr": 0.02126575803797874
    },
    "xcopa-mt_nllb-200-1.3B_qu": {
      "acc": 0.476,
      "acc_stderr": 0.0223572738810164
    },
    "xcopa-mt_nllb-200-1.3B_sw": {
      "acc": 0.62,
      "acc_stderr": 0.021728881438701712
    },
    "xcopa-mt_nllb-200-1.3B_ta": {
      "acc": 0.622,
      "acc_stderr": 0.021706550824518184
    },
    "xcopa-mt_nllb-200-1.3B_th": {
      "acc": 0.594,
      "acc_stderr": 0.02198396209008634
    },
    "xcopa-mt_nllb-200-1.3B_tr": {
      "acc": 0.692,
      "acc_stderr": 0.0206670329874661
    },
    "xcopa-mt_nllb-200-1.3B_vi": {
      "acc": 0.662,
      "acc_stderr": 0.021175665695209404
    },
    "xcopa-mt_nllb-200-1.3B_zh": {
      "acc": 0.678,
      "acc_stderr": 0.02091666833001988
    },
    "xcopa-mt_nllb-200-3.3B_et": {
      "acc": 0.668,
      "acc_stderr": 0.021081766571222852
    },
    "xcopa-mt_nllb-200-3.3B_ht": {
      "acc": 0.63,
      "acc_stderr": 0.021613289165165785
    },
    "xcopa-mt_nllb-200-3.3B_id": {
      "acc": 0.644,
      "acc_stderr": 0.02143471235607266
    },
    "xcopa-mt_nllb-200-3.3B_it": {
      "acc": 0.68,
      "acc_stderr": 0.0208823404887618
    },
    "xcopa-mt_nllb-200-3.3B_qu": {
      "acc": 0.516,
      "acc_stderr": 0.022371610982580396
    },
    "xcopa-mt_nllb-200-3.3B_sw": {
      "acc": 0.64,
      "acc_stderr": 0.021487751089720526
    },
    "xcopa-mt_nllb-200-3.3B_ta": {
      "acc": 0.648,
      "acc_stderr": 0.021380042385946058
    },
    "xcopa-mt_nllb-200-3.3B_th": {
      "acc": 0.61,
      "acc_stderr": 0.021834685869369208
    },
    "xcopa-mt_nllb-200-3.3B_tr": {
      "acc": 0.664,
      "acc_stderr": 0.021144791425048843
    },
    "xcopa-mt_nllb-200-3.3B_vi": {
      "acc": 0.644,
      "acc_stderr": 0.021434712356072666
    },
    "xcopa-mt_nllb-200-3.3B_zh": {
      "acc": 0.662,
      "acc_stderr": 0.021175665695209404
    },
    "xcopa-mt_nllb-200-distilled-1.3B_et": {
      "acc": 0.662,
      "acc_stderr": 0.021175665695209404
    },
    "xcopa-mt_nllb-200-distilled-1.3B_ht": {
      "acc": 0.638,
      "acc_stderr": 0.021513662527582404
    },
    "xcopa-mt_nllb-200-distilled-1.3B_id": {
      "acc": 0.632,
      "acc_stderr": 0.02158898256835354
    },
    "xcopa-mt_nllb-200-distilled-1.3B_it": {
      "acc": 0.666,
      "acc_stderr": 0.021113492347743745
    },
    "xcopa-mt_nllb-200-distilled-1.3B_qu": {
      "acc": 0.57,
      "acc_stderr": 0.022162634426652835
    },
    "xcopa-mt_nllb-200-distilled-1.3B_sw": {
      "acc": 0.62,
      "acc_stderr": 0.02172888143870171
    },
    "xcopa-mt_nllb-200-distilled-1.3B_ta": {
      "acc": 0.622,
      "acc_stderr": 0.02170655082451819
    },
    "xcopa-mt_nllb-200-distilled-1.3B_th": {
      "acc": 0.63,
      "acc_stderr": 0.021613289165165785
    },
    "xcopa-mt_nllb-200-distilled-1.3B_tr": {
      "acc": 0.632,
      "acc_stderr": 0.02158898256835354
    },
    "xcopa-mt_nllb-200-distilled-1.3B_vi": {
      "acc": 0.666,
      "acc_stderr": 0.021113492347743755
    },
    "xcopa-mt_nllb-200-distilled-1.3B_zh": {
      "acc": 0.684,
      "acc_stderr": 0.02081235951585585
    },
    "xcopa-mt_nllb-200-distilled-600M_et": {
      "acc": 0.624,
      "acc_stderr": 0.02168382753928613
    },
    "xcopa-mt_nllb-200-distilled-600M_ht": {
      "acc": 0.602,
      "acc_stderr": 0.021912377885779977
    },
    "xcopa-mt_nllb-200-distilled-600M_id": {
      "acc": 0.61,
      "acc_stderr": 0.021834685869369205
    },
    "xcopa-mt_nllb-200-distilled-600M_it": {
      "acc": 0.664,
      "acc_stderr": 0.02114479142504884
    },
    "xcopa-mt_nllb-200-distilled-600M_qu": {
      "acc": 0.54,
      "acc_stderr": 0.022311333245289663
    },
    "xcopa-mt_nllb-200-distilled-600M_sw": {
      "acc": 0.58,
      "acc_stderr": 0.022094713229761784
    },
    "xcopa-mt_nllb-200-distilled-600M_ta": {
      "acc": 0.596,
      "acc_stderr": 0.02196663529383291
    },
    "xcopa-mt_nllb-200-distilled-600M_th": {
      "acc": 0.6,
      "acc_stderr": 0.021930844120728505
    },
    "xcopa-mt_nllb-200-distilled-600M_tr": {
      "acc": 0.654,
      "acc_stderr": 0.021294951277234648
    },
    "xcopa-mt_nllb-200-distilled-600M_vi": {
      "acc": 0.636,
      "acc_stderr": 0.02153917063731769
    },
    "xcopa-mt_nllb-200-distilled-600M_zh": {
      "acc": 0.66,
      "acc_stderr": 0.021206117013673066
    }
  },
  "versions": {
    "xcopa-mt_nllb-200-1.3B_et": 0,
    "xcopa-mt_nllb-200-1.3B_ht": 0,
    "xcopa-mt_nllb-200-1.3B_id": 0,
    "xcopa-mt_nllb-200-1.3B_it": 0,
    "xcopa-mt_nllb-200-1.3B_qu": 0,
    "xcopa-mt_nllb-200-1.3B_sw": 0,
    "xcopa-mt_nllb-200-1.3B_ta": 0,
    "xcopa-mt_nllb-200-1.3B_th": 0,
    "xcopa-mt_nllb-200-1.3B_tr": 0,
    "xcopa-mt_nllb-200-1.3B_vi": 0,
    "xcopa-mt_nllb-200-1.3B_zh": 0,
    "xcopa-mt_nllb-200-3.3B_et": 0,
    "xcopa-mt_nllb-200-3.3B_ht": 0,
    "xcopa-mt_nllb-200-3.3B_id": 0,
    "xcopa-mt_nllb-200-3.3B_it": 0,
    "xcopa-mt_nllb-200-3.3B_qu": 0,
    "xcopa-mt_nllb-200-3.3B_sw": 0,
    "xcopa-mt_nllb-200-3.3B_ta": 0,
    "xcopa-mt_nllb-200-3.3B_th": 0,
    "xcopa-mt_nllb-200-3.3B_tr": 0,
    "xcopa-mt_nllb-200-3.3B_vi": 0,
    "xcopa-mt_nllb-200-3.3B_zh": 0,
    "xcopa-mt_nllb-200-distilled-1.3B_et": 0,
    "xcopa-mt_nllb-200-distilled-1.3B_ht": 0,
    "xcopa-mt_nllb-200-distilled-1.3B_id": 0,
    "xcopa-mt_nllb-200-distilled-1.3B_it": 0,
    "xcopa-mt_nllb-200-distilled-1.3B_qu": 0,
    "xcopa-mt_nllb-200-distilled-1.3B_sw": 0,
    "xcopa-mt_nllb-200-distilled-1.3B_ta": 0,
    "xcopa-mt_nllb-200-distilled-1.3B_th": 0,
    "xcopa-mt_nllb-200-distilled-1.3B_tr": 0,
    "xcopa-mt_nllb-200-distilled-1.3B_vi": 0,
    "xcopa-mt_nllb-200-distilled-1.3B_zh": 0,
    "xcopa-mt_nllb-200-distilled-600M_et": 0,
    "xcopa-mt_nllb-200-distilled-600M_ht": 0,
    "xcopa-mt_nllb-200-distilled-600M_id": 0,
    "xcopa-mt_nllb-200-distilled-600M_it": 0,
    "xcopa-mt_nllb-200-distilled-600M_qu": 0,
    "xcopa-mt_nllb-200-distilled-600M_sw": 0,
    "xcopa-mt_nllb-200-distilled-600M_ta": 0,
    "xcopa-mt_nllb-200-distilled-600M_th": 0,
    "xcopa-mt_nllb-200-distilled-600M_tr": 0,
    "xcopa-mt_nllb-200-distilled-600M_vi": 0,
    "xcopa-mt_nllb-200-distilled-600M_zh": 0
  },
  "config": {
    "model": "hf-causal-experimental",
    "model_args": "pretrained=bigscience/bloom-1b7",
    "num_fewshot": 0,
    "batch_size": "auto",
    "device": "cuda",
    "no_cache": true,
    "limit": null,
    "bootstrap_iters": 100000,
    "description_dict": {}
  }
}