{
  "results": {
    "xstory_cloze-mt_bloom-1b7_ar": {
      "acc": 0.5565850430178689,
      "acc_stderr": 0.012784462136657198
    },
    "xstory_cloze-mt_bloom-1b7_es": {
      "acc": 0.6227663798808736,
      "acc_stderr": 0.012473240654741192
    },
    "xstory_cloze-mt_bloom-1b7_eu": {
      "acc": 0.542686962276638,
      "acc_stderr": 0.012820147204256241
    },
    "xstory_cloze-mt_bloom-1b7_hi": {
      "acc": 0.5579086697551291,
      "acc_stderr": 0.012780536370279769
    },
    "xstory_cloze-mt_bloom-1b7_id": {
      "acc": 0.5790866975512905,
      "acc_stderr": 0.012705145598630695
    },
    "xstory_cloze-mt_bloom-1b7_my": {
      "acc": 0.5095962938451357,
      "acc_stderr": 0.012864755260408957
    },
    "xstory_cloze-mt_bloom-1b7_ru": {
      "acc": 0.5036399735274653,
      "acc_stderr": 0.01286678434828923
    },
    "xstory_cloze-mt_bloom-1b7_sw": {
      "acc": 0.528788881535407,
      "acc_stderr": 0.012845779070719484
    },
    "xstory_cloze-mt_bloom-1b7_te": {
      "acc": 0.5446724023825281,
      "acc_stderr": 0.012815666542067271
    },
    "xstory_cloze-mt_bloom-1b7_zh": {
      "acc": 0.5976174718729318,
      "acc_stderr": 0.012619516819528713
    }
  },
  "versions": {
    "xstory_cloze-mt_bloom-1b7_ar": 0,
    "xstory_cloze-mt_bloom-1b7_es": 0,
    "xstory_cloze-mt_bloom-1b7_eu": 0,
    "xstory_cloze-mt_bloom-1b7_hi": 0,
    "xstory_cloze-mt_bloom-1b7_id": 0,
    "xstory_cloze-mt_bloom-1b7_my": 0,
    "xstory_cloze-mt_bloom-1b7_ru": 0,
    "xstory_cloze-mt_bloom-1b7_sw": 0,
    "xstory_cloze-mt_bloom-1b7_te": 0,
    "xstory_cloze-mt_bloom-1b7_zh": 0
  },
  "config": {
    "model": "hf-causal-experimental",
    "model_args": "pretrained=bigscience/bloom-1b7,use_accelerate=True",
    "num_fewshot": 0,
    "batch_size": "auto",
    "device": "cuda",
    "no_cache": true,
    "limit": null,
    "bootstrap_iters": 100000,
    "description_dict": {}
  }
}