{
  "results": {
    "xnli-mt_xglm-1.7B_ar": {
      "acc": 0.44550898203592815,
      "acc_stderr": 0.00702263301889785
    },
    "xnli-mt_xglm-1.7B_bg": {
      "acc": 0.4756487025948104,
      "acc_stderr": 0.007056328908373049
    },
    "xnli-mt_xglm-1.7B_de": {
      "acc": 0.4660678642714571,
      "acc_stderr": 0.007048425178540596
    },
    "xnli-mt_xglm-1.7B_el": {
      "acc": 0.4678642714570858,
      "acc_stderr": 0.007050105800975897
    },
    "xnli-mt_xglm-1.7B_es": {
      "acc": 0.4780439121756487,
      "acc_stderr": 0.007057897773680258
    },
    "xnli-mt_xglm-1.7B_fr": {
      "acc": 0.4740518962075848,
      "acc_stderr": 0.007055192615712202
    },
    "xnli-mt_xglm-1.7B_hi": {
      "acc": 0.4359281437125748,
      "acc_stderr": 0.00700646818111012
    },
    "xnli-mt_xglm-1.7B_ru": {
      "acc": 0.46387225548902195,
      "acc_stderr": 0.007046246373565746
    },
    "xnli-mt_xglm-1.7B_sw": {
      "acc": 0.43253493013972055,
      "acc_stderr": 0.007000106441149043
    },
    "xnli-mt_xglm-1.7B_th": {
      "acc": 0.430938123752495,
      "acc_stderr": 0.00699699700650465
    },
    "xnli-mt_xglm-1.7B_tr": {
      "acc": 0.4311377245508982,
      "acc_stderr": 0.006997389739773677
    },
    "xnli-mt_xglm-1.7B_ur": {
      "acc": 0.430938123752495,
      "acc_stderr": 0.006996997006504651
    },
    "xnli-mt_xglm-1.7B_vi": {
      "acc": 0.4532934131736527,
      "acc_stderr": 0.00703382147833933
    },
    "xnli-mt_xglm-1.7B_zh": {
      "acc": 0.45169660678642715,
      "acc_stderr": 0.0070316681234920495
    },
    "xnli-mt_xglm-2.9B_ar": {
      "acc": 0.4379241516966068,
      "acc_stderr": 0.007010054511615557
    },
    "xnli-mt_xglm-2.9B_bg": {
      "acc": 0.47964071856287427,
      "acc_stderr": 0.007058853348299944
    },
    "xnli-mt_xglm-2.9B_de": {
      "acc": 0.4748502994011976,
      "acc_stderr": 0.0070557698031069645
    },
    "xnli-mt_xglm-2.9B_el": {
      "acc": 0.47664670658682634,
      "acc_stderr": 0.007057002368497429
    },
    "xnli-mt_xglm-2.9B_es": {
      "acc": 0.4784431137724551,
      "acc_stderr": 0.0070581434408304835
    },
    "xnli-mt_xglm-2.9B_fr": {
      "acc": 0.48263473053892214,
      "acc_stderr": 0.007060450379126719
    },
    "xnli-mt_xglm-2.9B_hi": {
      "acc": 0.4437125748502994,
      "acc_stderr": 0.0070198038001282655
    },
    "xnli-mt_xglm-2.9B_ru": {
      "acc": 0.46526946107784434,
      "acc_stderr": 0.0070476487637835565
    },
    "xnli-mt_xglm-2.9B_sw": {
      "acc": 0.45229540918163674,
      "acc_stderr": 0.007032484191375644
    },
    "xnli-mt_xglm-2.9B_th": {
      "acc": 0.4528942115768463,
      "acc_stderr": 0.007033289986695005
    },
    "xnli-mt_xglm-2.9B_tr": {
      "acc": 0.43952095808383235,
      "acc_stderr": 0.007012840595506882
    },
    "xnli-mt_xglm-2.9B_ur": {
      "acc": 0.4311377245508982,
      "acc_stderr": 0.006997389739773676
    },
    "xnli-mt_xglm-2.9B_vi": {
      "acc": 0.46387225548902195,
      "acc_stderr": 0.00704624637356575
    },
    "xnli-mt_xglm-2.9B_zh": {
      "acc": 0.4608782435129741,
      "acc_stderr": 0.007043053978003474
    },
    "xnli-mt_xglm-564M_ar": {
      "acc": 0.406187624750499,
      "acc_stderr": 0.006939248658213528
    },
    "xnli-mt_xglm-564M_bg": {
      "acc": 0.44590818363273454,
      "acc_stderr": 0.007023249121995257
    },
    "xnli-mt_xglm-564M_de": {
      "acc": 0.4435129740518962,
      "acc_stderr": 0.007019483706597918
    },
    "xnli-mt_xglm-564M_el": {
      "acc": 0.4097804391217565,
      "acc_stderr": 0.006948753331054791
    },
    "xnli-mt_xglm-564M_es": {
      "acc": 0.4439121756487026,
      "acc_stderr": 0.007020122746066692
    },
    "xnli-mt_xglm-564M_fr": {
      "acc": 0.45888223552894214,
      "acc_stderr": 0.00704078370252344
    },
    "xnli-mt_xglm-564M_hi": {
      "acc": 0.3998003992015968,
      "acc_stderr": 0.006921399974014816
    },
    "xnli-mt_xglm-564M_ru": {
      "acc": 0.429940119760479,
      "acc_stderr": 0.0069950159534787745
    },
    "xnli-mt_xglm-564M_sw": {
      "acc": 0.36786427145708583,
      "acc_stderr": 0.006813550161995395
    },
    "xnli-mt_xglm-564M_th": {
      "acc": 0.4033932135728543,
      "acc_stderr": 0.0069315900967210934
    },
    "xnli-mt_xglm-564M_tr": {
      "acc": 0.3900199600798403,
      "acc_stderr": 0.0068916896671418985
    },
    "xnli-mt_xglm-564M_ur": {
      "acc": 0.3932135728542914,
      "acc_stderr": 0.006901709305026876
    },
    "xnli-mt_xglm-564M_vi": {
      "acc": 0.41477045908183635,
      "acc_stderr": 0.006961318635725851
    },
    "xnli-mt_xglm-564M_zh": {
      "acc": 0.37445109780439123,
      "acc_stderr": 0.006838371198927299
    },
    "xnli-mt_xglm-7.5B_ar": {
      "acc": 0.4564870259481038,
      "acc_stderr": 0.0070379092291999595
    },
    "xnli-mt_xglm-7.5B_bg": {
      "acc": 0.48502994011976047,
      "acc_stderr": 0.0070615452772302845
    },
    "xnli-mt_xglm-7.5B_de": {
      "acc": 0.48343313373253494,
      "acc_stderr": 0.007060833387482754
    },
    "xnli-mt_xglm-7.5B_el": {
      "acc": 0.48323353293413174,
      "acc_stderr": 0.007060739327060845
    },
    "xnli-mt_xglm-7.5B_es": {
      "acc": 0.49001996007984033,
      "acc_stderr": 0.007063304981491914
    },
    "xnli-mt_xglm-7.5B_fr": {
      "acc": 0.48862275449101794,
      "acc_stderr": 0.0070628832555224876
    },
    "xnli-mt_xglm-7.5B_hi": {
      "acc": 0.45229540918163674,
      "acc_stderr": 0.007032484191375648
    },
    "xnli-mt_xglm-7.5B_ru": {
      "acc": 0.4624750499001996,
      "acc_stderr": 0.007044788381915979
    },
    "xnli-mt_xglm-7.5B_sw": {
      "acc": 0.4530938123752495,
      "acc_stderr": 0.0070335563029538
    },
    "xnli-mt_xglm-7.5B_th": {
      "acc": 0.4487025948103792,
      "acc_stderr": 0.007027433568775006
    },
    "xnli-mt_xglm-7.5B_tr": {
      "acc": 0.4502994011976048,
      "acc_stderr": 0.007029723996054763
    },
    "xnli-mt_xglm-7.5B_ur": {
      "acc": 0.43912175648702595,
      "acc_stderr": 0.00701215098402704
    },
    "xnli-mt_xglm-7.5B_vi": {
      "acc": 0.46986027944111775,
      "acc_stderr": 0.007051865540072122
    },
    "xnli-mt_xglm-7.5B_zh": {
      "acc": 0.4614770459081836,
      "acc_stderr": 0.0070437128985425335
    }
  },
  "versions": {
    "xnli-mt_xglm-1.7B_ar": 0,
    "xnli-mt_xglm-1.7B_bg": 0,
    "xnli-mt_xglm-1.7B_de": 0,
    "xnli-mt_xglm-1.7B_el": 0,
    "xnli-mt_xglm-1.7B_es": 0,
    "xnli-mt_xglm-1.7B_fr": 0,
    "xnli-mt_xglm-1.7B_hi": 0,
    "xnli-mt_xglm-1.7B_ru": 0,
    "xnli-mt_xglm-1.7B_sw": 0,
    "xnli-mt_xglm-1.7B_th": 0,
    "xnli-mt_xglm-1.7B_tr": 0,
    "xnli-mt_xglm-1.7B_ur": 0,
    "xnli-mt_xglm-1.7B_vi": 0,
    "xnli-mt_xglm-1.7B_zh": 0,
    "xnli-mt_xglm-2.9B_ar": 0,
    "xnli-mt_xglm-2.9B_bg": 0,
    "xnli-mt_xglm-2.9B_de": 0,
    "xnli-mt_xglm-2.9B_el": 0,
    "xnli-mt_xglm-2.9B_es": 0,
    "xnli-mt_xglm-2.9B_fr": 0,
    "xnli-mt_xglm-2.9B_hi": 0,
    "xnli-mt_xglm-2.9B_ru": 0,
    "xnli-mt_xglm-2.9B_sw": 0,
    "xnli-mt_xglm-2.9B_th": 0,
    "xnli-mt_xglm-2.9B_tr": 0,
    "xnli-mt_xglm-2.9B_ur": 0,
    "xnli-mt_xglm-2.9B_vi": 0,
    "xnli-mt_xglm-2.9B_zh": 0,
    "xnli-mt_xglm-564M_ar": 0,
    "xnli-mt_xglm-564M_bg": 0,
    "xnli-mt_xglm-564M_de": 0,
    "xnli-mt_xglm-564M_el": 0,
    "xnli-mt_xglm-564M_es": 0,
    "xnli-mt_xglm-564M_fr": 0,
    "xnli-mt_xglm-564M_hi": 0,
    "xnli-mt_xglm-564M_ru": 0,
    "xnli-mt_xglm-564M_sw": 0,
    "xnli-mt_xglm-564M_th": 0,
    "xnli-mt_xglm-564M_tr": 0,
    "xnli-mt_xglm-564M_ur": 0,
    "xnli-mt_xglm-564M_vi": 0,
    "xnli-mt_xglm-564M_zh": 0,
    "xnli-mt_xglm-7.5B_ar": 0,
    "xnli-mt_xglm-7.5B_bg": 0,
    "xnli-mt_xglm-7.5B_de": 0,
    "xnli-mt_xglm-7.5B_el": 0,
    "xnli-mt_xglm-7.5B_es": 0,
    "xnli-mt_xglm-7.5B_fr": 0,
    "xnli-mt_xglm-7.5B_hi": 0,
    "xnli-mt_xglm-7.5B_ru": 0,
    "xnli-mt_xglm-7.5B_sw": 0,
    "xnli-mt_xglm-7.5B_th": 0,
    "xnli-mt_xglm-7.5B_tr": 0,
    "xnli-mt_xglm-7.5B_ur": 0,
    "xnli-mt_xglm-7.5B_vi": 0,