{
  "results": {
    "pawsx-mt_bloom-1b7_de": {
      "acc": 0.479,
      "acc_stderr": 0.011173268141438302
    },
    "pawsx-mt_bloom-1b7_es": {
      "acc": 0.492,
      "acc_stderr": 0.011181704488030015
    },
    "pawsx-mt_bloom-1b7_fr": {
      "acc": 0.4975,
      "acc_stderr": 0.011182996230990781
    },
    "pawsx-mt_bloom-1b7_ja": {
      "acc": 0.4625,
      "acc_stderr": 0.011151639095992283
    },
    "pawsx-mt_bloom-1b7_ko": {
      "acc": 0.4725,
      "acc_stderr": 0.01116620871686354
    },
    "pawsx-mt_bloom-1b7_zh": {
      "acc": 0.4845,
      "acc_stderr": 0.011177761232603322
    },
    "pawsx-mt_bloom-3b_de": {
      "acc": 0.4765,
      "acc_stderr": 0.011170777418517831
    },
    "pawsx-mt_bloom-3b_es": {
      "acc": 0.4995,
      "acc_stderr": 0.011183130429495185
    },
    "pawsx-mt_bloom-3b_fr": {
      "acc": 0.507,
      "acc_stderr": 0.011182040020027772
    },
    "pawsx-mt_bloom-3b_ja": {
      "acc": 0.478,
      "acc_stderr": 0.01117230550088487
    },
    "pawsx-mt_bloom-3b_ko": {
      "acc": 0.468,
      "acc_stderr": 0.011160209457602885
    },
    "pawsx-mt_bloom-3b_zh": {
      "acc": 0.4985,
      "acc_stderr": 0.011183085696839198
    },
    "pawsx-mt_bloom-560m_de": {
      "acc": 0.471,
      "acc_stderr": 0.011164310140373722
    },
    "pawsx-mt_bloom-560m_es": {
      "acc": 0.4905,
      "acc_stderr": 0.011181117282805235
    },
    "pawsx-mt_bloom-560m_fr": {
      "acc": 0.4945,
      "acc_stderr": 0.011182459420867636
    },
    "pawsx-mt_bloom-560m_ja": {
      "acc": 0.472,
      "acc_stderr": 0.011165587094621544
    },
    "pawsx-mt_bloom-560m_ko": {
      "acc": 0.487,
      "acc_stderr": 0.01117935548207038
    },
    "pawsx-mt_bloom-560m_zh": {
      "acc": 0.4945,
      "acc_stderr": 0.011182459420867642
    },
    "pawsx-mt_bloom-7b1_de": {
      "acc": 0.4795,
      "acc_stderr": 0.011173732641806813
    },
    "pawsx-mt_bloom-7b1_es": {
      "acc": 0.4915,
      "acc_stderr": 0.011181519941139164
    },
    "pawsx-mt_bloom-7b1_fr": {
      "acc": 0.496,
      "acc_stderr": 0.011182778154985876
    },
    "pawsx-mt_bloom-7b1_ja": {
      "acc": 0.473,
      "acc_stderr": 0.01116681910502999
    },
    "pawsx-mt_bloom-7b1_ko": {
      "acc": 0.4545,
      "acc_stderr": 0.011136735987003725
    },
    "pawsx-mt_bloom-7b1_zh": {
      "acc": 0.4795,
      "acc_stderr": 0.011173732641806815
    }
  },
  "versions": {
    "pawsx-mt_bloom-1b7_de": 0,
    "pawsx-mt_bloom-1b7_es": 0,
    "pawsx-mt_bloom-1b7_fr": 0,
    "pawsx-mt_bloom-1b7_ja": 0,
    "pawsx-mt_bloom-1b7_ko": 0,
    "pawsx-mt_bloom-1b7_zh": 0,
    "pawsx-mt_bloom-3b_de": 0,
    "pawsx-mt_bloom-3b_es": 0,
    "pawsx-mt_bloom-3b_fr": 0,
    "pawsx-mt_bloom-3b_ja": 0,
    "pawsx-mt_bloom-3b_ko": 0,
    "pawsx-mt_bloom-3b_zh": 0,
    "pawsx-mt_bloom-560m_de": 0,
    "pawsx-mt_bloom-560m_es": 0,
    "pawsx-mt_bloom-560m_fr": 0,
    "pawsx-mt_bloom-560m_ja": 0,
    "pawsx-mt_bloom-560m_ko": 0,
    "pawsx-mt_bloom-560m_zh": 0,
    "pawsx-mt_bloom-7b1_de": 0,
    "pawsx-mt_bloom-7b1_es": 0,
    "pawsx-mt_bloom-7b1_fr": 0,
    "pawsx-mt_bloom-7b1_ja": 0,
    "pawsx-mt_bloom-7b1_ko": 0,
    "pawsx-mt_bloom-7b1_zh": 0
  },
  "config": {
    "model": "hf-causal-experimental",
    "model_args": "pretrained=bigscience/bloom-1b7,dtype=float16",
    "num_fewshot": 0,
    "batch_size": "auto",
    "device": "cuda",
    "no_cache": true,
    "limit": null,
    "bootstrap_iters": 100000,
    "description_dict": {}
  }
}