{
  "results": {
    "mgsm-mt_nllb-200-1.3B_bn": {
      "acc": 0.016,
      "acc_stderr": 0.00795166118887432
    },
    "mgsm-mt_nllb-200-1.3B_de": {
      "acc": 0.024,
      "acc_stderr": 0.009699087026964261
    },
    "mgsm-mt_nllb-200-1.3B_es": {
      "acc": 0.02,
      "acc_stderr": 0.008872139507342683
    },
    "mgsm-mt_nllb-200-1.3B_fr": {
      "acc": 0.036,
      "acc_stderr": 0.011805655169278133
    },
    "mgsm-mt_nllb-200-1.3B_ja": {
      "acc": 0.024,
      "acc_stderr": 0.009699087026964252
    },
    "mgsm-mt_nllb-200-1.3B_ru": {
      "acc": 0.036,
      "acc_stderr": 0.011805655169278133
    },
    "mgsm-mt_nllb-200-1.3B_sw": {
      "acc": 0.028,
      "acc_stderr": 0.010454721651927325
    },
    "mgsm-mt_nllb-200-1.3B_te": {
      "acc": 0.024,
      "acc_stderr": 0.009699087026964245
    },
    "mgsm-mt_nllb-200-1.3B_th": {
      "acc": 0.036,
      "acc_stderr": 0.011805655169278133
    },
    "mgsm-mt_nllb-200-1.3B_zh": {
      "acc": 0.024,
      "acc_stderr": 0.009699087026964245
    },
    "mgsm-mt_nllb-200-3.3B_bn": {
      "acc": 0.028,
      "acc_stderr": 0.010454721651927327
    },
    "mgsm-mt_nllb-200-3.3B_de": {
      "acc": 0.02,
      "acc_stderr": 0.008872139507342683
    },
    "mgsm-mt_nllb-200-3.3B_es": {
      "acc": 0.02,
      "acc_stderr": 0.008872139507342681
    },
    "mgsm-mt_nllb-200-3.3B_fr": {
      "acc": 0.036,
      "acc_stderr": 0.011805655169278133
    },
    "mgsm-mt_nllb-200-3.3B_ja": {
      "acc": 0.02,
      "acc_stderr": 0.008872139507342681
    },
    "mgsm-mt_nllb-200-3.3B_ru": {
      "acc": 0.02,
      "acc_stderr": 0.008872139507342681
    },
    "mgsm-mt_nllb-200-3.3B_sw": {
      "acc": 0.036,
      "acc_stderr": 0.011805655169278133
    },
    "mgsm-mt_nllb-200-3.3B_te": {
      "acc": 0.024,
      "acc_stderr": 0.009699087026964244
    },
    "mgsm-mt_nllb-200-3.3B_th": {
      "acc": 0.036,
      "acc_stderr": 0.011805655169278133
    },
    "mgsm-mt_nllb-200-3.3B_zh": {
      "acc": 0.016,
      "acc_stderr": 0.007951661188874337
    },
    "mgsm-mt_nllb-200-distilled-1.3B_bn": {
      "acc": 0.032,
      "acc_stderr": 0.01115354680923083
    },
    "mgsm-mt_nllb-200-distilled-1.3B_de": {
      "acc": 0.012,
      "acc_stderr": 0.006900323023694285
    },
    "mgsm-mt_nllb-200-distilled-1.3B_es": {
      "acc": 0.028,
      "acc_stderr": 0.010454721651927297
    },
    "mgsm-mt_nllb-200-distilled-1.3B_fr": {
      "acc": 0.036,
      "acc_stderr": 0.011805655169278133
    },
    "mgsm-mt_nllb-200-distilled-1.3B_ja": {
      "acc": 0.024,
      "acc_stderr": 0.00969908702696425
    },
    "mgsm-mt_nllb-200-distilled-1.3B_ru": {
      "acc": 0.02,
      "acc_stderr": 0.008872139507342683
    },
    "mgsm-mt_nllb-200-distilled-1.3B_sw": {
      "acc": 0.028,
      "acc_stderr": 0.010454721651927321
    },
    "mgsm-mt_nllb-200-distilled-1.3B_te": {
      "acc": 0.024,
      "acc_stderr": 0.009699087026964247
    },
    "mgsm-mt_nllb-200-distilled-1.3B_th": {
      "acc": 0.024,
      "acc_stderr": 0.009699087026964223
    },
    "mgsm-mt_nllb-200-distilled-1.3B_zh": {
      "acc": 0.012,
      "acc_stderr": 0.006900323023694302
    },
    "mgsm-mt_nllb-200-distilled-600M_bn": {
      "acc": 0.024,
      "acc_stderr": 0.009699087026964258
    },
    "mgsm-mt_nllb-200-distilled-600M_de": {
      "acc": 0.024,
      "acc_stderr": 0.00969908702696425
    },
    "mgsm-mt_nllb-200-distilled-600M_es": {
      "acc": 0.04,
      "acc_stderr": 0.012418408411301303
    },
    "mgsm-mt_nllb-200-distilled-600M_fr": {
      "acc": 0.032,
      "acc_stderr": 0.01115354680923083
    },
    "mgsm-mt_nllb-200-distilled-600M_ja": {
      "acc": 0.02,
      "acc_stderr": 0.008872139507342683
    },
    "mgsm-mt_nllb-200-distilled-600M_ru": {
      "acc": 0.032,
      "acc_stderr": 0.011153546809230832
    },
    "mgsm-mt_nllb-200-distilled-600M_sw": {
      "acc": 0.02,
      "acc_stderr": 0.008872139507342685
    },
    "mgsm-mt_nllb-200-distilled-600M_te": {
      "acc": 0.028,
      "acc_stderr": 0.010454721651927294
    },
    "mgsm-mt_nllb-200-distilled-600M_th": {
      "acc": 0.008,
      "acc_stderr": 0.00564548367669016
    },
    "mgsm-mt_nllb-200-distilled-600M_zh": {
      "acc": 0.016,
      "acc_stderr": 0.007951661188874316
    }
  },
  "versions": {
    "mgsm-mt_nllb-200-1.3B_bn": 0,
    "mgsm-mt_nllb-200-1.3B_de": 0,
    "mgsm-mt_nllb-200-1.3B_es": 0,
    "mgsm-mt_nllb-200-1.3B_fr": 0,
    "mgsm-mt_nllb-200-1.3B_ja": 0,
    "mgsm-mt_nllb-200-1.3B_ru": 0,
    "mgsm-mt_nllb-200-1.3B_sw": 0,
    "mgsm-mt_nllb-200-1.3B_te": 0,
    "mgsm-mt_nllb-200-1.3B_th": 0,
    "mgsm-mt_nllb-200-1.3B_zh": 0,
    "mgsm-mt_nllb-200-3.3B_bn": 0,
    "mgsm-mt_nllb-200-3.3B_de": 0,
    "mgsm-mt_nllb-200-3.3B_es": 0,
    "mgsm-mt_nllb-200-3.3B_fr": 0,
    "mgsm-mt_nllb-200-3.3B_ja": 0,
    "mgsm-mt_nllb-200-3.3B_ru": 0,
    "mgsm-mt_nllb-200-3.3B_sw": 0,
    "mgsm-mt_nllb-200-3.3B_te": 0,
    "mgsm-mt_nllb-200-3.3B_th": 0,
    "mgsm-mt_nllb-200-3.3B_zh": 0,
    "mgsm-mt_nllb-200-distilled-1.3B_bn": 0,
    "mgsm-mt_nllb-200-distilled-1.3B_de": 0,
    "mgsm-mt_nllb-200-distilled-1.3B_es": 0,
    "mgsm-mt_nllb-200-distilled-1.3B_fr": 0,
    "mgsm-mt_nllb-200-distilled-1.3B_ja": 0,
    "mgsm-mt_nllb-200-distilled-1.3B_ru": 0,
    "mgsm-mt_nllb-200-distilled-1.3B_sw": 0,
    "mgsm-mt_nllb-200-distilled-1.3B_te": 0,
    "mgsm-mt_nllb-200-distilled-1.3B_th": 0,
    "mgsm-mt_nllb-200-distilled-1.3B_zh": 0,
    "mgsm-mt_nllb-200-distilled-600M_bn": 0,
    "mgsm-mt_nllb-200-distilled-600M_de": 0,
    "mgsm-mt_nllb-200-distilled-600M_es": 0,
    "mgsm-mt_nllb-200-distilled-600M_fr": 0,
    "mgsm-mt_nllb-200-distilled-600M_ja": 0,
    "mgsm-mt_nllb-200-distilled-600M_ru": 0,
    "mgsm-mt_nllb-200-distilled-600M_sw": 0,
    "mgsm-mt_nllb-200-distilled-600M_te": 0,
    "mgsm-mt_nllb-200-distilled-600M_th": 0,
    "mgsm-mt_nllb-200-distilled-600M_zh": 0
  },
  "config": {
    "model": "hf-causal-experimental",
    "model_args": "pretrained=bigscience/bloom-1b7",
    "num_fewshot": 8,
    "batch_size": "auto",
    "device": "cuda",
    "no_cache": true,
    "limit": null,
    "bootstrap_iters": 100000,
    "description_dict": {}
  }
}