{
  "results": {
    "xstory_cloze-mt_nllb-200-1.3B_ar": {
      "acc": 0.5916611515552614,
      "acc_stderr": 0.012649064392162174
    },
    "xstory_cloze-mt_nllb-200-1.3B_es": {
      "acc": 0.6181336863004633,
      "acc_stderr": 0.0125028323191469
    },
    "xstory_cloze-mt_nllb-200-1.3B_eu": {
      "acc": 0.6194573130377233,
      "acc_stderr": 0.012494500786685339
    },
    "xstory_cloze-mt_nllb-200-1.3B_hi": {
      "acc": 0.6194573130377233,
      "acc_stderr": 0.012494500786685334
    },
    "xstory_cloze-mt_nllb-200-1.3B_id": {
      "acc": 0.5890138980807412,
      "acc_stderr": 0.012661578894368948
    },
    "xstory_cloze-mt_nllb-200-1.3B_my": {
      "acc": 0.5744540039708802,
      "acc_stderr": 0.012723670419166324
    },
    "xstory_cloze-mt_nllb-200-1.3B_ru": {
      "acc": 0.628722700198544,
      "acc_stderr": 0.012433411152341697
    },
    "xstory_cloze-mt_nllb-200-1.3B_sw": {
      "acc": 0.5949702183984117,
      "acc_stderr": 0.012632887218751382
    },
    "xstory_cloze-mt_nllb-200-1.3B_te": {
      "acc": 0.6227663798808736,
      "acc_stderr": 0.01247324065474119
    },
    "xstory_cloze-mt_nllb-200-1.3B_zh": {
      "acc": 0.5830575777630708,
      "acc_stderr": 0.01268835412160781
    },
    "xstory_cloze-mt_nllb-200-3.3B_ar": {
      "acc": 0.5962938451356717,
      "acc_stderr": 0.012626249735246587
    },
    "xstory_cloze-mt_nllb-200-3.3B_es": {
      "acc": 0.6055592322964924,
      "acc_stderr": 0.012577106513936138
    },
    "xstory_cloze-mt_nllb-200-3.3B_eu": {
      "acc": 0.5923229649238915,
      "acc_stderr": 0.012645876488040279
    },
    "xstory_cloze-mt_nllb-200-3.3B_hi": {
      "acc": 0.6161482461945731,
      "acc_stderr": 0.012515145391728872
    },
    "xstory_cloze-mt_nllb-200-3.3B_id": {
      "acc": 0.6075446724023825,
      "acc_stderr": 0.012565962209486541
    },
    "xstory_cloze-mt_nllb-200-3.3B_my": {
      "acc": 0.5797485109199206,
      "acc_stderr": 0.012702405649149104
    },
    "xstory_cloze-mt_nllb-200-3.3B_ru": {
      "acc": 0.6267372600926538,
      "acc_stderr": 0.012446911553527132
    },
    "xstory_cloze-mt_nllb-200-3.3B_sw": {
      "acc": 0.5890138980807412,
      "acc_stderr": 0.012661578894368952
    },
    "xstory_cloze-mt_nllb-200-3.3B_te": {
      "acc": 0.6154864328259431,
      "acc_stderr": 0.012519200719073854
    },
    "xstory_cloze-mt_nllb-200-3.3B_zh": {
      "acc": 0.6075446724023825,
      "acc_stderr": 0.012565962209486541
    },
    "xstory_cloze-mt_nllb-200-distilled-1.3B_ar": {
      "acc": 0.6095301125082727,
      "acc_stderr": 0.012554600076548366
    },
    "xstory_cloze-mt_nllb-200-distilled-1.3B_es": {
      "acc": 0.6201191264063534,
      "acc_stderr": 0.01249029810171817
    },
    "xstory_cloze-mt_nllb-200-distilled-1.3B_eu": {
      "acc": 0.6121773659827928,
      "acc_stderr": 0.012539110696551472
    },
    "xstory_cloze-mt_nllb-200-distilled-1.3B_hi": {
      "acc": 0.6062210456651225,
      "acc_stderr": 0.01257341591296519
    },
    "xstory_cloze-mt_nllb-200-distilled-1.3B_id": {
      "acc": 0.600264725347452,
      "acc_stderr": 0.012605764077627148
    },
    "xstory_cloze-mt_nllb-200-distilled-1.3B_my": {
      "acc": 0.5823957643944407,
      "acc_stderr": 0.012691211382848637
    },
    "xstory_cloze-mt_nllb-200-distilled-1.3B_ru": {
      "acc": 0.6174718729318333,
      "acc_stderr": 0.012506961215828187
    },
    "xstory_cloze-mt_nllb-200-distilled-1.3B_sw": {
      "acc": 0.5903375248180013,
      "acc_stderr": 0.01265536903075036
    },
    "xstory_cloze-mt_nllb-200-distilled-1.3B_te": {
      "acc": 0.6128391793514228,
      "acc_stderr": 0.012535177511067367
    },
    "xstory_cloze-mt_nllb-200-distilled-1.3B_zh": {
      "acc": 0.5883520847121112,
      "acc_stderr": 0.012664648329214087
    },
    "xstory_cloze-mt_nllb-200-distilled-600M_ar": {
      "acc": 0.600264725347452,
      "acc_stderr": 0.012605764077627153
    },
    "xstory_cloze-mt_nllb-200-distilled-600M_es": {
      "acc": 0.5976174718729318,
      "acc_stderr": 0.012619516819528711
    },
    "xstory_cloze-mt_nllb-200-distilled-600M_eu": {
      "acc": 0.5976174718729318,
      "acc_stderr": 0.012619516819528715
    },
    "xstory_cloze-mt_nllb-200-distilled-600M_hi": {
      "acc": 0.5956320317670417,
      "acc_stderr": 0.012629580396570927
    },
    "xstory_cloze-mt_nllb-200-distilled-600M_id": {
      "acc": 0.5943084050297816,
      "acc_stderr": 0.012636170220503925
    },
    "xstory_cloze-mt_nllb-200-distilled-600M_my": {
      "acc": 0.5506287227001986,
      "acc_stderr": 0.012800991591293383
    },
    "xstory_cloze-mt_nllb-200-distilled-600M_ru": {
      "acc": 0.6207809397749835,
      "acc_stderr": 0.012486070771171325
    },
    "xstory_cloze-mt_nllb-200-distilled-600M_sw": {
      "acc": 0.585043017868961,
      "acc_stderr": 0.012679641217262502
    },
    "xstory_cloze-mt_nllb-200-distilled-600M_te": {
      "acc": 0.6095301125082727,
      "acc_stderr": 0.012554600076548366
    },
    "xstory_cloze-mt_nllb-200-distilled-600M_zh": {
      "acc": 0.5751158173395102,
      "acc_stderr": 0.01272109407352333
    }
  },
  "versions": {
    "xstory_cloze-mt_nllb-200-1.3B_ar": 0,
    "xstory_cloze-mt_nllb-200-1.3B_es": 0,
    "xstory_cloze-mt_nllb-200-1.3B_eu": 0,
    "xstory_cloze-mt_nllb-200-1.3B_hi": 0,
    "xstory_cloze-mt_nllb-200-1.3B_id": 0,
    "xstory_cloze-mt_nllb-200-1.3B_my": 0,
    "xstory_cloze-mt_nllb-200-1.3B_ru": 0,
    "xstory_cloze-mt_nllb-200-1.3B_sw": 0,
    "xstory_cloze-mt_nllb-200-1.3B_te": 0,
    "xstory_cloze-mt_nllb-200-1.3B_zh": 0,
    "xstory_cloze-mt_nllb-200-3.3B_ar": 0,
    "xstory_cloze-mt_nllb-200-3.3B_es": 0,
    "xstory_cloze-mt_nllb-200-3.3B_eu": 0,
    "xstory_cloze-mt_nllb-200-3.3B_hi": 0,
    "xstory_cloze-mt_nllb-200-3.3B_id": 0,
    "xstory_cloze-mt_nllb-200-3.3B_my": 0,
    "xstory_cloze-mt_nllb-200-3.3B_ru": 0,
    "xstory_cloze-mt_nllb-200-3.3B_sw": 0,
    "xstory_cloze-mt_nllb-200-3.3B_te": 0,
    "xstory_cloze-mt_nllb-200-3.3B_zh": 0,
    "xstory_cloze-mt_nllb-200-distilled-1.3B_ar": 0,
    "xstory_cloze-mt_nllb-200-distilled-1.3B_es": 0,
    "xstory_cloze-mt_nllb-200-distilled-1.3B_eu": 0,
    "xstory_cloze-mt_nllb-200-distilled-1.3B_hi": 0,
    "xstory_cloze-mt_nllb-200-distilled-1.3B_id": 0,
    "xstory_cloze-mt_nllb-200-distilled-1.3B_my": 0,
    "xstory_cloze-mt_nllb-200-distilled-1.3B_ru": 0,
    "xstory_cloze-mt_nllb-200-distilled-1.3B_sw": 0,
    "xstory_cloze-mt_nllb-200-distilled-1.3B_te": 0,
    "xstory_cloze-mt_nllb-200-distilled-1.3B_zh": 0,
    "xstory_cloze-mt_nllb-200-distilled-600M_ar": 0,
    "xstory_cloze-mt_nllb-200-distilled-600M_es": 0,
    "xstory_cloze-mt_nllb-200-distilled-600M_eu": 0,
    "xstory_cloze-mt_nllb-200-distilled-600M_hi": 0,
    "xstory_cloze-mt_nllb-200-distilled-600M_id": 0,
    "xstory_cloze-mt_nllb-200-distilled-600M_my": 0,
    "xstory_cloze-mt_nllb-200-distilled-600M_ru": 0,
    "xstory_cloze-mt_nllb-200-distilled-600M_sw": 0,
    "xstory_cloze-mt_nllb-200-distilled-600M_te": 0,
    "xstory_cloze-mt_nllb-200-distilled-600M_zh": 0
  },
  "config": {
    "model": "hf-causal-experimental",
    "model_args": "pretrained=bigscience/bloom-1b7",
    "num_fewshot": 0,
    "batch_size": "auto",
    "device": "cuda",
    "no_cache": true,
    "limit": null,
    "bootstrap_iters": 100000,
    "description_dict": {}
  }
}