{
  "results": {
    "xnli-mt_nllb-200-1.3B_ar": {
      "acc": 0.480439121756487,
      "acc_stderr": 0.007059304046147469
    },
    "xnli-mt_nllb-200-1.3B_bg": {
      "acc": 0.487624750499002,
      "acc_stderr": 0.007062548221617221
    },
    "xnli-mt_nllb-200-1.3B_de": {
      "acc": 0.5003992015968064,
      "acc_stderr": 0.007064710177622648
    },
    "xnli-mt_nllb-200-1.3B_el": {
      "acc": 0.48922155688622754,
      "acc_stderr": 0.007063070754956922
    },
    "xnli-mt_nllb-200-1.3B_es": {
      "acc": 0.49700598802395207,
      "acc_stderr": 0.007064585770493396
    },
    "xnli-mt_nllb-200-1.3B_fr": {
      "acc": 0.49221556886227547,
      "acc_stderr": 0.007063856171465523
    },
    "xnli-mt_nllb-200-1.3B_hi": {
      "acc": 0.47644710578842314,
      "acc_stderr": 0.007056869935809593
    },
    "xnli-mt_nllb-200-1.3B_ru": {
      "acc": 0.47784431137724553,
      "acc_stderr": 0.0070577732464687445
    },
    "xnli-mt_nllb-200-1.3B_sw": {
      "acc": 0.46986027944111775,
      "acc_stderr": 0.007051865540072119
    },
    "xnli-mt_nllb-200-1.3B_th": {
      "acc": 0.47005988023952094,
      "acc_stderr": 0.0070520352865477195
    },
    "xnli-mt_nllb-200-1.3B_tr": {
      "acc": 0.48882235528942114,
      "acc_stderr": 0.0070629468820145695
    },
    "xnli-mt_nllb-200-1.3B_ur": {
      "acc": 0.45229540918163674,
      "acc_stderr": 0.007032484191375646
    },
    "xnli-mt_nllb-200-1.3B_vi": {
      "acc": 0.48303393213572854,
      "acc_stderr": 0.007060644138891393
    },
    "xnli-mt_nllb-200-1.3B_zh": {
      "acc": 0.48283433133732534,
      "acc_stderr": 0.007060547822928962
    },
    "xnli-mt_nllb-200-distilled-1.3B_ar": {
      "acc": 0.4738522954091816,
      "acc_stderr": 0.007055045493013371
    },
    "xnli-mt_nllb-200-distilled-1.3B_bg": {
      "acc": 0.49181636726546907,
      "acc_stderr": 0.007063766092285605
    },
    "xnli-mt_nllb-200-distilled-1.3B_de": {
      "acc": 0.487624750499002,
      "acc_stderr": 0.007062548221617223
    },
    "xnli-mt_nllb-200-distilled-1.3B_el": {
      "acc": 0.4882235528942116,
      "acc_stderr": 0.007062752622343633
    },
    "xnli-mt_nllb-200-distilled-1.3B_es": {
      "acc": 0.4934131736526946,
      "acc_stderr": 0.007064099379513963
    },
    "xnli-mt_nllb-200-distilled-1.3B_fr": {
      "acc": 0.49161676646706587,
      "acc_stderr": 0.007063719363258261
    },
    "xnli-mt_nllb-200-distilled-1.3B_hi": {
      "acc": 0.4746506986027944,
      "acc_stderr": 0.007055627201628279
    },
    "xnli-mt_nllb-200-distilled-1.3B_ru": {
      "acc": 0.48323353293413174,
      "acc_stderr": 0.007060739327060848
    },
    "xnli-mt_nllb-200-distilled-1.3B_sw": {
      "acc": 0.47325349301397207,
      "acc_stderr": 0.007054597341750411
    },
    "xnli-mt_nllb-200-distilled-1.3B_th": {
      "acc": 0.4612774451097804,
      "acc_stderr": 0.007043494394449802
    },
    "xnli-mt_nllb-200-distilled-1.3B_tr": {
      "acc": 0.4780439121756487,
      "acc_stderr": 0.007057897773680256
    },
    "xnli-mt_nllb-200-distilled-1.3B_ur": {
      "acc": 0.4600798403193613,
      "acc_stderr": 0.0070421595090726695
    },
    "xnli-mt_nllb-200-distilled-1.3B_vi": {
      "acc": 0.48502994011976047,
      "acc_stderr": 0.007061545277230284
    },
    "xnli-mt_nllb-200-distilled-1.3B_zh": {
      "acc": 0.4808383233532934,
      "acc_stderr": 0.007059522624242021
    },
    "xnli-mt_nllb-200-distilled-600M_ar": {
      "acc": 0.4782435129740519,
      "acc_stderr": 0.007058021171781046
    },
    "xnli-mt_nllb-200-distilled-600M_bg": {
      "acc": 0.486626746506986,
      "acc_stderr": 0.007062185015648645
    },
    "xnli-mt_nllb-200-distilled-600M_de": {
      "acc": 0.4936127744510978,
      "acc_stderr": 0.007064135972593047
    },
    "xnli-mt_nllb-200-distilled-600M_el": {
      "acc": 0.48902195608782434,
      "acc_stderr": 0.007063009381816134
    },
    "xnli-mt_nllb-200-distilled-600M_es": {
      "acc": 0.49820359281437127,
      "acc_stderr": 0.007064666832401386
    },
    "xnli-mt_nllb-200-distilled-600M_fr": {
      "acc": 0.49261477045908186,
      "acc_stderr": 0.007063941745622643
    },
    "xnli-mt_nllb-200-distilled-600M_hi": {
      "acc": 0.47005988023952094,
      "acc_stderr": 0.0070520352865477
    },
    "xnli-mt_nllb-200-distilled-600M_ru": {
      "acc": 0.47724550898203594,
      "acc_stderr": 0.007057392889571969
    },
    "xnli-mt_nllb-200-distilled-600M_sw": {
      "acc": 0.4664670658682635,
      "acc_stderr": 0.0070488065835324545
    },
    "xnli-mt_nllb-200-distilled-600M_th": {
      "acc": 0.47325349301397207,
      "acc_stderr": 0.0070545973417504
    },
    "xnli-mt_nllb-200-distilled-600M_tr": {
      "acc": 0.4818363273453094,
      "acc_stderr": 0.007060049324579864
    },
    "xnli-mt_nllb-200-distilled-600M_ur": {
      "acc": 0.455688622754491,
      "acc_stderr": 0.007036914641199082
    },
    "xnli-mt_nllb-200-distilled-600M_vi": {
      "acc": 0.49261477045908186,
      "acc_stderr": 0.007063941745622643
    },
    "xnli-mt_nllb-200-distilled-600M_zh": {
      "acc": 0.4720558882235529,
      "acc_stderr": 0.007053670508441111
    }
  },
  "versions": {
    "xnli-mt_nllb-200-1.3B_ar": 0,
    "xnli-mt_nllb-200-1.3B_bg": 0,
    "xnli-mt_nllb-200-1.3B_de": 0,
    "xnli-mt_nllb-200-1.3B_el": 0,
    "xnli-mt_nllb-200-1.3B_es": 0,
    "xnli-mt_nllb-200-1.3B_fr": 0,
    "xnli-mt_nllb-200-1.3B_hi": 0,
    "xnli-mt_nllb-200-1.3B_ru": 0,
    "xnli-mt_nllb-200-1.3B_sw": 0,
    "xnli-mt_nllb-200-1.3B_th": 0,
    "xnli-mt_nllb-200-1.3B_tr": 0,
    "xnli-mt_nllb-200-1.3B_ur": 0,
    "xnli-mt_nllb-200-1.3B_vi": 0,
    "xnli-mt_nllb-200-1.3B_zh": 0,
    "xnli-mt_nllb-200-distilled-1.3B_ar": 0,
    "xnli-mt_nllb-200-distilled-1.3B_bg": 0,
    "xnli-mt_nllb-200-distilled-1.3B_de": 0,
    "xnli-mt_nllb-200-distilled-1.3B_el": 0,
    "xnli-mt_nllb-200-distilled-1.3B_es": 0,
    "xnli-mt_nllb-200-distilled-1.3B_fr": 0,
    "xnli-mt_nllb-200-distilled-1.3B_hi": 0,
    "xnli-mt_nllb-200-distilled-1.3B_ru": 0,
    "xnli-mt_nllb-200-distilled-1.3B_sw": 0,
    "xnli-mt_nllb-200-distilled-1.3B_th": 0,
    "xnli-mt_nllb-200-distilled-1.3B_tr": 0,
    "xnli-mt_nllb-200-distilled-1.3B_ur": 0,
    "xnli-mt_nllb-200-distilled-1.3B_vi": 0,
    "xnli-mt_nllb-200-distilled-1.3B_zh": 0,
    "xnli-mt_nllb-200-distilled-600M_ar": 0,
    "xnli-mt_nllb-200-distilled-600M_bg": 0,
    "xnli-mt_nllb-200-distilled-600M_de": 0,
    "xnli-mt_nllb-200-distilled-600M_el": 0,
    "xnli-mt_nllb-200-distilled-600M_es": 0,
    "xnli-mt_nllb-200-distilled-600M_fr": 0,
    "xnli-mt_nllb-200-distilled-600M_hi": 0,
    "xnli-mt_nllb-200-distilled-600M_ru": 0,
    "xnli-mt_nllb-200-distilled-600M_sw": 0,
    "xnli-mt_nllb-200-distilled-600M_th": 0,
    "xnli-mt_nllb-200-distilled-600M_tr": 0,
    "xnli-mt_nllb-200-distilled-600M_ur": 0,
    "xnli-mt_nllb-200-distilled-600M_vi": 0,
    "xnli-mt_nllb-200-distilled-600M_zh": 0
  },
  "config": {
    "model": "hf-causal-experimental",
    "model_args": "pretrained=bigscience/bloom-1b7",
    "num_fewshot": 0,
    "batch_size": "auto",
    "device": "cuda",
    "no_cache": true,
    "limit": null,
    "bootstrap_iters": 100000,
    "description_dict": {}
  }
}