lang	acc	ppl_cor	ppl_inc
en	66.0	26.63	28.55
ru	54.9	394.03	406.96
zh	62.3	61.65	66.15
es	60.0	32.77	34.22
ar	55.2	1.3534281979891855e+20	1.7565681673534282e+24
hi	54.6	inf	inf
id	50.6	inf	inf
te	52.5	45272.2	341984.24
sw	53.4	274793.9	263579.15
eu	47.1	14441.26	13930.44
my	52.2	5.09	5.11
avg	55.3	inf	inf
