{
  "results": {
    "xstory_cloze-mt_polylm-1.7b_ar": {
      "acc": 0.5294506949040371,
      "acc_stderr": 0.012844785490017007
    },
    "xstory_cloze-mt_polylm-1.7b_es": {
      "acc": 0.5473196558570483,
      "acc_stderr": 0.01280937286618194
    },
    "xstory_cloze-mt_polylm-1.7b_eu": {
      "acc": 0.5162144275314361,
      "acc_stderr": 0.012860357805055856
    },
    "xstory_cloze-mt_polylm-1.7b_hi": {
      "acc": 0.49702183984116477,
      "acc_stderr": 0.012866897066011228
    },
    "xstory_cloze-mt_polylm-1.7b_id": {
      "acc": 0.5499669093315684,
      "acc_stderr": 0.012802713598219823
    },
    "xstory_cloze-mt_polylm-1.7b_my": {
      "acc": 0.5115817339510258,
      "acc_stderr": 0.012863672949335887
    },
    "xstory_cloze-mt_polylm-1.7b_ru": {
      "acc": 0.5499669093315684,
      "acc_stderr": 0.012802713598219833
    },
    "xstory_cloze-mt_polylm-1.7b_sw": {
      "acc": 0.5069490403706155,
      "acc_stderr": 0.012865882570960717
    },
    "xstory_cloze-mt_polylm-1.7b_te": {
      "acc": 0.514890800794176,
      "acc_stderr": 0.012861417842074006
    },
    "xstory_cloze-mt_polylm-1.7b_zh": {
      "acc": 0.5373924553275976,
      "acc_stderr": 0.012831093347016561
    }
  },
  "versions": {
    "xstory_cloze-mt_polylm-1.7b_ar": 0,
    "xstory_cloze-mt_polylm-1.7b_es": 0,
    "xstory_cloze-mt_polylm-1.7b_eu": 0,
    "xstory_cloze-mt_polylm-1.7b_hi": 0,
    "xstory_cloze-mt_polylm-1.7b_id": 0,
    "xstory_cloze-mt_polylm-1.7b_my": 0,
    "xstory_cloze-mt_polylm-1.7b_ru": 0,
    "xstory_cloze-mt_polylm-1.7b_sw": 0,
    "xstory_cloze-mt_polylm-1.7b_te": 0,
    "xstory_cloze-mt_polylm-1.7b_zh": 0
  },
  "config": {
    "model": "hf-causal-experimental",
    "model_args": "pretrained=DAMO-NLP-MT/polylm-1.7b",
    "num_fewshot": 0,
    "batch_size": "auto",
    "batch_sizes": [
      128
    ],
    "device": "cuda",
    "no_cache": true,
    "limit": null,
    "bootstrap_iters": 100000,
    "description_dict": {}
  }
}