{
  "results": {
    "pawsx_zh": {
      "acc": 0.452,
      "acc_stderr": 0.011131484850525779,
      "precision": 0.49951855742296924,
      "recall": 0.49991099999595456,
      "f1": 0.34823899647834977
    },
    "pawsx_de": {
      "acc": 0.528,
      "acc_stderr": 0.01116558709462154,
      "precision": 0.5163886352331529,
      "recall": 0.5156247630122096,
      "f1": 0.5136106576973174
    },
    "pawsx_ja": {
      "acc": 0.449,
      "acc_stderr": 0.011124809242874427,
      "precision": 0.5134849099536098,
      "recall": 0.5023253314623887,
      "f1": 0.3459094411027658
    },
    "pawsx_en": {
      "acc": 0.52,
      "acc_stderr": 0.011174185930778313,
      "precision": 0.5850727387729285,
      "recall": 0.5503348460837786,
      "f1": 0.48073022312373226
    },
    "pawsx_fr": {
      "acc": 0.4795,
      "acc_stderr": 0.011173732641806813,
      "precision": 0.5710342621947828,
      "recall": 0.5206280896959492,
      "f1": 0.39511753517077763
    },
    "pawsx_es": {
      "acc": 0.5325,
      "acc_stderr": 0.011159486640120933,
      "precision": 0.5780367716998664,
      "recall": 0.5572683136447131,
      "f1": 0.5099528060967111
    },
    "pawsx_ko": {
      "acc": 0.519,
      "acc_stderr": 0.011175058879956058,
      "precision": 0.4854553058509866,
      "recall": 0.4898744824016563,
      "f1": 0.45981701160888055
    }
  },
  "versions": {
    "pawsx_zh": 0,
    "pawsx_de": 0,
    "pawsx_ja": 0,
    "pawsx_en": 0,
    "pawsx_fr": 0,
    "pawsx_es": 0,
    "pawsx_ko": 0
  },
  "config": {
    "model": "hf-causal-experimental",
    "model_args": "pretrained=bigscience/bloom-560m",
    "num_fewshot": 0,
    "batch_size": "auto",
    "device": "cuda",
    "no_cache": true,
    "limit": null,
    "bootstrap_iters": 100000,
    "description_dict": {}
  }
}