{
  "results": {
    "xcopa_qu": {
      "acc": 0.47,
      "acc_stderr": 0.050161355804659205
    },
    "xcopa_et": {
      "acc": 0.64,
      "acc_stderr": 0.04824181513244218
    },
    "xcopa_ta": {
      "acc": 0.53,
      "acc_stderr": 0.05016135580465919
    },
    "xcopa_id": {
      "acc": 0.5,
      "acc_stderr": 0.050251890762960605
    },
    "xcopa_it": {
      "acc": 0.62,
      "acc_stderr": 0.04878317312145632
    },
    "xcopa_ht": {
      "acc": 0.59,
      "acc_stderr": 0.04943110704237101
    },
    "xcopa_tr": {
      "acc": 0.56,
      "acc_stderr": 0.04988876515698589
    },
    "xcopa_zh": {
      "acc": 0.61,
      "acc_stderr": 0.04902071300001975
    },
    "xcopa_vi": {
      "acc": 0.63,
      "acc_stderr": 0.04852365870939099
    },
    "xcopa_sw": {
      "acc": 0.52,
      "acc_stderr": 0.050211673156867795
    },
    "xcopa_th": {
      "acc": 0.55,
      "acc_stderr": 0.049999999999999996
    }
  },
  "versions": {
    "xcopa_qu": 0,
    "xcopa_et": 0,
    "xcopa_ta": 0,
    "xcopa_id": 0,
    "xcopa_it": 0,
    "xcopa_ht": 0,
    "xcopa_tr": 0,
    "xcopa_zh": 0,
    "xcopa_vi": 0,
    "xcopa_sw": 0,
    "xcopa_th": 0
  },
  "config": {
    "model": "hf-causal-experimental",
    "model_args": "pretrained=bigscience/bloom-560m",
    "num_fewshot": 0,
    "batch_size": "auto",
    "device": "cuda",
    "no_cache": true,
    "limit": null,
    "bootstrap_iters": 100000,
    "description_dict": {}
  }
}