{
  "results": {
    "pawsx_es": {
      "acc": 0.515,
      "acc_stderr": 0.011178102477052804,
      "precision": 0.5692723068748115,
      "recall": 0.5437902418013397,
      "f1": 0.48012635609307985
    },
    "pawsx_zh": {
      "acc": 0.4895,
      "acc_stderr": 0.011180669867648657,
      "precision": 0.5529052513785337,
      "recall": 0.5270630807755946,
      "f1": 0.43956388079781733
    },
    "pawsx_fr": {
      "acc": 0.4615,
      "acc_stderr": 0.011149934327957058,
      "precision": 0.5510138838143953,
      "recall": 0.506765658076845,
      "f1": 0.34782115039625766
    },
    "pawsx_ko": {
      "acc": 0.499,
      "acc_stderr": 0.01118311365477017,
      "precision": 0.4985839093701997,
      "recall": 0.49856851708074534,
      "f1": 0.49742392141756553
    },
    "pawsx_de": {
      "acc": 0.4695,
      "acc_stderr": 0.011162310405413175,
      "precision": 0.6125092194613291,
      "recall": 0.5178922621906519,
      "f1": 0.3644862835954503
    },
    "pawsx_ja": {
      "acc": 0.484,
      "acc_stderr": 0.011177408788874897,
      "precision": 0.4864905209732796,
      "recall": 0.4863283487662613,
      "f1": 0.48329262760719427
    },
    "pawsx_en": {
      "acc": 0.5245,
      "acc_stderr": 0.011169702598013186,
      "precision": 0.5707265248613762,
      "recall": 0.5502304431023926,
      "f1": 0.49902531186464527
    }
  },
  "versions": {
    "pawsx_es": 0,
    "pawsx_zh": 0,
    "pawsx_fr": 0,
    "pawsx_ko": 0,
    "pawsx_de": 0,
    "pawsx_ja": 0,
    "pawsx_en": 0
  },
  "config": {
    "model": "hf-causal-experimental",
    "model_args": "pretrained=bigscience/bloom-1b1",
    "num_fewshot": 0,
    "batch_size": "auto",
    "device": "cuda",
    "no_cache": true,
    "limit": null,
    "bootstrap_iters": 100000,
    "description_dict": {}
  }
}