{
  "results": {
    "pawsx_zh": {
      "acc": 0.4735,
      "acc_stderr": 0.011167418260963935,
      "precision": 0.5674512960525601,
      "recall": 0.5188143985824727,
      "f1": 0.3886748089608778
    },
    "pawsx_de": {
      "acc": 0.5285,
      "acc_stderr": 0.011164954236428803,
      "precision": 0.5234848484848484,
      "recall": 0.5235091888065927,
      "f1": 0.5234937057459939
    },
    "pawsx_en": {
      "acc": 0.613,
      "acc_stderr": 0.010893798117218195,
      "precision": 0.6492349476071057,
      "recall": 0.6309188168469089,
      "f1": 0.6059239708200448
    },
    "pawsx_ko": {
      "acc": 0.451,
      "acc_stderr": 0.01112930504188632,
      "precision": 0.6621485943775101,
      "recall": 0.5026122541407868,
      "f1": 0.31619801112018975
    },
    "pawsx_fr": {
      "acc": 0.509,
      "acc_stderr": 0.011181324206260283,
      "precision": 0.6239244832922174,
      "recall": 0.5476175333714923,
      "f1": 0.44266295865376426
    },
    "pawsx_es": {
      "acc": 0.5935,
      "acc_stderr": 0.010985864536294245,
      "precision": 0.6180769230769231,
      "recall": 0.6083874429944591,
      "f1": 0.5890983184619439
    },
    "pawsx_ja": {
      "acc": 0.4545,
      "acc_stderr": 0.01113673598700373,
      "precision": 0.5521567181260968,
      "recall": 0.5083168493507626,
      "f1": 0.3502856569454672
    }
  },
  "versions": {
    "pawsx_zh": 0,
    "pawsx_de": 0,
    "pawsx_en": 0,
    "pawsx_ko": 0,
    "pawsx_fr": 0,
    "pawsx_es": 0,
    "pawsx_ja": 0
  },
  "config": {
    "model": "hf-causal-experimental",
    "model_args": "pretrained=bigscience/bloom-7b1",
    "num_fewshot": 0,
    "batch_size": "auto",
    "device": "cuda",
    "no_cache": true,
    "limit": null,
    "bootstrap_iters": 100000,
    "description_dict": {}
  }
}