{
  "results": {
    "pawsx_es": {
      "acc": 0.564,
      "acc_stderr": 0.011091145421162657,
      "precision": 0.6100053971660391,
      "recall": 0.5865571326402051,
      "f1": 0.5480254100943756
    },
    "pawsx_ja": {
      "acc": 0.446,
      "acc_stderr": 0.011117724672834362,
      "precision": 0.5078754470362448,
      "recall": 0.5009444282787072,
      "f1": 0.33339670476573224
    },
    "pawsx_ko": {
      "acc": 0.463,
      "acc_stderr": 0.011152474561478177,
      "precision": 0.5090909090909091,
      "recall": 0.5035989259834368,
      "f1": 0.39373823039302025
    },
    "pawsx_zh": {
      "acc": 0.471,
      "acc_stderr": 0.011164310140373722,
      "precision": 0.5589428521393964,
      "recall": 0.5163395916517997,
      "f1": 0.3855060746615928
    },
    "pawsx_en": {
      "acc": 0.568,
      "acc_stderr": 0.011079231683079107,
      "precision": 0.6131906111470774,
      "recall": 0.5901229735986548,
      "f1": 0.5530314709299738
    },
    "pawsx_de": {
      "acc": 0.546,
      "acc_stderr": 0.0111357084193598,
      "precision": 0.5461579154212388,
      "recall": 0.5466720594554968,
      "f1": 0.5448160665891986
    },
    "pawsx_fr": {
      "acc": 0.476,
      "acc_stderr": 0.011170245619215438,
      "precision": 0.618671323326219,
      "recall": 0.520375210354223,
      "f1": 0.3719669539558291
    }
  },
  "versions": {
    "pawsx_es": 0,
    "pawsx_ja": 0,
    "pawsx_ko": 0,
    "pawsx_zh": 0,
    "pawsx_en": 0,
    "pawsx_de": 0,
    "pawsx_fr": 0
  },
  "config": {
    "model": "hf-causal-experimental",
    "model_args": "pretrained=bigscience/bloom-3b",
    "num_fewshot": 0,
    "batch_size": "auto",
    "device": "cuda",
    "no_cache": true,
    "limit": null,
    "bootstrap_iters": 100000,
    "description_dict": {}
  }
}