{
  "results": {
    "pawsx_ja": {
      "acc": 0.447,
      "acc_stderr": 0.011120131683767737,
      "precision": 0.48582434664021024,
      "recall": 0.4955526198126149,
      "f1": 0.36622615755411436
    },
    "pawsx_es": {
      "acc": 0.513,
      "acc_stderr": 0.011179355482070377,
      "precision": 0.5968981108341195,
      "recall": 0.5469324184874984,
      "f1": 0.45973170742530545
    },
    "pawsx_fr": {
      "acc": 0.462,
      "acc_stderr": 0.01115079235234166,
      "precision": 0.5637602617539884,
      "recall": 0.5076131319585985,
      "f1": 0.34610256466352846
    },
    "pawsx_de": {
      "acc": 0.4875,
      "acc_stderr": 0.011179640744835734,
      "precision": 0.5789714366117912,
      "recall": 0.5295103516266843,
      "f1": 0.41848574254690196
    },
    "pawsx_ko": {
      "acc": 0.458,
      "acc_stderr": 0.011143612073516636,
      "precision": 0.5263095774587437,
      "recall": 0.5049576216356108,
      "f1": 0.3553750658599737
    },
    "pawsx_zh": {
      "acc": 0.454,
      "acc_stderr": 0.0111357084193598,
      "precision": 0.5542387060791969,
      "recall": 0.5047210456691384,
      "f1": 0.3336384439359268
    },
    "pawsx_en": {
      "acc": 0.489,
      "acc_stderr": 0.011180429374603775,
      "precision": 0.589327783504988,
      "recall": 0.5278826571012688,
      "f1": 0.40845458470849316
    }
  },
  "versions": {
    "pawsx_ja": 0,
    "pawsx_es": 0,
    "pawsx_fr": 0,
    "pawsx_de": 0,
    "pawsx_ko": 0,
    "pawsx_zh": 0,
    "pawsx_en": 0
  },
  "config": {
    "model": "hf-causal-experimental",
    "model_args": "pretrained=bigscience/bloom-1b7",
    "num_fewshot": 0,
    "batch_size": "auto",
    "device": "cuda",
    "no_cache": true,
    "limit": null,
    "bootstrap_iters": 100000,
    "description_dict": {}
  }
}