{
  "results": {
    "pawsx_fr": {
      "acc": 0.545,
      "acc_stderr": 0.011137752231145222,
      "precision": 0.48118128960768936,
      "recall": 0.4984741432134958,
      "f1": 0.3691210400212974
    },
    "pawsx_en": {
      "acc": 0.537,
      "acc_stderr": 0.011152474561478174,
      "precision": 0.5128259858792539,
      "recall": 0.5078191276349143,
      "f1": 0.4676196619672316
    },
    "pawsx_ko": {
      "acc": 0.4705,
      "acc_stderr": 0.011163654804511664,
      "precision": 0.5668261368556907,
      "recall": 0.5160698110766045,
      "f1": 0.37863763220452507
    },
    "pawsx_ja": {
      "acc": 0.45,
      "acc_stderr": 0.011127079848413735,
      "precision": 0.5759658362280407,
      "recall": 0.5061861826543554,
      "f1": 0.3315174917563953
    },
    "pawsx_es": {
      "acc": 0.521,
      "acc_stderr": 0.011173268141438304,
      "precision": 0.46388377027155997,
      "recall": 0.48511274008903005,
      "f1": 0.41172063730673664
    },
    "pawsx_de": {
      "acc": 0.5295,
      "acc_stderr": 0.011163654804511655,
      "precision": 0.5066683109657799,
      "recall": 0.5053034707651862,
      "f1": 0.48837994503754373
    },
    "pawsx_zh": {
      "acc": 0.452,
      "acc_stderr": 0.01113148485052578,
      "precision": 0.5705712726989323,
      "recall": 0.5036631592574163,
      "f1": 0.3248271409632794
    }
  },
  "versions": {
    "pawsx_fr": 0,
    "pawsx_en": 0,
    "pawsx_ko": 0,
    "pawsx_ja": 0,
    "pawsx_es": 0,
    "pawsx_de": 0,
    "pawsx_zh": 0
  },
  "config": {
    "model": "hf-causal-experimental",
    "model_args": "pretrained=/gaueko1/hizkuntza-ereduak/LLaMA/lm/huggingface/13B",
    "num_fewshot": 0,
    "batch_size": "auto",
    "device": "cuda",
    "no_cache": true,
    "limit": null,
    "bootstrap_iters": 100000,
    "description_dict": {}
  }
}