{
  "results": {
    "pawsx_en": {
      "acc": 0.6185,
      "acc_stderr": 0.010864524561478635,
      "precision": 0.6265249853601405,
      "recall": 0.6255377762265837,
      "f1": 0.6183831298335116
    },
    "pawsx_es": {
      "acc": 0.561,
      "acc_stderr": 0.011099599116647334,
      "precision": 0.550442125203525,
      "recall": 0.5372819515993831,
      "f1": 0.5159734281540285
    },
    "pawsx_zh": {
      "acc": 0.491,
      "acc_stderr": 0.01118132420626029,
      "precision": 0.5481037924151697,
      "recall": 0.5268112512186932,
      "f1": 0.44702523476983647
    },
    "pawsx_fr": {
      "acc": 0.5295,
      "acc_stderr": 0.01116365480451166,
      "precision": 0.5586698598443565,
      "recall": 0.5495603129848747,
      "f1": 0.5181464460996106
    },
    "pawsx_de": {
      "acc": 0.5465,
      "acc_stderr": 0.011134669525078668,
      "precision": 0.561676174241785,
      "recall": 0.5591218180439343,
      "f1": 0.5447782374887418
    },
    "pawsx_ko": {
      "acc": 0.497,
      "acc_stderr": 0.011182934722804558,
      "precision": 0.5107891544651553,
      "recall": 0.5102144798136645,
      "f1": 0.494230405701622
    },
    "pawsx_ja": {
      "acc": 0.567,
      "acc_stderr": 0.011082279027990133,
      "precision": 0.5614439720358384,
      "recall": 0.5615835167609405,
      "f1": 0.5614994490893772
    }
  },
  "versions": {
    "pawsx_en": 0,
    "pawsx_es": 0,
    "pawsx_zh": 0,
    "pawsx_fr": 0,
    "pawsx_de": 0,
    "pawsx_ko": 0,
    "pawsx_ja": 0
  },
  "config": {
    "model": "hf-causal-experimental",
    "model_args": "pretrained=/gaueko1/hizkuntza-ereduak/LLaMA/lm/huggingface/7B",
    "num_fewshot": 0,
    "batch_size": "auto",
    "device": "cuda",
    "no_cache": true,
    "limit": null,
    "bootstrap_iters": 100000,
    "description_dict": {}
  }
}