{
  "results": {
    "pawsx_fr": {
      "acc": 0.4735,
      "acc_stderr": 0.011167418260963935,
      "precision": 0.5319582760989011,
      "recall": 0.512025144585404,
      "f1": 0.4011899430618643
    },
    "pawsx_de": {
      "acc": 0.5755,
      "acc_stderr": 0.011054907529701135,
      "precision": 0.5804778517217486,
      "recall": 0.5808008291412826,
      "f1": 0.575453193714607
    },
    "pawsx_ko": {
      "acc": 0.514,
      "acc_stderr": 0.011178751372184865,
      "precision": 0.5094975490196079,
      "recall": 0.5095270445134575,
      "f1": 0.5094793617983334
    },
    "pawsx_ja": {
      "acc": 0.461,
      "acc_stderr": 0.011149065020234333,
      "precision": 0.525249903401164,
      "recall": 0.5086793110895041,
      "f1": 0.38673062569405253
    },
    "pawsx_en": {
      "acc": 0.5265,
      "acc_stderr": 0.011167418260963933,
      "precision": 0.5732092388380088,
      "recall": 0.5521540806434855,
      "f1": 0.5013688661986274
    },
    "pawsx_es": {
      "acc": 0.538,
      "acc_stderr": 0.011150792352341666,
      "precision": 0.5642889585083014,
      "recall": 0.5558273507566946,
      "f1": 0.5287637698898409
    },
    "pawsx_zh": {
      "acc": 0.481,
      "acc_stderr": 0.011175058879956061,
      "precision": 0.5159729228747741,
      "recall": 0.5110157732279896,
      "f1": 0.4522768503069466
    }
  },
  "versions": {
    "pawsx_fr": 0,
    "pawsx_de": 0,
    "pawsx_ko": 0,
    "pawsx_ja": 0,
    "pawsx_en": 0,
    "pawsx_es": 0,
    "pawsx_zh": 0
  },
  "config": {
    "model": "hf-causal-experimental",
    "model_args": "pretrained=facebook/xglm-1.7B,use_accelerate=True",
    "num_fewshot": 0,
    "batch_size": "auto",
    "device": "cuda",
    "no_cache": true,
    "limit": null,
    "bootstrap_iters": 100000,
    "description_dict": {}
  }
}