{
  "results": {
    "pawsx_en": {
      "acc": 0.5885,
      "acc_stderr": 0.011006563824537298,
      "precision": 0.6244186700012646,
      "recall": 0.607190087063008,
      "f1": 0.5797245433972709
    },
    "pawsx_es": {
      "acc": 0.528,
      "acc_stderr": 0.011165587094621537,
      "precision": 0.6191439621391313,
      "recall": 0.5611251716092485,
      "f1": 0.4799379451378605
    },
    "pawsx_fr": {
      "acc": 0.518,
      "acc_stderr": 0.011175886999478619,
      "precision": 0.576920911905432,
      "recall": 0.5482817832990609,
      "f1": 0.48334206935435986
    },
    "pawsx_zh": {
      "acc": 0.513,
      "acc_stderr": 0.01117935548207038,
      "precision": 0.5052714661955473,
      "recall": 0.5052145911461178,
      "f1": 0.5050164096715931
    },
    "pawsx_ja": {
      "acc": 0.52,
      "acc_stderr": 0.011174185930778312,
      "precision": 0.5268239984853379,
      "recall": 0.5268612030079762,
      "f1": 0.5199956799611196
    },
    "pawsx_de": {
      "acc": 0.559,
      "acc_stderr": 0.011105006104468736,
      "precision": 0.606038967403272,
      "recall": 0.5842362041507622,
      "f1": 0.5444021905886509
    },
    "pawsx_ko": {
      "acc": 0.4595,
      "acc_stderr": 0.011146389370464362,
      "precision": 0.5120290235160416,
      "recall": 0.5034776138716356,
      "f1": 0.37350021834763436
    }
  },
  "versions": {
    "pawsx_en": 0,
    "pawsx_es": 0,
    "pawsx_fr": 0,
    "pawsx_zh": 0,
    "pawsx_ja": 0,
    "pawsx_de": 0,
    "pawsx_ko": 0
  },
  "config": {
    "model": "hf-causal-experimental",
    "model_args": "pretrained=facebook/xglm-7.5B,use_accelerate=True",
    "num_fewshot": 0,
    "batch_size": "auto",
    "device": "cuda",
    "no_cache": true,
    "limit": null,
    "bootstrap_iters": 100000,
    "description_dict": {}
  }
}