{
  "results": {
    "pawsx_zh": {
      "acc": 0.537,
      "acc_stderr": 0.011152474561478182,
      "precision": 0.5378576915690416,
      "recall": 0.5382780926490043,
      "f1": 0.5360605225581803
    },
    "pawsx_de": {
      "acc": 0.5065,
      "acc_stderr": 0.0111821910061423,
      "precision": 0.5790930982134177,
      "recall": 0.5427766121489421,
      "f1": 0.4616957239169899
    },
    "pawsx_en": {
      "acc": 0.5475,
      "acc_stderr": 0.011132557743886095,
      "precision": 0.5828057907005275,
      "recall": 0.5680838572816288,
      "f1": 0.5342770783785946
    },
    "pawsx_es": {
      "acc": 0.5315,
      "acc_stderr": 0.011160921022883278,
      "precision": 0.596389429281353,
      "recall": 0.5605749124174989,
      "f1": 0.4973929606585279
    },
    "pawsx_fr": {
      "acc": 0.497,
      "acc_stderr": 0.011182934722804556,
      "precision": 0.5583969195378541,
      "recall": 0.5308033285180261,
      "f1": 0.4483384898512927
    },
    "pawsx_ja": {
      "acc": 0.5095,
      "acc_stderr": 0.011181117282805214,
      "precision": 0.5304020611267257,
      "recall": 0.5278999220327057,
      "f1": 0.5049853425705794
    },
    "pawsx_ko": {
      "acc": 0.4675,
      "acc_stderr": 0.011159486640120933,
      "precision": 0.5260592188428198,
      "recall": 0.5093572075569358,
      "f1": 0.393404167398806
    }
  },
  "versions": {
    "pawsx_zh": 0,
    "pawsx_de": 0,
    "pawsx_en": 0,
    "pawsx_es": 0,
    "pawsx_fr": 0,
    "pawsx_ja": 0,
    "pawsx_ko": 0
  },
  "config": {
    "model": "hf-causal-experimental",
    "model_args": "pretrained=facebook/xglm-2.9B,use_accelerate=True",
    "num_fewshot": 0,
    "batch_size": "auto",
    "device": "cuda",
    "no_cache": true,
    "limit": null,
    "bootstrap_iters": 100000,
    "description_dict": {}
  }
}