{
  "results": {
    "pawsx-mt_nllb-200-1.3B_de": {
      "acc": 0.5305,
      "acc_stderr": 0.011162310405413179
    },
    "pawsx-mt_nllb-200-1.3B_es": {
      "acc": 0.5355,
      "acc_stderr": 0.011154913314119561
    },
    "pawsx-mt_nllb-200-1.3B_fr": {
      "acc": 0.5365,
      "acc_stderr": 0.011153298751334334
    },
    "pawsx-mt_nllb-200-1.3B_ja": {
      "acc": 0.539,
      "acc_stderr": 0.011149065020234336
    },
    "pawsx-mt_nllb-200-1.3B_ko": {
      "acc": 0.543,
      "acc_stderr": 0.0111417040341408
    },
    "pawsx-mt_nllb-200-1.3B_zh": {
      "acc": 0.5285,
      "acc_stderr": 0.011164954236428807
    },
    "pawsx-mt_nllb-200-3.3B_de": {
      "acc": 0.536,
      "acc_stderr": 0.011154111668060216
    },
    "pawsx-mt_nllb-200-3.3B_es": {
      "acc": 0.547,
      "acc_stderr": 0.011133619300989868
    },
    "pawsx-mt_nllb-200-3.3B_fr": {
      "acc": 0.5365,
      "acc_stderr": 0.011153298751334334
    },
    "pawsx-mt_nllb-200-3.3B_ja": {
      "acc": 0.5585,
      "acc_stderr": 0.011106329288974696
    },
    "pawsx-mt_nllb-200-3.3B_ko": {
      "acc": 0.545,
      "acc_stderr": 0.011137752231145222
    },
    "pawsx-mt_nllb-200-3.3B_zh": {
      "acc": 0.539,
      "acc_stderr": 0.011149065020234333
    },
    "pawsx-mt_nllb-200-distilled-1.3B_de": {
      "acc": 0.529,
      "acc_stderr": 0.011164310140373722
    },
    "pawsx-mt_nllb-200-distilled-1.3B_es": {
      "acc": 0.5335,
      "acc_stderr": 0.011158007239770807
    },
    "pawsx-mt_nllb-200-distilled-1.3B_fr": {
      "acc": 0.538,
      "acc_stderr": 0.011150792352341666
    },
    "pawsx-mt_nllb-200-distilled-1.3B_ja": {
      "acc": 0.544,
      "acc_stderr": 0.011139750761283311
    },
    "pawsx-mt_nllb-200-distilled-1.3B_ko": {
      "acc": 0.5365,
      "acc_stderr": 0.01115329875133433
    },
    "pawsx-mt_nllb-200-distilled-1.3B_zh": {
      "acc": 0.5445,
      "acc_stderr": 0.011138757154883975
    },
    "pawsx-mt_nllb-200-distilled-600M_de": {
      "acc": 0.5275,
      "acc_stderr": 0.01116620871686354
    },
    "pawsx-mt_nllb-200-distilled-600M_es": {
      "acc": 0.5345,
      "acc_stderr": 0.011156482803925168
    },
    "pawsx-mt_nllb-200-distilled-600M_fr": {
      "acc": 0.53,
      "acc_stderr": 0.011162988226862477
    },
    "pawsx-mt_nllb-200-distilled-600M_ja": {
      "acc": 0.543,
      "acc_stderr": 0.0111417040341408
    },
    "pawsx-mt_nllb-200-distilled-600M_ko": {
      "acc": 0.5325,
      "acc_stderr": 0.011159486640120933
    },
    "pawsx-mt_nllb-200-distilled-600M_zh": {
      "acc": 0.54,
      "acc_stderr": 0.011147292544180011
    }
  },
  "versions": {
    "pawsx-mt_nllb-200-1.3B_de": 0,
    "pawsx-mt_nllb-200-1.3B_es": 0,
    "pawsx-mt_nllb-200-1.3B_fr": 0,
    "pawsx-mt_nllb-200-1.3B_ja": 0,
    "pawsx-mt_nllb-200-1.3B_ko": 0,
    "pawsx-mt_nllb-200-1.3B_zh": 0,
    "pawsx-mt_nllb-200-3.3B_de": 0,
    "pawsx-mt_nllb-200-3.3B_es": 0,
    "pawsx-mt_nllb-200-3.3B_fr": 0,
    "pawsx-mt_nllb-200-3.3B_ja": 0,
    "pawsx-mt_nllb-200-3.3B_ko": 0,
    "pawsx-mt_nllb-200-3.3B_zh": 0,
    "pawsx-mt_nllb-200-distilled-1.3B_de": 0,
    "pawsx-mt_nllb-200-distilled-1.3B_es": 0,
    "pawsx-mt_nllb-200-distilled-1.3B_fr": 0,
    "pawsx-mt_nllb-200-distilled-1.3B_ja": 0,
    "pawsx-mt_nllb-200-distilled-1.3B_ko": 0,
    "pawsx-mt_nllb-200-distilled-1.3B_zh": 0,
    "pawsx-mt_nllb-200-distilled-600M_de": 0,
    "pawsx-mt_nllb-200-distilled-600M_es": 0,
    "pawsx-mt_nllb-200-distilled-600M_fr": 0,
    "pawsx-mt_nllb-200-distilled-600M_ja": 0,
    "pawsx-mt_nllb-200-distilled-600M_ko": 0,
    "pawsx-mt_nllb-200-distilled-600M_zh": 0
  },
  "config": {
    "model": "hf-causal-experimental",
    "model_args": "pretrained=/gaueko1/hizkuntza-ereduak/LLaMA/lm/huggingface/13B",
    "num_fewshot": 0,
    "batch_size": "auto",
    "device": "cuda",
    "no_cache": true,
    "limit": null,
    "bootstrap_iters": 100000,
    "description_dict": {}
  }
}