{
  "results": {
    "xcopa-mt_nllb-200-1.3B_et": {
      "acc": 0.738,
      "acc_stderr": 0.019684688820194723
    },
    "xcopa-mt_nllb-200-1.3B_ht": {
      "acc": 0.7,
      "acc_stderr": 0.020514426225628057
    },
    "xcopa-mt_nllb-200-1.3B_id": {
      "acc": 0.744,
      "acc_stderr": 0.01953692357474761
    },
    "xcopa-mt_nllb-200-1.3B_it": {
      "acc": 0.772,
      "acc_stderr": 0.018781306529363197
    },
    "xcopa-mt_nllb-200-1.3B_qu": {
      "acc": 0.49,
      "acc_stderr": 0.02237859698923078
    },
    "xcopa-mt_nllb-200-1.3B_sw": {
      "acc": 0.708,
      "acc_stderr": 0.02035437548053007
    },
    "xcopa-mt_nllb-200-1.3B_ta": {
      "acc": 0.722,
      "acc_stderr": 0.020055833888070897
    },
    "xcopa-mt_nllb-200-1.3B_th": {
      "acc": 0.608,
      "acc_stderr": 0.02185468495561126
    },
    "xcopa-mt_nllb-200-1.3B_tr": {
      "acc": 0.748,
      "acc_stderr": 0.019435727282249557
    },
    "xcopa-mt_nllb-200-1.3B_vi": {
      "acc": 0.756,
      "acc_stderr": 0.019226734893614584
    },
    "xcopa-mt_nllb-200-1.3B_zh": {
      "acc": 0.736,
      "acc_stderr": 0.019732885585922105
    },
    "xcopa-mt_nllb-200-3.3B_et": {
      "acc": 0.75,
      "acc_stderr": 0.019384310743640384
    },
    "xcopa-mt_nllb-200-3.3B_ht": {
      "acc": 0.708,
      "acc_stderr": 0.020354375480530068
    },
    "xcopa-mt_nllb-200-3.3B_id": {
      "acc": 0.738,
      "acc_stderr": 0.01968468882019472
    },
    "xcopa-mt_nllb-200-3.3B_it": {
      "acc": 0.788,
      "acc_stderr": 0.018297037004013878
    },
    "xcopa-mt_nllb-200-3.3B_qu": {
      "acc": 0.524,
      "acc_stderr": 0.022357273881016403
    },
    "xcopa-mt_nllb-200-3.3B_sw": {
      "acc": 0.718,
      "acc_stderr": 0.020143572847290785
    },
    "xcopa-mt_nllb-200-3.3B_ta": {
      "acc": 0.714,
      "acc_stderr": 0.02022934632917752
    },
    "xcopa-mt_nllb-200-3.3B_th": {
      "acc": 0.668,
      "acc_stderr": 0.02108176657122285
    },
    "xcopa-mt_nllb-200-3.3B_tr": {
      "acc": 0.746,
      "acc_stderr": 0.019486596801643382
    },
    "xcopa-mt_nllb-200-3.3B_vi": {
      "acc": 0.76,
      "acc_stderr": 0.01911886665375976
    },
    "xcopa-mt_nllb-200-3.3B_zh": {
      "acc": 0.77,
      "acc_stderr": 0.018839050391123154
    },
    "xcopa-mt_nllb-200-distilled-1.3B_et": {
      "acc": 0.766,
      "acc_stderr": 0.018952741564893683
    },
    "xcopa-mt_nllb-200-distilled-1.3B_ht": {
      "acc": 0.708,
      "acc_stderr": 0.02035437548053007
    },
    "xcopa-mt_nllb-200-distilled-1.3B_id": {
      "acc": 0.722,
      "acc_stderr": 0.020055833888070897
    },
    "xcopa-mt_nllb-200-distilled-1.3B_it": {
      "acc": 0.788,
      "acc_stderr": 0.018297037004013885
    },
    "xcopa-mt_nllb-200-distilled-1.3B_qu": {
      "acc": 0.568,
      "acc_stderr": 0.02217510926561317
    },
    "xcopa-mt_nllb-200-distilled-1.3B_sw": {
      "acc": 0.698,
      "acc_stderr": 0.02055326917420919
    },
    "xcopa-mt_nllb-200-distilled-1.3B_ta": {
      "acc": 0.73,
      "acc_stderr": 0.019874354831287484
    },
    "xcopa-mt_nllb-200-distilled-1.3B_th": {
      "acc": 0.658,
      "acc_stderr": 0.02123614719989926
    },
    "xcopa-mt_nllb-200-distilled-1.3B_tr": {
      "acc": 0.728,
      "acc_stderr": 0.019920483209566072
    },
    "xcopa-mt_nllb-200-distilled-1.3B_vi": {
      "acc": 0.744,
      "acc_stderr": 0.019536923574747605
    },
    "xcopa-mt_nllb-200-distilled-1.3B_zh": {
      "acc": 0.756,
      "acc_stderr": 0.0192267348936146
    },
    "xcopa-mt_nllb-200-distilled-600M_et": {
      "acc": 0.696,
      "acc_stderr": 0.02059164957122493
    },
    "xcopa-mt_nllb-200-distilled-600M_ht": {
      "acc": 0.656,
      "acc_stderr": 0.02126575803797874
    },
    "xcopa-mt_nllb-200-distilled-600M_id": {
      "acc": 0.732,
      "acc_stderr": 0.019827714859587564
    },
    "xcopa-mt_nllb-200-distilled-600M_it": {
      "acc": 0.736,
      "acc_stderr": 0.019732885585922105
    },
    "xcopa-mt_nllb-200-distilled-600M_qu": {
      "acc": 0.566,
      "acc_stderr": 0.022187215803029008
    },
    "xcopa-mt_nllb-200-distilled-600M_sw": {
      "acc": 0.642,
      "acc_stderr": 0.021461434862859126
    },
    "xcopa-mt_nllb-200-distilled-600M_ta": {
      "acc": 0.686,
      "acc_stderr": 0.020776701920308997
    },
    "xcopa-mt_nllb-200-distilled-600M_th": {
      "acc": 0.63,
      "acc_stderr": 0.021613289165165785
    },
    "xcopa-mt_nllb-200-distilled-600M_tr": {
      "acc": 0.702,
      "acc_stderr": 0.020475118092988978
    },
    "xcopa-mt_nllb-200-distilled-600M_vi": {
      "acc": 0.702,
      "acc_stderr": 0.020475118092988964
    },
    "xcopa-mt_nllb-200-distilled-600M_zh": {
      "acc": 0.704,
      "acc_stderr": 0.020435342091896142
    }
  },
  "versions": {
    "xcopa-mt_nllb-200-1.3B_et": 0,
    "xcopa-mt_nllb-200-1.3B_ht": 0,
    "xcopa-mt_nllb-200-1.3B_id": 0,
    "xcopa-mt_nllb-200-1.3B_it": 0,
    "xcopa-mt_nllb-200-1.3B_qu": 0,
    "xcopa-mt_nllb-200-1.3B_sw": 0,
    "xcopa-mt_nllb-200-1.3B_ta": 0,
    "xcopa-mt_nllb-200-1.3B_th": 0,
    "xcopa-mt_nllb-200-1.3B_tr": 0,
    "xcopa-mt_nllb-200-1.3B_vi": 0,
    "xcopa-mt_nllb-200-1.3B_zh": 0,
    "xcopa-mt_nllb-200-3.3B_et": 0,
    "xcopa-mt_nllb-200-3.3B_ht": 0,
    "xcopa-mt_nllb-200-3.3B_id": 0,
    "xcopa-mt_nllb-200-3.3B_it": 0,
    "xcopa-mt_nllb-200-3.3B_qu": 0,
    "xcopa-mt_nllb-200-3.3B_sw": 0,
    "xcopa-mt_nllb-200-3.3B_ta": 0,
    "xcopa-mt_nllb-200-3.3B_th": 0,
    "xcopa-mt_nllb-200-3.3B_tr": 0,
    "xcopa-mt_nllb-200-3.3B_vi": 0,
    "xcopa-mt_nllb-200-3.3B_zh": 0,
    "xcopa-mt_nllb-200-distilled-1.3B_et": 0,
    "xcopa-mt_nllb-200-distilled-1.3B_ht": 0,
    "xcopa-mt_nllb-200-distilled-1.3B_id": 0,
    "xcopa-mt_nllb-200-distilled-1.3B_it": 0,
    "xcopa-mt_nllb-200-distilled-1.3B_qu": 0,
    "xcopa-mt_nllb-200-distilled-1.3B_sw": 0,
    "xcopa-mt_nllb-200-distilled-1.3B_ta": 0,
    "xcopa-mt_nllb-200-distilled-1.3B_th": 0,
    "xcopa-mt_nllb-200-distilled-1.3B_tr": 0,
    "xcopa-mt_nllb-200-distilled-1.3B_vi": 0,
    "xcopa-mt_nllb-200-distilled-1.3B_zh": 0,
    "xcopa-mt_nllb-200-distilled-600M_et": 0,
    "xcopa-mt_nllb-200-distilled-600M_ht": 0,
    "xcopa-mt_nllb-200-distilled-600M_id": 0,
    "xcopa-mt_nllb-200-distilled-600M_it": 0,
    "xcopa-mt_nllb-200-distilled-600M_qu": 0,
    "xcopa-mt_nllb-200-distilled-600M_sw": 0,
    "xcopa-mt_nllb-200-distilled-600M_ta": 0,
    "xcopa-mt_nllb-200-distilled-600M_th": 0,
    "xcopa-mt_nllb-200-distilled-600M_tr": 0,
    "xcopa-mt_nllb-200-distilled-600M_vi": 0,
    "xcopa-mt_nllb-200-distilled-600M_zh": 0
  },
  "config": {
    "model": "hf-causal-experimental",
    "model_args": "pretrained=/gaueko1/hizkuntza-ereduak/LLaMA/lm/huggingface/65B,use_accelerate=True",
    "num_fewshot": 0,
    "batch_size": "auto",
    "device": "cuda",
    "no_cache": true,
    "limit": null,
    "bootstrap_iters": 100000,
    "description_dict": {}
  }
}